record,source,id,institutio,collection,ownerInsti,collecti_1,basisOfRec,occurrence,catalogNum,otherCatal,kingdom,phylum,class,order_,family,acceptedFamily,scientific,acceptedName,taxonID,scientif_1,genus,acceptedGenus,specificEp,taxonRank,infraspeci,identified,recordedBy,recordNumb,eventDate,year,month,day,startDayOf,endDayOfYe,verbatimEv,occurren_1,habitat,fieldNumbe,informatio,dataGenera,dynamicPro,associated,reproducti,establishm,lifeStage,sex,individual,samplingPr,samplingEf,preparatio,country,stateProvi,county,municipali,island,locality,IslandName_fromArcMap,locationRe,decimalLat,decimalLon,geodeticDa,coordinate,verbatimCo,georeferen,georefer_1,georefer_2,georefer_3,georefer_4,minimumEle,maximumEle,minimumDep,maximumDep,verbatimDe,verbatimEl,dispositio,language,recordEnte,modified,rights,rightsHold,accessRigh,recordId,references
occurrence,Cal-IBIS,1565416,CAS,ENT, ,b81c83d7-8ea1-475b-8c94-327913979a87,PreservedSpecimen,7d569656-4c7e-407a-b1fd-646ce9fffa2f,9054247, ,Animalia,Arthropoda,Arachnida,Araneae,Amaurobiidae,Amaurobiidae,Callobius,,23814,"Chamberlin, 1947",Callobius,Callobius, , , , ,E. P. Van Duzee, ,5/10/19,2019,5,10,130,0,DMY: 10-5-1919, , , , , , , , , ,juvenile, ,1, , ,75% ethanol,United States,California,Santa Barbara, ,Santa Cruz,"Channel Islands National Park, Santa Cruz Island", , ,0,0, ,0,",", , , , , ,0, , , , , , , ,Norman D. Penny,5/14/15 0:00,http://creativecommons.org/publicdomain/zero/1.0/, , ,urn:uuid:7d6a3953-2027-45cd-ac26-01f2b860a519,http://www.cal-ibis.org:80/collections/individual/index.php?occid=1565416
occurrence,Cal-IBIS,1565417,CAS,ENT, ,b81c83d7-8ea1-475b-8c94-327913979a87,PreservedSpecimen,234a454e-41ac-48bf-9f5e-57ea642160c7,9051057, ,Animalia,Arthropoda,Arachnida,Araneae,Araneidae,Araneidae,Araneus andrewsi,Araneus andrewsi,101161,"(Archer, 1951)",Araneus,Araneus,andrewsi, , , ,Elbert L. Sleeper, ,5/20/67,1967,5,20,140,0,DMY: 20-5-1967, , , , , , , , , ,adult,2 females,2, , ,75% ethanol,United States,California,Santa Barbara, ,Santa Cruz,"Channel Islands National Park, Santa Cruz Island, CaÃ‚<U+0089>Ãƒ<U+009B>Ãƒ'ada de los Savees", , ,0,0, ,0,",", , , , , ,0, , , , , , , ,Norman D. Penny,6/19/15 0:00,http://creativecommons.org/publicdomain/zero/1.0/, , ,urn:uuid:f2795942-30bf-45e7-b914-2aef95ac0145,http://www.cal-ibis.org:80/collections/individual/index.php?occid=1565417
occurrence,Cal-IBIS,2077802,GBIF,ARTH, ,8057914d-70e4-4cc3-842d-dbbdebde837d,HUMAN_OBSERVATION,SRLI:Spiders_2018:185, , ,Animalia,Arthropoda,Arachnida,Araneae,Araneidae,Araneidae,Metepeira ventura,Metepeira ventura,272884,"Chamberlin & Ivie, 1942",Metepeira,Metepeira,ventura, , , , , , ,0,0,0,0,0, , , , , , , , , , , , ,0, , , , , , , ,San Clemente, ,San Clemente, ,32.89,-118.5, ,0, , , , , , ,0, , , , , , , , ,1/22/21 0:00,http://creativecommons.org/publicdomain/zero/1.0/, , ,urn:uuid:279744ae-f157-4035-bc71-80adcb750641,http://www.cal-ibis.org:80/collections/individual/index.php?occid=2077802
occurrence,Cal-IBIS,2077809,GBIF,ARTH, ,8057914d-70e4-4cc3-842d-dbbdebde837d,HUMAN_OBSERVATION,SRLI:Spiders_2018:216, , ,Animalia,Arthropoda,Arachnida,Araneae,Araneidae,Araneidae,Metepeira ventura,Metepeira ventura,272884,"Chamberlin & Ivie, 1942",Metepeira,Metepeira,ventura, , , , , ,1/1/65,1965,1,1,1,0,1965, , , , , , , , , , , ,0, , , , , , , ,Santa Catalina, ,Santa Catalina, ,33.44,-118.55, ,0, , , , , , ,0, , , , , , , , ,1/22/21 0:00,http://creativecommons.org/publicdomain/zero/1.0/, , ,urn:uuid:6fe10ba2-eace-46b9-88a7-5114bc14a34d,http://www.cal-ibis.org:80/collections/individual/index.php?occid=2077809
occurrence,Cal-IBIS,2077805,GBIF,ARTH, ,8057914d-70e4-4cc3-842d-dbbdebde837d,HUMAN_OBSERVATION,SRLI:Spiders_2018:186, , ,Animalia,Arthropoda,Arachnida,Araneae,Araneidae,Araneidae,Metepeira ventura,Metepeira ventura,272884,"Chamberlin & Ivie, 1942",Metepeira,Metepeira,ventura, , , , , , ,0,0,0,0,0, , , , , , , , , , , , ,0, , , , , , , ,Santa Catalina, ,Santa Catalina, ,33.35,-118.39, ,0, , , , , , ,0, , , , , , , , ,1/22/21 0:00,http://creativecommons.org/publicdomain/zero/1.0/, , ,urn:uuid:46934971-e1e0-4def-af47-efcd670652bb,http://www.cal-ibis.org:80/collections/individual/index.php?occid=2077805
occurrence,Cal-IBIS,2077804,GBIF,ARTH, ,8057914d-70e4-4cc3-842d-dbbdebde837d,HUMAN_OBSERVATION,SRLI:Spiders_2018:215, , ,Animalia,Arthropoda,Arachnida,Araneae,Araneidae,Araneidae,Metepeira ventura,Metepeira ventura,272884,"Chamberlin & Ivie, 1942",Metepeira,Metepeira,ventura, , , , , ,1/1/93,1993,1,1,1,0,1993, , , , , , , , , , , ,0, , , , , , , ,Santa Catalina, ,Santa Catalina, ,33.38,-118.42, ,0, , , , , , ,0, , , , , , , , ,1/22/21 0:00,http://creativecommons.org/publicdomain/zero/1.0/, , ,urn:uuid:3139a9ab-a429-4cee-81ce-ec3d66cfd657,http://www.cal-ibis.org:80/collections/individual/index.php?occid=2077804
occurrence,Cal-IBIS,2077799,GBIF,ARTH, ,8057914d-70e4-4cc3-842d-dbbdebde837d,HUMAN_OBSERVATION,SRLI:Spiders_2018:220, , ,Animalia,Arthropoda,Arachnida,Araneae,Araneidae,Araneidae,Metepeira ventura,Metepeira ventura,272884,"Chamberlin & Ivie, 1942",Metepeira,Metepeira,ventura, , , , , ,1/1/95,1995,1,1,1,0,1995, , , , , , , , , , , ,0, , , , , , , ,Santa Catalina, ,Santa Catalina, ,33.38,-118.41, ,0, , , , , , ,0, , , , , , , , ,1/22/21 0:00,http://creativecommons.org/publicdomain/zero/1.0/, , ,urn:uuid:3766b6df-5420-4bb1-86ac-645e25356358,http://www.cal-ibis.org:80/collections/individual/index.php?occid=2077799
occurrence,Cal-IBIS,2078377,WAM,ARACH, ,8057914d-70e4-4cc3-842d-dbbdebde837d,PRESERVED_SPECIMEN,69e2b09f-1636-4b64-867b-eca12e53407b,75555,urn:lsid:taxonomy.org.au:ARACH:75555,Animalia,Arthropoda,Arachnida,Pseudoscorpiones,Garypinidae,Garypinidae,Garypinidae,,37706, , ,, , , ,"Harvey, M.S.","Lowe, G.", ,9/1/84,1984,9,1,245,0,1984-09-01T00:00:00, , , , , , , , , , , ,1, , , , , , , ,Santa Catalina, ,Santa Catalina,"Los Angelas County: Santa Catalina Island, Toyon Canyon",33.36667,-118.35, ,10000, , , , , , ,0, , , , , , , , ,1/22/21 0:00,http://creativecommons.org/publicdomain/zero/1.0/, , ,urn:uuid:0f851a35-ca19-4362-8e25-991080a41e90,http://www.cal-ibis.org:80/collections/individual/index.php?occid=2078377
occurrence,Cal-IBIS,1565900,CAS,ENT, ,b81c83d7-8ea1-475b-8c94-327913979a87,PreservedSpecimen,9aa2cdf7-29f6-4702-aee5-654f1cd92666,9049728, ,Animalia,Arthropoda,Arachnida,Araneae,Gnaphosidae,Gnaphosidae,Gnaphosa californica,Gnaphosa californica,215744,"Banks, 1904",Gnaphosa,Gnaphosa,californica, , , ,David C. Rentz; David Weissman, ,6/14/72,1972,6,14,166,0,DMY: 14-6-1972, , , , , , , , , , , ,1, , ,75% ethanol,United States,California,Santa Barbara, ,Santa Cruz,"Channel Islands National Park, Santa Cruz Island, Research Station", , ,0,0, ,0,",", , , , , ,0, , , , , , , ,Don Heyneman,10/14/15 0:00,http://creativecommons.org/publicdomain/zero/1.0/, , ,urn:uuid:405befc4-35af-4140-85e9-9b0827996208,http://www.cal-ibis.org:80/collections/individual/index.php?occid=1565900
occurrence,Cal-IBIS,1578342,CAS,ENT, ,b81c83d7-8ea1-475b-8c94-327913979a87,PreservedSpecimen,6a6dccde-fc6b-4c87-b5cc-f6ec2f8c4ad0,9049281, ,Animalia,Arthropoda,Arachnida,Araneae,Gnaphosidae,Gnaphosidae,Gnaphosa maritima,Gnaphosa maritima,215800,"Platnick & Shadab, 1975",Gnaphosa,Gnaphosa,maritima, , , ,John Doyen, ,5/7/78,1978,5,7,127,0,DMY: 7-5-1978, ,under seaweed, , , , , , , ,"3 adults, 3 juveniles","1 male, 2 females",6, , ,75% ethanol,United States,California,Ventura, ,San Nicolas,"Channel Islands National Park, San Nicolas Island, north end", , ,0,0, ,0,",", , , , , ,0, , , , , , , ,Don Heyneman,9/24/15 0:00,http://creativecommons.org/publicdomain/zero/1.0/, , ,urn:uuid:dd295f35-4d98-48a1-87fb-18659210a0e7,http://www.cal-ibis.org:80/collections/individual/index.php?occid=1578342
occurrence,Cal-IBIS,1559528,CAS,ENT, ,b81c83d7-8ea1-475b-8c94-327913979a87,PreservedSpecimen,bc8cb0ff-8993-45a9-bc33-5efbc3069ee3,9049253, ,Animalia,Arthropoda,Arachnida,Araneae,Gnaphosidae,Gnaphosidae,Gnaphosa salsa,Gnaphosa salsa,215844,"Platnick & Shadab, 1975",Gnaphosa,Gnaphosa,salsa, , , ,Phil Regal, ,1962-12-00,1962,12,0,0,0,MY: 12-1962,F-24-7, , , , , , , , ,adult,1 female,1, , ,75% ethanol,United States,California,Los Angeles, ,San Clemente,San Clemente Island, , ,0,0, ,0,",", , , , , ,0, , , , , , , ,Don Heyneman,9/14/15 0:00,http://creativecommons.org/publicdomain/zero/1.0/, , ,urn:uuid:93f9bf47-b8eb-42b7-8cd3-389f41257e75,http://www.cal-ibis.org:80/collections/individual/index.php?occid=1559528
occurrence,Cal-IBIS,1556408,CAS,ENT, ,b81c83d7-8ea1-475b-8c94-327913979a87,PreservedSpecimen,db0734be-9215-474d-9666-9bbdeb1ebcc5,9049841, ,Animalia,Arthropoda,Arachnida,Araneae,Gnaphosidae,Gnaphosidae,Trachyzelotes jaxartensis,Marinarozelotes jaxartensis,426653,"(Kroneberg, 1875)",Trachyzelotes,Marinarozelotes,jaxartensis, , , ,J. T. Carlson, ,1910-00-23,1910,0,23,0,0,DMY: 23-7-1910 - 10-9-1910, , , , , , , , , ,adult,1 male,1, , ,75% ethanol,United States,California,Los Angeles, ,Santa Catalina,"Santa Catalina Island, vicinity of Avalon", , ,0,0, ,0,",", , , , , ,0, , , , , , , ,Don Heyneman,10/20/15 0:00,http://creativecommons.org/publicdomain/zero/1.0/, , ,urn:uuid:63db18ff-1473-4be9-89f7-8e846e436863,http://www.cal-ibis.org:80/collections/individual/index.php?occid=1556408
occurrence,Cal-IBIS,1559606,EMEC,EMEC, ,b81c83d7-8ea1-475b-8c94-327913979a87,PreservedSpecimen,urn:catalog:EMEC:EMEC:907588,EMEC907588, ,Animalia,Arthropoda,Arachnida,Opiliones,Phalangiidae,Protolophidae,Protolophus,,50329,"Banks, 1893",Protolophus,Protolophus, , , , ,J. T. Doyen, ,3/22/72,1972,3,22,82,0,3/22/72, , , , , , , , , , , ,1, , ,fluid,United States,California,Los Angeles County, ,San Clemente,"San Clemente Island, east face of Mount Thirst",San Clemente, ,32.88714,-118.44554,WGS1984,1074, , , , , , ,0, , , , , , , , ,5/14/15 0:00,http://creativecommons.org/publicdomain/zero/1.0/, , ,urn:uuid:eb662112-81ed-49a3-857c-71e1ebb5e3d7,http://www.cal-ibis.org:80/collections/individual/index.php?occid=1559606
occurrence,Cal-IBIS,1559608,EMEC,EMEC, ,b81c83d7-8ea1-475b-8c94-327913979a87,PreservedSpecimen,urn:catalog:EMEC:EMEC:907617,EMEC907617, ,Animalia,Arthropoda,Arachnida,Opiliones,Phalangiidae,Protolophidae,Protolophus,,50329,"Banks, 1893",Protolophus,Protolophus, , , , ,J. Toldmen, ,3/22/72,1972,3,22,82,0,3/22/72, , , , , , , , , , , ,1, , ,fluid,United States,California,Los Angeles County, ,San Clemente,"San Clemente Island, east face of Mount Thirst",San Clemente, ,32.88714,-118.44554,WGS1984,1074, , , , , , ,0, , , , , , , , ,9/12/16 0:00,http://creativecommons.org/publicdomain/zero/1.0/, , ,urn:uuid:0925bbd5-b8c1-442c-8d04-093f13984862,http://www.cal-ibis.org:80/collections/individual/index.php?occid=1559608
occurrence,Cal-IBIS,1559607,EMEC,EMEC, ,b81c83d7-8ea1-475b-8c94-327913979a87,PreservedSpecimen,urn:catalog:EMEC:EMEC:907618,EMEC907618, ,Animalia,Arthropoda,Arachnida,Opiliones,Phalangiidae,Protolophidae,Protolophus,,50329,"Banks, 1893",Protolophus,Protolophus, , , , ,P. Rude, ,1/18/76,1976,1,18,18,0,1/18/76, , , , , , , , , , , ,1, , ,fluid,United States,California,Los Angeles County, ,San Clemente,"San Clemente Island, east face of Mount Thirst",San Clemente, ,32.88714,-118.44554,WGS1984,1074, , , , , , ,0, , , , , , , , ,9/12/16 0:00,http://creativecommons.org/publicdomain/zero/1.0/, , ,urn:uuid:aae8be1d-feec-4229-9f35-9dd30f1d58c1,http://www.cal-ibis.org:80/collections/individual/index.php?occid=1559607
occurrence,Cal-IBIS,1559604,EMEC,EMEC, ,b81c83d7-8ea1-475b-8c94-327913979a87,PreservedSpecimen,urn:catalog:EMEC:EMEC:907577,EMEC907577, ,Animalia,Arthropoda,Arachnida,Opiliones,Phalangiidae,Protolophidae,Protolophus,,50329,"Banks, 1893",Protolophus,Protolophus, , , , ,J. Powell, ,3/21/72,1972,3,21,81,0,3/21/72, , , , , , , , , , , ,2, , ,fluid,United States,California,Los Angeles County, ,San Clemente,"San Clemente Island, West Cove",San Clemente, ,33.01608,-118.59706,WGS1984,559, , , , , , ,0, , , , , , , , ,9/12/16 0:00,http://creativecommons.org/publicdomain/zero/1.0/, , ,urn:uuid:a621e956-fbc0-483d-aa4c-d9d52d77e852,http://www.cal-ibis.org:80/collections/individual/index.php?occid=1559604
occurrence,Cal-IBIS,1559609,EMEC,EMEC, ,b81c83d7-8ea1-475b-8c94-327913979a87,PreservedSpecimen,urn:catalog:EMEC:EMEC:907600,EMEC907600, ,Animalia,Arthropoda,Arachnida,Opiliones,Phalangiidae,Protolophidae,Protolophus,,50329,"Banks, 1893",Protolophus,Protolophus, , , , ,S. L. Szerlip, ,3/23/72,1972,3,23,83,0,3/23/72, , , , , , , , , , , ,2, , ,fluid,United States,California,Los Angeles County, ,San Clemente,"San Clemente Island, West Cove",San Clemente, ,33.01608,-118.59706,WGS1984,559, , , , , , ,0, , , , , , , , ,9/12/16 0:00,http://creativecommons.org/publicdomain/zero/1.0/, , ,urn:uuid:fc87a195-3027-4c8d-ba1b-204a650e9106,http://www.cal-ibis.org:80/collections/individual/index.php?occid=1559609
occurrence,Cal-IBIS,1555206,CAS,ENT, ,b81c83d7-8ea1-475b-8c94-327913979a87,PreservedSpecimen,1ba12907-4cf2-4622-b1ee-133e83eae9e0,9067074, ,Animalia,Arthropoda,Arachnida,Opiliones,Phalangodidae,Phalangodidae,Calicina topanga,Calicina topanga,119808,"(Briggs, 1968)",Calicina,Calicina,topanga, , , ,"Tom Briggs; K. Hom, A. Jung", ,12/19/67,1967,12,19,353,0,DMY: 19-12-1967, ,oak woodland; breccia, , , , , , , ,adult,"11 males, 8 females",19, , ,75% ethanol,United States,California,Santa Barbara, ,Santa Cruz,"Channel Islands National Park, Santa Cruz Island, canyon north of University of California, Santa Barbara Field Station",Santa Cruz, ,34.0001,-119.728, ,0,"34.0001, -119.728", , , , , ,152, , , , ,500 feet, , ,Darrell Ubick,4/28/16 0:00,http://creativecommons.org/publicdomain/zero/1.0/, , ,urn:uuid:b6ff90bf-795e-44ce-acbf-e39bdd340fa5,http://www.cal-ibis.org:80/collections/individual/index.php?occid=1555206
occurrence,Cal-IBIS,1565287,SDSU,TAC, ,b81c83d7-8ea1-475b-8c94-327913979a87,PreservedSpecimen,b223173b-91b8-49de-b468-157684e8517c,SDSU_OP2745, ,Animalia,Arthropoda,Arachnida,Opiliones,Phalangodidae,Phalangodidae,Calicina topanga,Calicina topanga,119808,"(Briggs, 1968)",Calicina,Calicina,topanga, , ,K Emata,M Caterino, ,5/13/09,2009,5,13,133,0,5/13/09, , , , , , , , , , ,M,0, , , ,United States,California,Santa Barbara, ,Santa Cruz,Santa Cruz Island,Santa Cruz, ,34.0255,-119.6976,WGS84,0, , , , , , ,0, , , , , , , , ,4/29/16 0:00,http://creativecommons.org/publicdomain/zero/1.0/, , ,urn:uuid:7c518b6e-aeb6-449c-b769-646235c67784,http://www.cal-ibis.org:80/collections/individual/index.php?occid=1565287
occurrence,Cal-IBIS,1559488,SDSU,TAC, ,b81c83d7-8ea1-475b-8c94-327913979a87,PreservedSpecimen,7bafba0b-88ee-43ad-84e9-b11fa12d80d8,SDSU_TAC000575, ,Animalia,Arthropoda,Arachnida,Araneae,Salticidae,Salticidae,Habronattus californicus,Habronattus californicus,219773,"(Banks, 1904)",Habronattus,Habronattus,californicus, , ,M Hedin,"M Hedin, S Foldi", ,4/26/06,2006,4,26,116,0,4/26/06, ,"stabilized dunefield, Astragalus + Atriplex",MCH 06_072, , , , , , ,adult,M,0, , , ,United States,California,Los Angeles, ,San Clemente,"San Clemente Island, dunefield S of landing field",San Clemente, ,32.98726,-118.57341,WGS84,0, , , , , , ,0, , , , , , , , ,11/30/18 0:00,http://creativecommons.org/publicdomain/zero/1.0/, , ,urn:uuid:9ee83512-c6b8-4330-8ddb-f271b5f6afdd,http://www.cal-ibis.org:80/collections/individual/index.php?occid=1559488
occurrence,Cal-IBIS,1555185,SDSU,TAC, ,b81c83d7-8ea1-475b-8c94-327913979a87,PreservedSpecimen,4075fd91-7f0b-43eb-9e72-7e598792ddf1,SDSU_HA1615, ,Animalia,Arthropoda,Arachnida,Araneae,Salticidae,Salticidae,Habronattus ophrys,Habronattus ophrys,219822,"Griswold, 1987",Habronattus,Habronattus,ophrys, , ,M Hedin,S Foldi, ,7/31/05,2005,7,31,212,0,7/31/05, ,trailside vegetation,SEF 05_028, , , , , , , ,F,0, , , ,United States,California,Ventura, ,Santa Barbara,"Santa Barbara Island, Arch Point trail on northern side of isle",Santa Barbara, ,33.4808,-119.0366,WGS84,0, , , , , , ,0, , , , , , , , ,11/24/15 0:00,http://creativecommons.org/publicdomain/zero/1.0/, , ,urn:uuid:a532fb53-d8bd-4ea4-934c-9cb357d6b174,http://www.cal-ibis.org:80/collections/individual/index.php?occid=1555185
occurrence,Cal-IBIS,1555191,SDSU,TAC, ,b81c83d7-8ea1-475b-8c94-327913979a87,PreservedSpecimen,40fc6bdf-3811-4719-a72a-d38ca84e3216,SDSU_HA1621, ,Animalia,Arthropoda,Arachnida,Araneae,Salticidae,Salticidae,Habronattus ophrys,Habronattus ophrys,219822,"Griswold, 1987",Habronattus,Habronattus,ophrys, , ,M Hedin,S Foldi, ,7/31/05,2005,7,31,212,0,7/31/05, ,trailside vegetation,SEF 05_028, , , , , , , ,M3,0, , , ,United States,California,Ventura, ,Santa Barbara,"Santa Barbara Island, Arch Point trail on northern side of isle",Santa Barbara, ,33.4808,-119.0366,WGS84,0, , , , , , ,0, , , , , , , , ,11/24/15 0:00,http://creativecommons.org/publicdomain/zero/1.0/, , ,urn:uuid:e3d9039a-b2bf-4c8c-b3c4-40952732d128,http://www.cal-ibis.org:80/collections/individual/index.php?occid=1555191
occurrence,Cal-IBIS,1555190,SDSU,TAC, ,b81c83d7-8ea1-475b-8c94-327913979a87,PreservedSpecimen,4aff2479-841b-4a54-952d-c71990503848,SDSU_HA1620, ,Animalia,Arthropoda,Arachnida,Araneae,Salticidae,Salticidae,Habronattus ophrys,Habronattus ophrys,219822,"Griswold, 1987",Habronattus,Habronattus,ophrys, , ,M Hedin,S Foldi, ,7/31/05,2005,7,31,212,0,7/31/05, ,trailside vegetation,SEF 05_028, , , , , , , ,M,0, , , ,United States,California,Ventura, ,Santa Barbara,"Santa Barbara Island, Arch Point trail on northern side of isle",Santa Barbara, ,33.4808,-119.0366,WGS84,0, , , , , , ,0, , , , , , , , ,11/24/15 0:00,http://creativecommons.org/publicdomain/zero/1.0/, , ,urn:uuid:6b75c116-0ec9-45a3-9965-1f27f80f8b7c,http://www.cal-ibis.org:80/collections/individual/index.php?occid=1555190
occurrence,Cal-IBIS,1555186,SDSU,TAC, ,b81c83d7-8ea1-475b-8c94-327913979a87,PreservedSpecimen,81f12793-914f-407b-ae22-9aa219ff8130,SDSU_HA1616, ,Animalia,Arthropoda,Arachnida,Araneae,Salticidae,Salticidae,Habronattus ophrys,Habronattus ophrys,219822,"Griswold, 1987",Habronattus,Habronattus,ophrys, , ,M Hedin,S Foldi, ,7/31/05,2005,7,31,212,0,7/31/05, ,trailside vegetation,SEF 05_028, , , , , , , ,M,0, , , ,United States,California,Ventura, ,Santa Barbara,"Santa Barbara Island, Arch Point trail on northern side of isle",Santa Barbara, ,33.4808,-119.0366,WGS84,0, , , , , , ,0, , , , , , , , ,11/24/15 0:00,http://creativecommons.org/publicdomain/zero/1.0/, , ,urn:uuid:7b30a713-c9d5-4f74-a5ef-eef635682ef5,http://www.cal-ibis.org:80/collections/individual/index.php?occid=1555186
occurrence,Cal-IBIS,1555188,SDSU,TAC, ,b81c83d7-8ea1-475b-8c94-327913979a87,PreservedSpecimen,b9ea856e-64dd-4577-bb4d-de0ae1e64fef,SDSU_HA1618, ,Animalia,Arthropoda,Arachnida,Araneae,Salticidae,Salticidae,Habronattus ophrys,Habronattus ophrys,219822,"Griswold, 1987",Habronattus,Habronattus,ophrys, , ,M Hedin,S Foldi, ,7/31/05,2005,7,31,212,0,7/31/05, ,trailside vegetation,SEF 05_028, , , , , , , ,F,0, , , ,United States,California,Ventura, ,Santa Barbara,"Santa Barbara Island, Arch Point trail on northern side of isle",Santa Barbara, ,33.4808,-119.0366,WGS84,0, , , , , , ,0, , , , , , , , ,11/24/15 0:00,http://creativecommons.org/publicdomain/zero/1.0/, , ,urn:uuid:1e6a2af6-d0c3-4574-8d38-81d1d209cd3a,http://www.cal-ibis.org:80/collections/individual/index.php?occid=1555188
occurrence,Cal-IBIS,1555187,SDSU,TAC, ,b81c83d7-8ea1-475b-8c94-327913979a87,PreservedSpecimen,f43e3d02-59ca-4f20-a73f-49b148722fb8,SDSU_HA1617, ,Animalia,Arthropoda,Arachnida,Araneae,Salticidae,Salticidae,Habronattus ophrys,Habronattus ophrys,219822,"Griswold, 1987",Habronattus,Habronattus,ophrys, , ,M Hedin,S Foldi, ,7/31/05,2005,7,31,212,0,7/31/05, ,trailside vegetation,SEF 05_028, , , , , , , ,F,0, , , ,United States,California,Ventura, ,Santa Barbara,"Santa Barbara Island, Arch Point trail on northern side of isle",Santa Barbara, ,33.4808,-119.0366,WGS84,0, , , , , , ,0, , , , , , , , ,11/24/15 0:00,http://creativecommons.org/publicdomain/zero/1.0/, , ,urn:uuid:e7fde535-9c07-4006-be2d-5b7cdf48a256,http://www.cal-ibis.org:80/collections/individual/index.php?occid=1555187
occurrence,Cal-IBIS,1555189,SDSU,TAC, ,b81c83d7-8ea1-475b-8c94-327913979a87,PreservedSpecimen,f849bb9c-d9fc-4ae9-a634-6d296146a2f4,SDSU_HA1619, ,Animalia,Arthropoda,Arachnida,Araneae,Salticidae,Salticidae,Habronattus ophrys,Habronattus ophrys,219822,"Griswold, 1987",Habronattus,Habronattus,ophrys, , ,M Hedin,S Foldi, ,7/31/05,2005,7,31,212,0,7/31/05, ,trailside vegetation,SEF 05_028, , , , , , , ,F,0, , , ,United States,California,Ventura, ,Santa Barbara,"Santa Barbara Island, Arch Point trail on northern side of isle",Santa Barbara, ,33.4808,-119.0366,WGS84,0, , , , , , ,0, , , , , , , , ,11/24/15 0:00,http://creativecommons.org/publicdomain/zero/1.0/, , ,urn:uuid:c39cec13-124b-42e4-bdde-8888ed854679,http://www.cal-ibis.org:80/collections/individual/index.php?occid=1555189
occurrence,Cal-IBIS,1559498,SDSU,TAC, ,b81c83d7-8ea1-475b-8c94-327913979a87,PreservedSpecimen,1006f86c-0243-461b-aed2-10928a429597,SDSU_HA1645, ,Animalia,Arthropoda,Arachnida,Araneae,Salticidae,Salticidae,Habronattus tarsalis,Habronattus tarsalis,219841,"(Banks, 1904)",Habronattus,Habronattus,tarsalis, , ,M Hedin,"M Hedin, S Foldi", ,4/26/06,2006,4,26,116,0,4/26/06, ,"stabilized dunefield, Astragalus + Atriplex",MCH 06_072, , , , , , , ,F1,0, , , ,United States,California,Los Angeles, ,San Clemente,"San Clemente Island, dunefield S of landing field",San Clemente, ,32.98726,-118.5734,WGS84,0, , , , , , ,0, , , , , , , , ,11/24/15 0:00,http://creativecommons.org/publicdomain/zero/1.0/, , ,urn:uuid:48733a24-45be-4d05-b890-029d74d87515,http://www.cal-ibis.org:80/collections/individual/index.php?occid=1559498
occurrence,Cal-IBIS,1559495,SDSU,TAC, ,b81c83d7-8ea1-475b-8c94-327913979a87,PreservedSpecimen,92a7892f-c9c1-4368-835d-970585cf1fcd,SDSU_HA1642, ,Animalia,Arthropoda,Arachnida,Araneae,Salticidae,Salticidae,Habronattus tarsalis,Habronattus tarsalis,219841,"(Banks, 1904)",Habronattus,Habronattus,tarsalis, , ,M Hedin,"M Hedin, S Foldi", ,4/26/06,2006,4,26,116,0,4/26/06, ,"stabilized dunefield, Astragalus + Atriplex",MCH 06_072, , , , , , , ,M1,0, , , ,United States,California,Los Angeles, ,San Clemente,"San Clemente Island, dunefield S of landing field",San Clemente, ,32.98726,-118.5734,WGS84,0, , , , , , ,0, , , , , , , , ,11/24/15 0:00,http://creativecommons.org/publicdomain/zero/1.0/, , ,urn:uuid:729ad218-6ff0-450c-8d80-be9c831fd746,http://www.cal-ibis.org:80/collections/individual/index.php?occid=1559495
occurrence,Cal-IBIS,1559496,SDSU,TAC, ,b81c83d7-8ea1-475b-8c94-327913979a87,PreservedSpecimen,aa972ba4-ab83-450c-9b46-76aec8b9a44f,SDSU_HA1643, ,Animalia,Arthropoda,Arachnida,Araneae,Salticidae,Salticidae,Habronattus tarsalis,Habronattus tarsalis,219841,"(Banks, 1904)",Habronattus,Habronattus,tarsalis, , ,M Hedin,"M Hedin, S Foldi", ,4/26/06,2006,4,26,116,0,4/26/06, ,"stabilized dunefield, Astragalus + Atriplex",MCH 06_072, , , , , , , ,M3,0, , , ,United States,California,Los Angeles, ,San Clemente,"San Clemente Island, dunefield S of landing field",San Clemente, ,32.98726,-118.5734,WGS84,0, , , , , , ,0, , , , , , , , ,11/24/15 0:00,http://creativecommons.org/publicdomain/zero/1.0/, , ,urn:uuid:d7c1cad4-b91b-4c53-a18b-ce62c5d040ef,http://www.cal-ibis.org:80/collections/individual/index.php?occid=1559496
occurrence,Cal-IBIS,1559499,SDSU,TAC, ,b81c83d7-8ea1-475b-8c94-327913979a87,PreservedSpecimen,becdfb5d-1d79-49e9-a10c-b6747549b0c6,SDSU_HA1646, ,Animalia,Arthropoda,Arachnida,Araneae,Salticidae,Salticidae,Habronattus tarsalis,Habronattus tarsalis,219841,"(Banks, 1904)",Habronattus,Habronattus,tarsalis, , ,M Hedin,"M Hedin, S Foldi", ,4/26/06,2006,4,26,116,0,4/26/06, ,"stabilized dunefield, Astragalus + Atriplex",MCH 06_072, , , , , , , ,F,0, , , ,United States,California,Los Angeles, ,San Clemente,"San Clemente Island, dunefield S of landing field",San Clemente, ,32.98726,-118.5734,WGS84,0, , , , , , ,0, , , , , , , , ,11/24/15 0:00,http://creativecommons.org/publicdomain/zero/1.0/, , ,urn:uuid:aea9de87-e163-49f3-a0bc-d634d2696c99,http://www.cal-ibis.org:80/collections/individual/index.php?occid=1559499
occurrence,Cal-IBIS,1559497,SDSU,TAC, ,b81c83d7-8ea1-475b-8c94-327913979a87,PreservedSpecimen,c375d845-cbab-41e7-997e-1ff7e5028149,SDSU_HA1644, ,Animalia,Arthropoda,Arachnida,Araneae,Salticidae,Salticidae,Habronattus tarsalis,Habronattus tarsalis,219841,"(Banks, 1904)",Habronattus,Habronattus,tarsalis, , ,M Hedin,"M Hedin, S Foldi", ,4/26/06,2006,4,26,116,0,4/26/06, ,"stabilized dunefield, Astragalus + Atriplex",MCH 06_072, , , , , , , ,F,0, , , ,United States,California,Los Angeles, ,San Clemente,"San Clemente Island, dunefield S of landing field",San Clemente, ,32.98726,-118.5734,WGS84,0, , , , , , ,0, , , , , , , , ,11/24/15 0:00,http://creativecommons.org/publicdomain/zero/1.0/, , ,urn:uuid:93c2a5d3-42f9-4c37-bdde-10dea7a213a8,http://www.cal-ibis.org:80/collections/individual/index.php?occid=1559497
occurrence,Cal-IBIS,1559492,SDSU,TAC, ,b81c83d7-8ea1-475b-8c94-327913979a87,PreservedSpecimen,19a34fe1-525d-4eaf-ae7a-2d5afe90dca6,SDSU_G3029, ,Animalia,Arthropoda,Arachnida,Araneae,Salticidae,Salticidae,Habronattus tarsalis,Habronattus tarsalis,219841,"(Banks, 1904)",Habronattus,Habronattus,tarsalis, , ,M Hedin,"C Richart, D Eslava", ,4/16/19,2019,4,16,106,0,4/16/19, ,Vegetation and sand adjacent to active dunes, , , , , , , ,adult,F,0, , , ,United States,California,Los Angeles, ,San Clemente,"San Clemente Island, Flasher Dunes",San Clemente, ,32.9904,-118.5753,WGS84,0, , , , , , ,0, , , , , , , ,preprocessed,10/31/19 0:00,http://creativecommons.org/publicdomain/zero/1.0/, , ,urn:uuid:3b77b965-2612-4e98-bbeb-04c074d86529,http://www.cal-ibis.org:80/collections/individual/index.php?occid=1559492
occurrence,Cal-IBIS,1559489,SDSU,TAC, ,b81c83d7-8ea1-475b-8c94-327913979a87,PreservedSpecimen,64a09899-1545-4f00-a34a-afe9c97d35d7,SDSU_G3026, ,Animalia,Arthropoda,Arachnida,Araneae,Salticidae,Salticidae,Habronattus tarsalis,Habronattus tarsalis,219841,"(Banks, 1904)",Habronattus,Habronattus,tarsalis, , ,M Hedin,"C Richart, D Eslava", ,4/16/19,2019,4,16,106,0,4/16/19, ,Vegetation and sand adjacent to active dunes, , , , , , , ,adult,F,0, , , ,United States,California,Los Angeles, ,San Clemente,"San Clemente Island, Flasher Dunes",San Clemente, ,32.9904,-118.5753,WGS84,0, , , , , , ,0, , , , , , , ,preprocessed,10/31/19 0:00,http://creativecommons.org/publicdomain/zero/1.0/, , ,urn:uuid:c070b817-a2ca-4f37-81f9-9294f91dfad0,http://www.cal-ibis.org:80/collections/individual/index.php?occid=1559489
occurrence,Cal-IBIS,1559494,SDSU,TAC, ,b81c83d7-8ea1-475b-8c94-327913979a87,PreservedSpecimen,87e553b2-a23c-44cb-a68d-191b568ff8bb,SDSU_G3031, ,Animalia,Arthropoda,Arachnida,Araneae,Salticidae,Salticidae,Habronattus tarsalis,Habronattus tarsalis,219841,"(Banks, 1904)",Habronattus,Habronattus,tarsalis, , ,M Hedin,C Richart, ,4/12/19,2019,4,12,102,0,4/12/19, , , , , , , , , ,adult,M,0, , , ,United States,California,Los Angeles, ,San Clemente,"San Clemente Island, Flasher Dunes",San Clemente, ,32.9904,-118.5753,WGS84,0, , , , , , ,0, , , , , , , ,preprocessed,10/31/19 0:00,http://creativecommons.org/publicdomain/zero/1.0/, , ,urn:uuid:5206e5e0-ce17-418c-9c2f-99b658066144,http://www.cal-ibis.org:80/collections/individual/index.php?occid=1559494
occurrence,Cal-IBIS,1559493,SDSU,TAC, ,b81c83d7-8ea1-475b-8c94-327913979a87,PreservedSpecimen,bb716206-de21-4cc6-83d4-7f454ffd4c0d,SDSU_G3030, ,Animalia,Arthropoda,Arachnida,Araneae,Salticidae,Salticidae,Habronattus tarsalis,Habronattus tarsalis,219841,"(Banks, 1904)",Habronattus,Habronattus,tarsalis, , ,M Hedin,C Richart, ,4/12/19,2019,4,12,102,0,4/12/19, , , , , , , , , ,adult,M,0, , , ,United States,California,Los Angeles, ,San Clemente,"San Clemente Island, Flasher Dunes",San Clemente, ,32.9904,-118.5753,WGS84,0, , , , , , ,0, , , , , , , ,preprocessed,10/31/19 0:00,http://creativecommons.org/publicdomain/zero/1.0/, , ,urn:uuid:822872d9-3491-4e32-ba2f-903128148195,http://www.cal-ibis.org:80/collections/individual/index.php?occid=1559493
occurrence,Cal-IBIS,1559490,SDSU,TAC, ,b81c83d7-8ea1-475b-8c94-327913979a87,PreservedSpecimen,c2417343-a85c-490a-983d-56449d0238cd,SDSU_G3027, ,Animalia,Arthropoda,Arachnida,Araneae,Salticidae,Salticidae,Habronattus tarsalis,Habronattus tarsalis,219841,"(Banks, 1904)",Habronattus,Habronattus,tarsalis, , ,M Hedin,"C Richart, D Eslava", ,4/16/19,2019,4,16,106,0,4/16/19, ,Vegetation and sand adjacent to active dunes, , , , , , , ,adult,M,0, , , ,United States,California,Los Angeles, ,San Clemente,"San Clemente Island, Flasher Dunes",San Clemente, ,32.9904,-118.5753,WGS84,0, , , , , , ,0, , , , , , , ,preprocessed,10/31/19 0:00,http://creativecommons.org/publicdomain/zero/1.0/, , ,urn:uuid:8d947d3f-3e3c-4f6e-a3e9-02929d89ae73,http://www.cal-ibis.org:80/collections/individual/index.php?occid=1559490
occurrence,Cal-IBIS,1559491,SDSU,TAC, ,b81c83d7-8ea1-475b-8c94-327913979a87,PreservedSpecimen,fca161ee-8741-449e-8b9f-0ec31376db72,SDSU_G3028, ,Animalia,Arthropoda,Arachnida,Araneae,Salticidae,Salticidae,Habronattus tarsalis,Habronattus tarsalis,219841,"(Banks, 1904)",Habronattus,Habronattus,tarsalis, , ,M Hedin,"C Richart, D Eslava", ,4/16/19,2019,4,16,106,0,4/16/19, ,Vegetation and sand adjacent to active dunes, , , , , , , ,adult,M,0, , , ,United States,California,Los Angeles, ,San Clemente,"San Clemente Island, Flasher Dunes",San Clemente, ,32.9904,-118.5753,WGS84,0, , , , , , ,0, , , , , , , ,preprocessed,10/31/19 0:00,http://creativecommons.org/publicdomain/zero/1.0/, , ,urn:uuid:a2e54b86-d1a3-4063-80ac-90ef60c6b8ce,http://www.cal-ibis.org:80/collections/individual/index.php?occid=1559491
occurrence,Cal-IBIS,1576368,SDSU,TAC, ,b81c83d7-8ea1-475b-8c94-327913979a87,PreservedSpecimen,03062f86-566c-4f2e-ab11-c3cabc381d46,SDSU_HA1633, ,Animalia,Arthropoda,Arachnida,Araneae,Salticidae,Salticidae,Habronattus tarsalis,Habronattus tarsalis,219841,"(Banks, 1904)",Habronattus,Habronattus,tarsalis, , ,S Foldi,S Foldi, ,10/9/05,2005,10,9,282,0,10/9/05, ,saltgrass patches,SEF 05_039, , , , , , , ,M4,0, , , ,United States,California,Ventura, ,San Miguel,"San Miguel Island, behind dunes near trail at Cuyler Harbor",San Miguel, ,34.04582,-120.3506,WGS84,0, , , , , , ,0, , , , , , , , ,11/24/15 0:00,http://creativecommons.org/publicdomain/zero/1.0/, , ,urn:uuid:c4eb7972-622b-458b-85d0-1715eac7cf0b,http://www.cal-ibis.org:80/collections/individual/index.php?occid=1576368
occurrence,Cal-IBIS,1576367,SDSU,TAC, ,b81c83d7-8ea1-475b-8c94-327913979a87,PreservedSpecimen,181597cb-1205-4282-b9c8-3a9818c553d8,SDSU_HA1632, ,Animalia,Arthropoda,Arachnida,Araneae,Salticidae,Salticidae,Habronattus tarsalis,Habronattus tarsalis,219841,"(Banks, 1904)",Habronattus,Habronattus,tarsalis, , ,S Foldi,S Foldi, ,10/9/05,2005,10,9,282,0,10/9/05, ,saltgrass patches,SEF 05_039, , , , , , , ,M1,0, , , ,United States,California,Ventura, ,San Miguel,"San Miguel Island, behind dunes near trail at Cuyler Harbor",San Miguel, ,34.04582,-120.3506,WGS84,0, , , , , , ,0, , , , , , , , ,11/24/15 0:00,http://creativecommons.org/publicdomain/zero/1.0/, , ,urn:uuid:93f26356-c737-431e-bb3d-f1a20fa658b6,http://www.cal-ibis.org:80/collections/individual/index.php?occid=1576367
occurrence,Cal-IBIS,1576370,SDSU,TAC, ,b81c83d7-8ea1-475b-8c94-327913979a87,PreservedSpecimen,25c3dc54-493b-472b-8e58-118026a98bce,SDSU_HA1635, ,Animalia,Arthropoda,Arachnida,Araneae,Salticidae,Salticidae,Habronattus tarsalis,Habronattus tarsalis,219841,"(Banks, 1904)",Habronattus,Habronattus,tarsalis, , ,S Foldi,S Foldi, ,10/9/05,2005,10,9,282,0,10/9/05, ,saltgrass patches,SEF 05_039, , , , , , , ,M,0, , , ,United States,California,Ventura, ,San Miguel,"San Miguel Island, behind dunes near trail at Cuyler Harbor",San Miguel, ,34.04582,-120.3506,WGS84,0, , , , , , ,0, , , , , , , , ,11/24/15 0:00,http://creativecommons.org/publicdomain/zero/1.0/, , ,urn:uuid:192a1577-224d-447e-a557-ea5f78f9801f,http://www.cal-ibis.org:80/collections/individual/index.php?occid=1576370
occurrence,Cal-IBIS,1576371,SDSU,TAC, ,b81c83d7-8ea1-475b-8c94-327913979a87,PreservedSpecimen,7752ad0c-09fc-4544-b177-62db46e1efa6,SDSU_HA1636, ,Animalia,Arthropoda,Arachnida,Araneae,Salticidae,Salticidae,Habronattus tarsalis,Habronattus tarsalis,219841,"(Banks, 1904)",Habronattus,Habronattus,tarsalis, , ,S Foldi,S Foldi, ,10/9/05,2005,10,9,282,0,10/9/05, ,saltgrass patches,SEF 05_039, , , , , , , ,M,0, , , ,United States,California,Ventura, ,San Miguel,"San Miguel Island, behind dunes near trail at Cuyler Harbor",San Miguel, ,34.04582,-120.3506,WGS84,0, , , , , , ,0, , , , , , , , ,11/24/15 0:00,http://creativecommons.org/publicdomain/zero/1.0/, , ,urn:uuid:30a48af1-739f-48c9-aea5-340ec4994e6b,http://www.cal-ibis.org:80/collections/individual/index.php?occid=1576371
occurrence,Cal-IBIS,1576369,SDSU,TAC, ,b81c83d7-8ea1-475b-8c94-327913979a87,PreservedSpecimen,80c71e39-a212-4590-8979-e00dab2a99ea,SDSU_HA1634, ,Animalia,Arthropoda,Arachnida,Araneae,Salticidae,Salticidae,Habronattus tarsalis,Habronattus tarsalis,219841,"(Banks, 1904)",Habronattus,Habronattus,tarsalis, , ,S Foldi,S Foldi, ,10/9/05,2005,10,9,282,0,10/9/05, ,saltgrass patches,SEF 05_039, , , , , , , ,M,0, , , ,United States,California,Ventura, ,San Miguel,"San Miguel Island, behind dunes near trail at Cuyler Harbor",San Miguel, ,34.04582,-120.3506,WGS84,0, , , , , , ,0, , , , , , , , ,11/24/15 0:00,http://creativecommons.org/publicdomain/zero/1.0/, , ,urn:uuid:f06662b4-b9d9-4894-8c49-a6bd0b78ad71,http://www.cal-ibis.org:80/collections/individual/index.php?occid=1576369
occurrence,Cal-IBIS,1576366,SDSU,TAC, ,b81c83d7-8ea1-475b-8c94-327913979a87,PreservedSpecimen,99203e3a-3454-4ffe-b9a0-9363dd2f993d,SDSU_HA1631, ,Animalia,Arthropoda,Arachnida,Araneae,Salticidae,Salticidae,Habronattus tarsalis,Habronattus tarsalis,219841,"(Banks, 1904)",Habronattus,Habronattus,tarsalis, , ,S Foldi,S Foldi, ,10/9/05,2005,10,9,282,0,10/9/05, ,saltgrass patches,SEF 05_039, , , , , , , ,F,0, , , ,United States,California,Ventura, ,San Miguel,"San Miguel Island, behind dunes near trail at Cuyler Harbor",San Miguel, ,34.04582,-120.3506,WGS84,0, , , , , , ,0, , , , , , , , ,11/24/15 0:00,http://creativecommons.org/publicdomain/zero/1.0/, , ,urn:uuid:944adaaa-e011-4407-85cb-0987cedc822d,http://www.cal-ibis.org:80/collections/individual/index.php?occid=1576366
occurrence,Cal-IBIS,1556389,SDSU,TAC, ,b81c83d7-8ea1-475b-8c94-327913979a87,PreservedSpecimen,630d0b81-e856-4499-90b1-3cfa0d494116,SDSU_HA1499, ,Animalia,Arthropoda,Arachnida,Araneae,Salticidae,Salticidae,Habronattus tarsalis,Habronattus tarsalis,219841,"(Banks, 1904)",Habronattus,Habronattus,tarsalis, , ,S Foldi,S Foldi, ,10/26/04,2004,10,26,300,0,10/26/04, ,grass field, , , , , , , , ,F,0, , , ,United States,California,Los Angeles, ,Santa Catalina,"Santa Catalina Island, Little Harbor campground",Santa Catalina, ,33.38688,-118.474,WGS84,0, , , , , , ,0, , , , , , , , ,11/24/15 0:00,http://creativecommons.org/publicdomain/zero/1.0/, , ,urn:uuid:b7757cb9-d854-4103-a18b-914822b60724,http://www.cal-ibis.org:80/collections/individual/index.php?occid=1556389
occurrence,Cal-IBIS,1556392,SDSU,TAC, ,b81c83d7-8ea1-475b-8c94-327913979a87,PreservedSpecimen,648e8795-301f-454c-8f75-c710242edb1b,SDSU_HA1502, ,Animalia,Arthropoda,Arachnida,Araneae,Salticidae,Salticidae,Habronattus tarsalis,Habronattus tarsalis,219841,"(Banks, 1904)",Habronattus,Habronattus,tarsalis, , ,S Foldi,S Foldi, ,10/26/04,2004,10,26,300,0,10/26/04, ,grass field, , , , , , , , ,M3,0, , , ,United States,California,Los Angeles, ,Santa Catalina,"Santa Catalina Island, Little Harbor campground",Santa Catalina, ,33.38688,-118.474,WGS84,0, , , , , , ,0, , , , , , , , ,11/24/15 0:00,http://creativecommons.org/publicdomain/zero/1.0/, , ,urn:uuid:6be4215c-2295-4c8c-bd74-d3c421ec4d0c,http://www.cal-ibis.org:80/collections/individual/index.php?occid=1556392
occurrence,Cal-IBIS,1556388,SDSU,TAC, ,b81c83d7-8ea1-475b-8c94-327913979a87,PreservedSpecimen,98cc5bec-80fd-4530-9476-da53cb1e7421,SDSU_HA1498, ,Animalia,Arthropoda,Arachnida,Araneae,Salticidae,Salticidae,Habronattus tarsalis,Habronattus tarsalis,219841,"(Banks, 1904)",Habronattus,Habronattus,tarsalis, , ,S Foldi,S Foldi, ,10/26/04,2004,10,26,300,0,10/26/04, ,grass field, , , , , , , , ,F,0, , , ,United States,California,Los Angeles, ,Santa Catalina,"Santa Catalina Island, Little Harbor campground",Santa Catalina, ,33.38688,-118.474,WGS84,0, , , , , , ,0, , , , , , , , ,11/24/15 0:00,http://creativecommons.org/publicdomain/zero/1.0/, , ,urn:uuid:96705985-e2ba-4f86-ad91-4f4c3b28da37,http://www.cal-ibis.org:80/collections/individual/index.php?occid=1556388
occurrence,Cal-IBIS,1556391,SDSU,TAC, ,b81c83d7-8ea1-475b-8c94-327913979a87,PreservedSpecimen,ae0f5f2c-6dff-4da7-ac59-0e5965f91f3b,SDSU_HA1501, ,Animalia,Arthropoda,Arachnida,Araneae,Salticidae,Salticidae,Habronattus tarsalis,Habronattus tarsalis,219841,"(Banks, 1904)",Habronattus,Habronattus,tarsalis, , ,S Foldi,S Foldi, ,10/26/04,2004,10,26,300,0,10/26/04, ,grass field, , , , , , , , ,F,0, , , ,United States,California,Los Angeles, ,Santa Catalina,"Santa Catalina Island, Little Harbor campground",Santa Catalina, ,33.38688,-118.474,WGS84,0, , , , , , ,0, , , , , , , , ,11/24/15 0:00,http://creativecommons.org/publicdomain/zero/1.0/, , ,urn:uuid:bfce20cd-6b70-4b93-9883-ec9a117e235b,http://www.cal-ibis.org:80/collections/individual/index.php?occid=1556391
occurrence,Cal-IBIS,1556390,SDSU,TAC, ,b81c83d7-8ea1-475b-8c94-327913979a87,PreservedSpecimen,e1392174-14a7-4b37-8e17-10ee169398b5,SDSU_HA1500, ,Animalia,Arthropoda,Arachnida,Araneae,Salticidae,Salticidae,Habronattus tarsalis,Habronattus tarsalis,219841,"(Banks, 1904)",Habronattus,Habronattus,tarsalis, , ,S Foldi,S Foldi, ,10/26/04,2004,10,26,300,0,10/26/04, ,grass field, , , , , , , , ,F,0, , , ,United States,California,Los Angeles, ,Santa Catalina,"Santa Catalina Island, Little Harbor campground",Santa Catalina, ,33.38688,-118.474,WGS84,0, , , , , , ,0, , , , , , , , ,11/24/15 0:00,http://creativecommons.org/publicdomain/zero/1.0/, , ,urn:uuid:98d357c5-2239-4ade-a301-99a9ff1429ae,http://www.cal-ibis.org:80/collections/individual/index.php?occid=1556390
occurrence,Cal-IBIS,1565284,SDSU,TAC, ,b81c83d7-8ea1-475b-8c94-327913979a87,PreservedSpecimen,1cf436fe-1c1c-4a75-9329-ca0940c052de,SDSU_G2181, ,Animalia,Arthropoda,Arachnida,Araneae,Salticidae,Salticidae,Habronattus tarsalis,Habronattus tarsalis,219841,"(Banks, 1904)",Habronattus,Habronattus,tarsalis, , ,B Boyer,B Boyer, ,5/27/16,2016,5,27,148,0,5/27/16, ,"patchy, low-lying vegetation",BB 16_009, , , , , , ,adult,F,0, , , ,United States,California,Santa Barbara, ,Santa Cruz,"Santa Cruz Island, near Scorpion Anchorage",Santa Cruz, ,34.048908,-119.55684,WGS84,0, , , , , , ,0, , , , ,2, , ,preprocessed,10/31/19 0:00,http://creativecommons.org/publicdomain/zero/1.0/, , ,urn:uuid:58a608e6-9ffa-4c94-86da-141c5900e718,http://www.cal-ibis.org:80/collections/individual/index.php?occid=1565284
occurrence,Cal-IBIS,1565285,SDSU,TAC, ,b81c83d7-8ea1-475b-8c94-327913979a87,PreservedSpecimen,31902aac-02d6-484a-ad72-2d8c52a0d2ef,SDSU_HA1496, ,Animalia,Arthropoda,Arachnida,Araneae,Salticidae,Salticidae,Habronattus tarsalis,Habronattus tarsalis,219841,"(Banks, 1904)",Habronattus,Habronattus,tarsalis, , ,S Foldi,S Foldi, ,10/25/04,2004,10,25,299,0,10/25/04, ,saltgrass patch, , , , , , , , ,M,0, , , ,United States,California,Santa Barbara, ,Santa Cruz,"Santa Cruz Island, near Scorpion Anchorage",Santa Cruz, ,34.04522,-119.5536,WGS84,0,"34Â¼048 N, 119Â¼552 W", , , , , ,0, , , , , , , , ,11/24/15 0:00,http://creativecommons.org/publicdomain/zero/1.0/, , ,urn:uuid:b344e37b-f1d4-4846-96c0-ebdec8ce1647,http://www.cal-ibis.org:80/collections/individual/index.php?occid=1565285
occurrence,Cal-IBIS,1565281,SDSU,TAC, ,b81c83d7-8ea1-475b-8c94-327913979a87,PreservedSpecimen,3a0b8691-84dc-47f5-be15-2afaf8e6c88f,SDSU_G2176, ,Animalia,Arthropoda,Arachnida,Araneae,Salticidae,Salticidae,Habronattus tarsalis,Habronattus tarsalis,219841,"(Banks, 1904)",Habronattus,Habronattus,tarsalis, , ,B Boyer,B Boyer, ,5/27/16,2016,5,27,148,0,5/27/16, ,"patchy, low-lying vegetation",BB 16_009, , , , , , ,adult,F,0, , , ,United States,California,Santa Barbara, ,Santa Cruz,"Santa Cruz Island, near Scorpion Anchorage",Santa Cruz, ,34.048908,-119.55684,WGS84,0, , , , , , ,0, , , , ,2, , ,preprocessed,10/31/19 0:00,http://creativecommons.org/publicdomain/zero/1.0/, , ,urn:uuid:c68823a6-acc4-4348-87bc-18c2839625d8,http://www.cal-ibis.org:80/collections/individual/index.php?occid=1565281
occurrence,Cal-IBIS,1565280,SDSU,TAC, ,b81c83d7-8ea1-475b-8c94-327913979a87,PreservedSpecimen,3ede5a30-9276-4954-83bd-c7583a786c8a,SDSU_G2175, ,Animalia,Arthropoda,Arachnida,Araneae,Salticidae,Salticidae,Habronattus tarsalis,Habronattus tarsalis,219841,"(Banks, 1904)",Habronattus,Habronattus,tarsalis, , ,B Boyer,B Boyer, ,5/27/16,2016,5,27,148,0,5/27/16, ,"patchy, low-lying vegetation",BB 16_009, , , , , , ,adult,F,0, , , ,United States,California,Santa Barbara, ,Santa Cruz,"Santa Cruz Island, near Scorpion Anchorage",Santa Cruz, ,34.048908,-119.55684,WGS84,0, , , , , , ,0, , , , ,2, , ,preprocessed,10/31/19 0:00,http://creativecommons.org/publicdomain/zero/1.0/, , ,urn:uuid:43c2e46f-6baa-4411-89ea-e97247444c63,http://www.cal-ibis.org:80/collections/individual/index.php?occid=1565280
occurrence,Cal-IBIS,1565279,SDSU,TAC, ,b81c83d7-8ea1-475b-8c94-327913979a87,PreservedSpecimen,61169da9-3f42-4b28-b35a-cabb14add44e,SDSU_G2174, ,Animalia,Arthropoda,Arachnida,Araneae,Salticidae,Salticidae,Habronattus tarsalis,Habronattus tarsalis,219841,"(Banks, 1904)",Habronattus,Habronattus,tarsalis, , ,B Boyer,B Boyer, ,5/27/16,2016,5,27,148,0,5/27/16, ,"patchy, low-lying vegetation",BB 16_009, , , , , , ,adult,F,0, , , ,United States,California,Santa Barbara, ,Santa Cruz,"Santa Cruz Island, near Scorpion Anchorage",Santa Cruz, ,34.048908,-119.55684,WGS84,0, , , , , , ,0, , , , ,2, , ,preprocessed,10/31/19 0:00,http://creativecommons.org/publicdomain/zero/1.0/, , ,urn:uuid:49664def-25f0-4367-9856-e44535a4fefe,http://www.cal-ibis.org:80/collections/individual/index.php?occid=1565279
occurrence,Cal-IBIS,1565282,SDSU,TAC, ,b81c83d7-8ea1-475b-8c94-327913979a87,PreservedSpecimen,8dcf782c-be3f-445a-a885-00d64101ed15,SDSU_G2177, ,Animalia,Arthropoda,Arachnida,Araneae,Salticidae,Salticidae,Habronattus tarsalis,Habronattus tarsalis,219841,"(Banks, 1904)",Habronattus,Habronattus,tarsalis, , ,B Boyer,B Boyer, ,5/27/16,2016,5,27,148,0,5/27/16, ,"patchy, low-lying vegetation",BB 16_009, , , , , , ,imm,F,0, , , ,United States,California,Santa Barbara, ,Santa Cruz,"Santa Cruz Island, near Scorpion Anchorage",Santa Cruz, ,34.048908,-119.55684,WGS84,0, , , , , , ,0, , , , ,2, , ,preprocessed,10/31/19 0:00,http://creativecommons.org/publicdomain/zero/1.0/, , ,urn:uuid:f40ff7eb-504d-494d-825d-452dd15cebeb,http://www.cal-ibis.org:80/collections/individual/index.php?occid=1565282
occurrence,Cal-IBIS,1565283,SDSU,TAC, ,b81c83d7-8ea1-475b-8c94-327913979a87,PreservedSpecimen,97de9d1c-86d8-4e70-b77a-dcbc3ede83fc,SDSU_G2180, ,Animalia,Arthropoda,Arachnida,Araneae,Salticidae,Salticidae,Habronattus tarsalis,Habronattus tarsalis,219841,"(Banks, 1904)",Habronattus,Habronattus,tarsalis, , ,B Boyer,B Boyer, ,5/27/16,2016,5,27,148,0,5/27/16, ,"patchy, low-lying vegetation",BB 16_009, , , , , , ,adult,F,0, , , ,United States,California,Santa Barbara, ,Santa Cruz,"Santa Cruz Island, near Scorpion Anchorage",Santa Cruz, ,34.048908,-119.55684,WGS84,0, , , , , , ,0, , , , ,2, , ,preprocessed,10/31/19 0:00,http://creativecommons.org/publicdomain/zero/1.0/, , ,urn:uuid:d297c76d-7276-4fdf-ba8f-14a7aaf7c77f,http://www.cal-ibis.org:80/collections/individual/index.php?occid=1565283
occurrence,Cal-IBIS,1565278,SDSU,TAC, ,b81c83d7-8ea1-475b-8c94-327913979a87,PreservedSpecimen,d70727b3-8804-4cc2-b0b6-9144aa6d7d86,SDSU_G2173, ,Animalia,Arthropoda,Arachnida,Araneae,Salticidae,Salticidae,Habronattus tarsalis,Habronattus tarsalis,219841,"(Banks, 1904)",Habronattus,Habronattus,tarsalis, , ,B Boyer,B Boyer, ,5/27/16,2016,5,27,148,0,5/27/16, ,"patchy, low-lying vegetation",BB 16_009, , , , , , ,adult,F,0, , , ,United States,California,Santa Barbara, ,Santa Cruz,"Santa Cruz Island, near Scorpion Anchorage",Santa Cruz, ,34.048908,-119.55684,WGS84,0, , , , , , ,0, , , , ,2, , ,preprocessed,10/31/19 0:00,http://creativecommons.org/publicdomain/zero/1.0/, , ,urn:uuid:9e68d620-c1ad-4f90-b5d6-448d19d37831,http://www.cal-ibis.org:80/collections/individual/index.php?occid=1565278
occurrence,Cal-IBIS,1565286,SDSU,TAC, ,b81c83d7-8ea1-475b-8c94-327913979a87,PreservedSpecimen,ec335bbe-b7e6-47ff-82c2-92ca4c1da10b,SDSU_HA1497, ,Animalia,Arthropoda,Arachnida,Araneae,Salticidae,Salticidae,Habronattus tarsalis,Habronattus tarsalis,219841,"(Banks, 1904)",Habronattus,Habronattus,tarsalis, , ,S Foldi,S Foldi, ,10/25/04,2004,10,25,299,0,10/25/04, ,saltgrass patch, , , , , , , , ,M1,0, , , ,United States,California,Santa Barbara, ,Santa Cruz,"Santa Cruz Island, near Scorpion Anchorage",Santa Cruz, ,34.04522,-119.5536,WGS84,0,"34Â¼048 N, 119Â¼552 W", , , , , ,0, , , , , , , , ,11/24/15 0:00,http://creativecommons.org/publicdomain/zero/1.0/, , ,urn:uuid:df1100e0-3318-4e3a-99dd-6ef38c49afaa,http://www.cal-ibis.org:80/collections/individual/index.php?occid=1565286
occurrence,Cal-IBIS,1582319,SDSU,TAC, ,b81c83d7-8ea1-475b-8c94-327913979a87,PreservedSpecimen,164d18fa-6672-4815-85b9-ee5fc49949f0,SDSU_HA1495, ,Animalia,Arthropoda,Arachnida,Araneae,Salticidae,Salticidae,Habronattus tarsalis,Habronattus tarsalis,219841,"(Banks, 1904)",Habronattus,Habronattus,tarsalis, , ,S Foldi,S Foldi, ,10/19/04,2004,10,19,293,0,10/19/04, ,saltgrass, , , , , , , , ,M3,0, , , ,United States,California,Santa Barbara, ,Santa Rosa,"Santa Rosa Island, near Bechers Bay, by ranch just west of pier",Santa Rosa, ,34.00716,-120.0495,WGS84,0, , , , , , ,0, , , , , , , , ,11/24/15 0:00,http://creativecommons.org/publicdomain/zero/1.0/, , ,urn:uuid:7c538fd9-42c5-4ee4-a816-74b314ad38f4,http://www.cal-ibis.org:80/collections/individual/index.php?occid=1582319
occurrence,Cal-IBIS,1582320,SDSU,TAC, ,b81c83d7-8ea1-475b-8c94-327913979a87,PreservedSpecimen,8cfae8c1-40c8-438a-a570-ffc88b414c5b,SDSU_HA1506, ,Animalia,Arthropoda,Arachnida,Araneae,Salticidae,Salticidae,Habronattus tarsalis,Habronattus tarsalis,219841,"(Banks, 1904)",Habronattus,Habronattus,tarsalis, , ,S Foldi,S Foldi, ,10/19/04,2004,10,19,293,0,10/19/04, ,saltgrass, , , , , , , , ,M4,0, , , ,United States,California,Santa Barbara, ,Santa Rosa,"Santa Rosa Island, near Bechers Bay, by ranch just west of pier",Santa Rosa, ,34.00716,-120.0495,WGS84,0, , , , , , ,0, , , , , , , , ,11/24/15 0:00,http://creativecommons.org/publicdomain/zero/1.0/, , ,urn:uuid:e0cd9245-4cc3-401d-8b78-e3c1a9d688bb,http://www.cal-ibis.org:80/collections/individual/index.php?occid=1582320
occurrence,Cal-IBIS,1582318,SDSU,TAC, ,b81c83d7-8ea1-475b-8c94-327913979a87,PreservedSpecimen,cb946a2d-eb40-4fa3-9e15-3390c7a537de,SDSU_HA1494, ,Animalia,Arthropoda,Arachnida,Araneae,Salticidae,Salticidae,Habronattus tarsalis,Habronattus tarsalis,219841,"(Banks, 1904)",Habronattus,Habronattus,tarsalis, , ,S Foldi,S Foldi, ,10/19/04,2004,10,19,293,0,10/19/04, ,saltgrass, , , , , , , , ,F,0, , , ,United States,California,Santa Barbara, ,Santa Rosa,"Santa Rosa Island, near Bechers Bay, by ranch just west of pier",Santa Rosa, ,34.00716,-120.0495,WGS84,0, , , , , , ,0, , , , , , , , ,11/24/15 0:00,http://creativecommons.org/publicdomain/zero/1.0/, , ,urn:uuid:3b65e1fc-c0ec-48e2-ade4-92f46d6da90c,http://www.cal-ibis.org:80/collections/individual/index.php?occid=1582318
occurrence,Cal-IBIS,1582317,SDSU,TAC, ,b81c83d7-8ea1-475b-8c94-327913979a87,PreservedSpecimen,d3ecc745-f37b-4f6a-abf5-b0dd59c8eda8,SDSU_HA1493, ,Animalia,Arthropoda,Arachnida,Araneae,Salticidae,Salticidae,Habronattus tarsalis,Habronattus tarsalis,219841,"(Banks, 1904)",Habronattus,Habronattus,tarsalis, , ,S Foldi,S Foldi, ,10/19/04,2004,10,19,293,0,10/19/04, ,saltgrass, , , , , , , , ,F,0, , , ,United States,California,Santa Barbara, ,Santa Rosa,"Santa Rosa Island, near Bechers Bay, by ranch just west of pier",Santa Rosa, ,34.00716,-120.0495,WGS84,0, , , , , , ,0, , , , , , , , ,11/24/15 0:00,http://creativecommons.org/publicdomain/zero/1.0/, , ,urn:uuid:44d77bfb-5d1d-4da0-a7f0-27dc3f44fc7c,http://www.cal-ibis.org:80/collections/individual/index.php?occid=1582317
occurrence,Cal-IBIS,2077797,GBIF,ARTH, ,8057914d-70e4-4cc3-842d-dbbdebde837d,HUMAN_OBSERVATION,SRLI:Spiders_2018:1756, , ,Animalia,Arthropoda,Arachnida,Araneae,Salticidae,Salticidae,Pelegrina aeneola,Pelegrina aeneola,350721,"(Curtis, 1892)",Pelegrina,Pelegrina,aeneola, , , , , , ,0,0,0,0,0, , , , , , , , , , , , ,0, , , , , , , ,Santa Cruz, ,Santa Cruz, ,34,-119.78, ,0, ,Sini Seppala,records georeferenced using GoogleMaps to the nearest or exact locality provided, , , ,0, , , , , , , , ,1/22/21 0:00,http://creativecommons.org/publicdomain/zero/1.0/, , ,urn:uuid:043984c1-79f1-4b63-8185-4a3895507c9d,http://www.cal-ibis.org:80/collections/individual/index.php?occid=2077797
occurrence,Cal-IBIS,1556427,CAS,ENT, ,b81c83d7-8ea1-475b-8c94-327913979a87,PreservedSpecimen,6da35070-c882-4c74-823b-a7e78bf81b17,9045886, ,Animalia,Arthropoda,Arachnida,Araneae,Salticidae,Salticidae,Sassacus vitis,Sassacus vitis,390925,"(Cockerell, 1894)",Sassacus,Sassacus,vitis, , , ,John T. Doyen, ,1/5/78,1978,1,5,5,0,1/5/78, , , , , , , , , ,juvenile, ,1, , ,alcohol,United States,California,Los Angeles, ,Santa Catalina,"Santa Catalina Island, Middle Canyon", , ,0,0, ,0, , , , , , ,229, , , , ,500 - 750 feet, , ,Norman D. Penny,12/18/15 0:00,http://creativecommons.org/publicdomain/zero/1.0/, , ,urn:uuid:f7f0fa1d-fa4d-4ace-a450-875ea8c5624d,http://www.cal-ibis.org:80/collections/individual/index.php?occid=1556427
occurrence,Cal-IBIS,1578343,CAS,ENT, ,b81c83d7-8ea1-475b-8c94-327913979a87,PreservedSpecimen,b0f88d85-9541-497e-86a6-dc876a74a968,9047978, ,Animalia,Arthropoda,Arachnida,Araneae,Salticidae,Salticidae,Terralonus californicus,Terralonus californicus,418316,"(Peckham & Peckham, 1888)",Terralonus,Terralonus,californicus, , , ,John T. Doyen, ,7/5/78,1978,7,5,186,0,7/5/78, ,under seaweed, , , , , , , ,adult,1 female,1, , ,alcohol,United States,California,Ventura, ,San Nicolas,"Channel Islands National Park, San Nicolas Island, north end", , ,0,0, ,0, , , , , , ,0, , , , , , , ,Norman D. Penny,7/1/16 0:00,http://creativecommons.org/publicdomain/zero/1.0/, , ,urn:uuid:d43ed64b-2e06-4566-bd1c-b26778e9410f,http://www.cal-ibis.org:80/collections/individual/index.php?occid=1578343
occurrence,Cal-IBIS,2077859,GBIF,CAS, ,8057914d-70e4-4cc3-842d-dbbdebde837d,PRESERVED_SPECIMEN,039B87D1FFEBB108169BFE74C3B9F84E.mc.3B5A3C9AFFEBB1151328F954C65FF95D,CAS 9039605, ,Animalia,Arthropoda,Arachnida,Araneae,Ariadna,Segestriidae,Ariadna bicolor,Ariadna bicolor,103341,"(Hentz, 1842)",Ariadna,Ariadna,bicolor, , , ,J. C. Chamberlin, ,5/27/21,1921,5,27,147,0,1921-05-27T00:00:00, , , , , , , , , , ,FEMALE,1, , , ,United States,California, , ,Santa Catalina,Santa Catalina Island,Santa Catalina, ,33.383335,-118.416664, ,0, , , , , , ,0, , , , , , , , ,1/22/21 0:00,http://creativecommons.org/publicdomain/zero/1.0/, , ,urn:uuid:9a27069a-abb1-4eb4-91f7-3bef44dac92d,http://www.cal-ibis.org:80/collections/individual/index.php?occid=2077859
occurrence,Cal-IBIS,1565426,CAS,ENT, ,b81c83d7-8ea1-475b-8c94-327913979a87,PreservedSpecimen,34c81460-096f-4612-b3ac-4717dab52719,9052022, ,Animalia,Arthropoda,Arachnida,Araneae,Thomisidae,Thomisidae,Mecaphesa lepida,Mecaphesa lepida,265180,"(Thorell, 1877)",Mecaphesa,Mecaphesa,lepida, , , ,David C. Rentz; David Weissman, ,6/14/72,1972,6,14,166,0,6/14/72, , ,1837, , , , , , ,adult,1 female,1, , ,75% ethyl alcohol,United States,California,Santa Barbara, ,Santa Cruz,"Channel Islands National Park, Santa Cruz Island, Diablo", , ,0,0, ,0, , , , , , ,0, , , , , , ,English,npenny,4/28/16 0:00,http://creativecommons.org/publicdomain/zero/1.0/, , ,urn:uuid:b90ea560-0909-4633-9bff-5a174dcb599d,http://www.cal-ibis.org:80/collections/individual/index.php?occid=1565426
occurrence,Cal-IBIS,1565623,CAS,ENT, ,b81c83d7-8ea1-475b-8c94-327913979a87,PreservedSpecimen,4e70a882-d744-4240-a5e3-dd00525d5af3,9053675, ,Animalia,Arthropoda,Arachnida,Araneae,Thomisidae,Thomisidae,Tmarus angulatus,Tmarus angulatus,425202,"(Walckenaer, 1837)",Tmarus,Tmarus,angulatus, , , ,David C. Rentz; David Weissman, ,6/14/72,1972,6,14,166,-31,6/14/72, , , , , , , , , ,adult,female,1, , ,75% ethyl alcohol,United States,California,Santa Barbara, ,Santa Cruz,"Channel Islands National Park, Santa Cruz Island, Research Station", , ,0,0, ,0, , , , , , ,0, , , , , , ,English,npenny,5/23/16 0:00,http://creativecommons.org/publicdomain/zero/1.0/, , ,urn:uuid:a96b8601-5b3f-4a76-936a-e9faf2925097,http://www.cal-ibis.org:80/collections/individual/index.php?occid=1565623