source,order,family,genus,specificEp,yearpub,PUBL,year,month,Anacapa,Santa Barbara,Santa Catalina,San Clemente,Santa Cruz,San Miguel,San Nicholas,Santa Rosa 
lit,Hymenoptera,Andrenidae,Andrena,sp. 1,1985,Ent. Calif. Ch. Isls. Proc.,,,,,,,1,,,
lit,Hymenoptera,Andrenidae,Andrena,sp. 2,1939,Proc. Calif. Acad. Sci. ser.4,,,,,1,,,,,
lit,Hymenoptera,Andrenidae,Andrena,sp. 2,1985,Ent. Calif. Ch. Isls. Proc.,,,,,1,,,,,1
lit,Hymenoptera,Andrenidae,Andrena,sp. 3,1985,Ent. Calif. Ch. Isls. Proc.,,,,,,,,1,,
lit,Hymenoptera,Andrenidae,Andrena,sp. 4,1985,Ent. Calif. Ch. Isls. Proc.,,,,,1,,,,,
lit,Hymenoptera,Andrenidae,Andrena,sp. 5,1985,Ent. Calif. Ch. Isls. Proc.,,,,,,,1,,,
lit,Hymenoptera,Andrenidae,Andrena,sp. 6,1985,Ent. Calif. Ch. Isls. Proc.,,,1,,,,1,,,
lit,Hymenoptera,Andrenidae,Andrena (Diandrena),gnaphalii,1938,Ann. & Mag. Nat. Hist.,1938,3,,,1,,,,,
lit,Hymenoptera,Andrenidae,Andrena (Diandrena),gnaphalii,1938,Ann. & Mag. Nat. Hist. ser. 11,,,,,1,,,,,
lit,Hymenoptera,Andrenidae,Andrena (Diandrena),gnaphalii,1939,Proc. Calif. Acad. Sci. ser.4,,,,,1,,,,,
lit,Hymenoptera,Andrenidae,Andrena (Diandrena),gnaphalii,1969,Univ. Calif. Publ. Ent.,,,,,1,,,,,
lit,Hymenoptera,Andrenidae,Andrena (Diandrena),gnaphalii,1985,Ent. Calif. Ch. Isls. Proc.,,,,,1,,,,,
lit,Hymenoptera,Andrenidae,Andrena (Diandrena),submoesta,1985,Ent. Calif. Ch. Isls. Proc.,1979,3,1,,,,,,,
lit,Hymenoptera,Andrenidae,Andrena (Diandrena),submoesta,1985,Ent. Calif. Ch. Isls. Proc.,,,1,1,,1,,1,1,
lit,Hymenoptera,Andrenidae,Andrena (Euandrena),auricoma,1938,Ann. & Mag. Nat. Hist.,1938,3,,,1,,,,,
lit,Hymenoptera,Andrenidae,Andrena (Euandrena),auricoma,1939,Proc. Calif. Acad. Sci. ser.4,,,,,1,,,,,
lit,Hymenoptera,Andrenidae,Andrena (Euandrena),auricoma,1975,Trans. Amer. Ent. Soc.,,,,,,,1,,,
lit,Hymenoptera,Andrenidae,Andrena (Euandrena),auricoma,1985,Ent. Calif. Ch. Isls. Proc.,,,,,,,,,,1
lit,Hymenoptera,Andrenidae,Andrena (Euandrena),caerulea,1939,Proc. Calif. Acad. Sci. ser.4,,,,,,,,1,,
lit,Hymenoptera,Andrenidae,Andrena (Euandrena),caerulea,1975,Trans. Amer. Ent. Soc.,,,,,,,1,,,
lit,Hymenoptera,Andrenidae,Andrena (Euandrena),caerulea,1985,Ent. Calif. Ch. Isls. Proc.,,,,,,,1,,,1
lit,Hymenoptera,Andrenidae,Andrena (Euandrena),chlorura,1940,Bull. S. Calif. Acad. Sci.,,,,,,1,,,,
lit,Hymenoptera,Andrenidae,Andrena (Euandrena),chlorura,1941,Bull. S. Calif. Acad. Sci.,,,,,,1,,,,
lit,Hymenoptera,Andrenidae,Andrena (Euandrena),chlorura,1975,Trans. Amer. Ent. Soc.,,,,,,1,,,,
lit,Hymenoptera,Andrenidae,Andrena (Euandrena),chlorura,1985,Ent. Calif. Ch. Isls. Proc.,,,,,,,,,,
lit,Hymenoptera,Andrenidae,Andrena (Euandrena),escondida,1938,Ann. & Mag. Nat. Hist.,1938,3,,,1,,,,,
lit,Hymenoptera,Andrenidae,Andrena (Euandrena),escondida,1938,Ann. & Mag. Nat. Hist. ser. 11,,,,,1,,,,,
lit,Hymenoptera,Andrenidae,Andrena (Euandrena),escondida,1939,Proc. Calif. Acad. Sci. ser.4,,,,,1,,,,,
lit,Hymenoptera,Andrenidae,Andrena (Euandrena),escondida,1941,Trans. S. Diego Soc. Nat. Hist,,,,,1,,,,,
lit,Hymenoptera,Andrenidae,Andrena (Euandrena),escondida,1985,Ent. Calif. Ch. Isls. Proc.,,,,,,,,,,
lit,Hymenoptera,Andrenidae,Andrena (Euandrena),nigrocaerulea,1985,Ent. Calif. Ch. Isls. Proc.,,,,,,,1,,,
lit,Hymenoptera,Andrenidae,Andrena (Euandrena),sp.,1985,Ent. Calif. Ch. Isls. Proc.,,,,,1,,,,,
lit,Hymenoptera,Andrenidae,Andrena (Euandrena),suavis,1985,Ent. Calif. Ch. Isls. Proc.,,,,,,,1,,,
lit,Hymenoptera,Andrenidae,Andrena (Hesperandrena),baeriae,1939,Proc. Calif. Acad. Sci. ser.4,,,,,1,,,,,
lit,Hymenoptera,Andrenidae,Andrena (Hesperandrena),baeriae,1941,Bull. S. Calif. Acad. Sci.,,,,,1,,,,,
lit,Hymenoptera,Andrenidae,Andrena (Melandrena),cerasifolii,1938,Ann. & Mag. Nat. Hist.,1938,3,,,1,,,,,
lit,Hymenoptera,Andrenidae,Andrena (Melandrena),cerasifolii,1939,Proc. Calif. Acad. Sci. ser.4,,,,,1,,,,,
lit,Hymenoptera,Andrenidae,Andrena (Melandrena),cerasifolii,1985,Ent. Calif. Ch. Isls. Proc.,,,,,,,,,,
lit,Hymenoptera,Andrenidae,Andrena (Melandrena),meadowsi,NA,,,,,,,,,,,
lit,Hymenoptera,Andrenidae,Andrena (Melandrena),perimelas,1938,Ann. & Mag. Nat. Hist. ser. 11,,,,,1,,,,,
lit,Hymenoptera,Andrenidae,Andrena (Melandrena),perimelas,1939,Proc. Calif. Acad. Sci. ser.4,,,,,1,,,,,
lit,Hymenoptera,Andrenidae,Andrena (Melandrena),perimelas,1979,Trans. Amer. Ent. Soc.,,,,,1,,1,1,,
lit,Hymenoptera,Andrenidae,Andrena (Melandrena),perimelas,1985,Ent. Calif. Ch. Isls. Proc.,1979,3,1,,,,,,,
lit,Hymenoptera,Andrenidae,Andrena (Melandrena),perimelas,1985,Ent. Calif. Ch. Isls. Proc.,,,1,,1,,1,1,,
lit,Hymenoptera,Andrenidae,Andrena (Melandrena),sola,1979,Trans. Amer. Ent. Soc.,,,,,,,1,,,
lit,Hymenoptera,Andrenidae,Andrena (Melandrena),sola,1985,Ent. Calif. Ch. Isls. Proc.,,,,,,,1,,,1
lit,Hymenoptera,Andrenidae,Andrena (Melandrena),sp.,1985,Ent. Calif. Ch. Isls. Proc.,,,,,,,1,,,
lit,Hymenoptera,Andrenidae,Andrena (Micrandrena),chlorogaster,1939,Pom. Coll. J. Ent. & Zool.,,,,,1,,,,,
lit,Hymenoptera,Andrenidae,Andrena (Micrandrena),chlorogaster,1939,Proc. Calif. Acad. Sci. ser.4,,,,,1,,,,,
lit,Hymenoptera,Andrenidae,Andrena (Micrandrena),chlorogaster,1951,Proc. U.S. Natl. Mus.,,,,,1,,,,,
lit,Hymenoptera,Andrenidae,Andrena (Micrandrena),chlorogaster,1968,Bull. Univ. Nebr. State Mus.,,,,,1,,,,,
lit,Hymenoptera,Andrenidae,Andrena (Micrandrena),chlorogaster,1985,Ent. Calif. Ch. Isls. Proc.,,,,,,,1,,,
lit,Hymenoptera,Andrenidae,Andrena (Micrandrena),piperi,1968,Bull. Univ. Nebr. State Mus.,,,,,,,1,,,
lit,Hymenoptera,Andrenidae,Andrena (Micrandrena),piperi,1985,Ent. Calif. Ch. Isls. Proc.,,,,,,,1,,,
lit,Hymenoptera,Andrenidae,Andrena (Onagrandrena),oenotherae,1973,Univ. Calif. Publ. Ent.,,,,,,,1,,,
lit,Hymenoptera,Andrenidae,Andrena (Onagrandrena),oenotherae,1985,Ent. Calif. Ch. Isls. Proc.,,,,,,,,,,
lit,Hymenoptera,Andrenidae,Andrena (Plastandrena),prunorum prunorum,1985,Ent. Calif. Ch. Isls. Proc.,1978,6,1,,,,,,,
lit,Hymenoptera,Andrenidae,Andrena (Plastandrena),prunorum prunorum,1985,Ent. Calif. Ch. Isls. Proc.,,,1,,,,1,,,
lit,Hymenoptera,Andrenidae,Andrena (Simandrena),hypoleuca,1939,Pom. Coll. J. Ent. & Zool.,,,,,1,,,,,
lit,Hymenoptera,Andrenidae,Andrena (Simandrena),hypoleuca,1939,Proc. Calif. Acad. Sci. ser.4,,,,,1,,,,,
lit,Hymenoptera,Andrenidae,Andrena (Simandrena),hypoleuca,1985,Ent. Calif. Ch. Isls. Proc.,,,,,,,1,,,
lit,Hymenoptera,Andrenidae,Andrena (Simandrena),hypoleuca,1989,Trans. Amer. Ent. Soc.,,,,,1,,1,,,
lit,Hymenoptera,Andrenidae,Andrena (Simandrena),pallidifovea,1989,Trans. Amer. Ent. Soc.,,,,,,,1,,,
lit,Hymenoptera,Andrenidae,Andrena (Simandrena),sp.,1985,Ent. Calif. Ch. Isls. Proc.,1979,3,1,,,,,,,
lit,Hymenoptera,Andrenidae,Andrena (Simandrena),sp.,1985,Ent. Calif. Ch. Isls. Proc.,,,,,,,1,,,
lit,Hymenoptera,Andrenidae,Andrena (Thysandrena),candida,1985,Ent. Calif. Ch. Isls. Proc.,,,,,1,,1,,,
lit,Hymenoptera,Andrenidae,Panurginus,armaticeps,1985,Ent. Calif. Ch. Isls. Proc.,,,,,,,1,,,
lit,Hymenoptera,Andrenidae,Panurginus,gracilis,1985,Ent. Calif. Ch. Isls. Proc.,,,,,,,1,,,
lit,Hymenoptera,Andrenidae,Perdita,layiae layiae,1938,Ann. & Mag. Nat. Hist.,1938,5,,,,,,1,,
lit,Hymenoptera,Andrenidae,Perdita,layiae layiae,1938,Ann. & Mag. Nat. Hist. ser. 11,,,,,,,,1,,
lit,Hymenoptera,Andrenidae,Perdita,layiae layiae,1939,Proc. Calif. Acad. Sci. ser.4,,,,,,,,1,,
lit,Hymenoptera,Andrenidae,Perdita,layiae layiae,1956,Univ. Calif. Publ. Ent.,,,,,,,,1,,
lit,Hymenoptera,Andrenidae,Perdita,layiae layiae,1985,Ent. Calif. Ch. Isls. Proc.,,,,,,,1,1,,
lit,Hymenoptera,Andrenidae,Perdita,sp.,1985,Ent. Calif. Ch. Isls. Proc.,,,,,,,,,,1
lit,Hymenoptera,Andrenidae,Pterosarus,californicus,1985,Ent. Calif. Ch. Isls. Proc.,,,,,1,1,,,,1
lit,Hymenoptera,Anthophoridae,Anthophora (Anthophora),bomboides,1902,Rep. Agr. Exp. Sta. Univ. Cal,1898,6,,,1,,,,,
lit,Hymenoptera,Anthophoridae,Anthophora (Anthophora),bomboides,1938,Ann. & Mag. Nat. Hist.,1938,5,,,1,,,,,
lit,Hymenoptera,Anthophoridae,Anthophora (Anthophora),bomboides,1939,Proc. Calif. Acad. Sci. ser.4,,,,,1,,,,,
lit,Hymenoptera,Anthophoridae,Anthophora (Anthophora),bomboides,1939,Sci. Mon.,,,,,1,,,,,
lit,Hymenoptera,Anthophoridae,Anthophora (Anthophora),bomboides,1983,Univ. Calif. Publ. Ent.,,,,,1,,,,,
lit,Hymenoptera,Anthophoridae,Anthophora (Anthophora),bomboides,1985,Ent. Calif. Ch. Isls. Proc.,,,,,1,,,,,
lit,Hymenoptera,Anthophoridae,Anthophora (Anthophora),californica,1988,Univ. Kansas Sci. Bull.,,,,,,,,1,,
lit,Hymenoptera,Anthophoridae,Anthophora (Anthophora),californica,1988,Univ. Kansas Sci. Bull.,,,,,,,,1,,
lit,Hymenoptera,Anthophoridae,Anthophora (Anthophora),catalinae,NA,,,,,,,,,,,
lit,Hymenoptera,Anthophoridae,Anthophora (Anthophora),edwardsii,1985,Ent. Calif. Ch. Isls. Proc.,1940,8,1,,,,,,,
lit,Hymenoptera,Anthophoridae,Anthophora (Anthophora),edwardsii,1939,Bull. S. Calif. Acad. Sci.,1939,3,,,,1,,,,
lit,Hymenoptera,Anthophoridae,Anthophora (Anthophora),edwardsii,1939,Proc. Calif. Acad. Sci. ser.4,,,,,1,,,1,,
lit,Hymenoptera,Anthophoridae,Anthophora (Anthophora),edwardsii,1940,Proc. Sixth Pac. Sci. Cong.,,,,,,1,,,,
lit,Hymenoptera,Anthophoridae,Anthophora (Anthophora),edwardsii,1938,Ann. & Mag. Nat. Hist.,1938,5,,,1,,,1,,
lit,Hymenoptera,Anthophoridae,Anthophora (Anthophora),edwardsii,1985,Ent. Calif. Ch. Isls. Proc.,,,1,1,1,1,1,1,1,1
lit,Hymenoptera,Anthophoridae,Anthophora (Anthophora),urbana,1901,Can. Ent.,,,,,1,,,,,
lit,Hymenoptera,Anthophoridae,Anthophora (Anthophora),urbana,1901,Can. Ent.,,,,,1,,,,,
lit,Hymenoptera,Anthophoridae,Anthophora (Anthophora),urbana,1903,Psyche,,,,,1,,,,,
lit,Hymenoptera,Anthophoridae,Anthophora (Anthophora),urbana,1937,Pan-Pac. Ent.,1937,7,,,1,,,,,
lit,Hymenoptera,Anthophoridae,Anthophora (Anthophora),urbana,1937,Pan-Pac. Ent.,,,,,1,,,,,
lit,Hymenoptera,Anthophoridae,Anthophora (Anthophora),urbana,1939,Proc. Calif. Acad. Sci. ser.4,,,,,,,,,1,
lit,Hymenoptera,Anthophoridae,Anthophora (Anthophora),urbana,1939,Bull. S. Calif. Acad. Sci.,,,,,,,,,1,
lit,Hymenoptera,Anthophoridae,Anthophora (Anthophora),urbana,1939,Bull. S. Calif. Acad. Sci.,1939,5,,1,1,,,,,
lit,Hymenoptera,Anthophoridae,Anthophora (Anthophora),urbana,1939,Proc. Calif. Acad. Sci. ser.4,,,,,1,,,,,
lit,Hymenoptera,Anthophoridae,Anthophora (Anthophora),urbana,1939,Bull. S. Calif. Acad. Sci.,1939,8,,,,,1,1,,
lit,Hymenoptera,Anthophoridae,Anthophora (Anthophora),urbana,1939,Proc. Calif. Acad. Sci. ser.4,,,,,,1,,,,
lit,Hymenoptera,Anthophoridae,Anthophora (Anthophora),urbana,1940,Proc. Sixth Pac. Sci. Cong.,,,,,,,,,1,
lit,Hymenoptera,Anthophoridae,Anthophora (Anthophora),urbana,1940,Proc. Sixth Pac. Sci. Cong.,,,,,,1,,,,
lit,Hymenoptera,Anthophoridae,Anthophora (Anthophora),urbana,1940,Proc. Sixth Pac. Sci. Cong.,1901,8,,,1,,,,,
lit,Hymenoptera,Anthophoridae,Anthophora (Anthophora),urbana,1985,Ent. Calif. Ch. Isls. Proc.,,,,1,1,1,1,,1,
lit,Hymenoptera,Anthophoridae,Anthophora (Anthophora),urbana,1988,Univ. Kansas Sci. Bull.,,,,,1,1,,,1,
lit,Hymenoptera,Anthophoridae,Anthophora (Anthophorida),californica,1937,Pan-Pac. Ent.,1937,7,,,,,,1,,
lit,Hymenoptera,Anthophoridae,Anthophora (Anthophorida),californica,1939,Proc. Calif. Acad. Sci. ser.4,,,,,,,,1,,
lit,Hymenoptera,Anthophoridae,Anthophora (Anthophorida),californica,1985,Ent. Calif. Ch. Isls. Proc.,1978,8,1,,,,,,,
lit,Hymenoptera,Anthophoridae,Anthophora (Anthophorida),californica,1985,Ent. Calif. Ch. Isls. Proc.,,,1,,,,,1,,1
lit,Hymenoptera,Anthophoridae,Centris (Xerocentris),pallida,1966,LACM Cont. Sci.,,,,,1,,,,,
lit,Hymenoptera,Anthophoridae,Centris (Xerocentris),pallida,1985,Ent. Calif. Ch. Isls. Proc.,,,,,,,,,,
lit,Hymenoptera,Anthophoridae,Ceratina,acantha,1939,Bull. S. Calif. Acad. Sci.,1939,8,,,,,1,,,
lit,Hymenoptera,Anthophoridae,Ceratina,acantha,1973,Univ. Calif. Publ. Ent.,,,1,,,,1,,,
lit,Hymenoptera,Anthophoridae,Ceratina,acantha,1985,Ent. Calif. Ch. Isls. Proc.,1919,8,1,,,,,,,
lit,Hymenoptera,Anthophoridae,Ceratina,acantha,1985,Ent. Calif. Ch. Isls. Proc.,,,1,,,,1,,,
lit,Hymenoptera,Anthophoridae,Ceratina,nanula,1892,Zoe,1892,8,,,1,,,,,
lit,Hymenoptera,Anthophoridae,Ceratina,nanula,1902,Rep. Agr. Exp. Sta. Univ. Cal,1898,6,,,1,,,,,
lit,Hymenoptera,Anthophoridae,Ceratina,nanula,1939,Proc. Calif. Acad. Sci. ser.4,,,,,1,,,,,
lit,Hymenoptera,Anthophoridae,Ceratina,nanula,1973,Univ. Calif. Publ. Ent.,,,,,1,,,,,
lit,Hymenoptera,Anthophoridae,Ceratina,nanula,1985,Ent. Calif. Ch. Isls. Proc.,,,,,1,,,,,
lit,Hymenoptera,Anthophoridae,Diadasia,bituberculata,1985,Ent. Calif. Ch. Isls. Proc.,,,,,,1,1,,,
lit,Hymenoptera,Anthophoridae,Diadasia,enavata,1899,Can. Ent.,,,,,1,,,,,
lit,Hymenoptera,Anthophoridae,Diadasia,enavata,1902,Rep. Agr. Exp. Sta. Univ. Cal,1898,6,,,1,,,,,
lit,Hymenoptera,Anthophoridae,Diadasia,enavata,1985,Ent. Calif. Ch. Isls. Proc.,,,,,,,,,,
lit,Hymenoptera,Anthophoridae,Diadasia,ochracea,1939,Proc. Calif. Acad. Sci. ser.4,,,,,1,,,,,
lit,Hymenoptera,Anthophoridae,Diadasia,ochracea,1940,Proc. Sixth Pac. Sci. Cong.,,,,,1,,,,,
lit,Hymenoptera,Anthophoridae,Diadasia,ochracea,1985,Ent. Calif. Ch. Isls. Proc.,,,,,,,,,,
lit,Hymenoptera,Anthophoridae,Diadasia,opuntiae,1939,Pan-Pac. Ent.,,,,,1,,,,,
lit,Hymenoptera,Anthophoridae,Diadasia,opuntiae,1939,Proc. Calif. Acad. Sci. ser.4,,,,,1,1,,,,
lit,Hymenoptera,Anthophoridae,Diadasia,opuntiae,1969,"Ph. D. thesis, Univ. Calif. D.",,,,,1,1,,,,
lit,Hymenoptera,Anthophoridae,Diadasia,opuntiae,1985,Ent. Calif. Ch. Isls. Proc.,1940,8,1,,,,,,,
lit,Hymenoptera,Anthophoridae,Diadasia,opuntiae,1985,Ent. Calif. Ch. Isls. Proc.,,,1,,,,,,,
lit,Hymenoptera,Anthophoridae,Diadasia,rinconis,1939,Bios,,,,,,1,1,,1,
lit,Hymenoptera,Anthophoridae,Diadasia,rinconis,1985,Ent. Calif. Ch. Isls. Proc.,,,,,1,1,1,,1,1
lit,Hymenoptera,Anthophoridae,Diadasia,rinconis mimetica,1924,Pan-Pac. Ent.,,,,,,,1,,,
lit,Hymenoptera,Anthophoridae,Diadasia,rinconis mimetica,1938,Ann. & Mag. Nat. Hist.,1938,5,,,1,,1,,,
lit,Hymenoptera,Anthophoridae,Diadasia,rinconis mimetica,1939,Bull. S. Calif. Acad. Sci.,1939,8,,,,,1,,,1
lit,Hymenoptera,Anthophoridae,Diadasia,rinconis mimetica,1939,Proc. Calif. Acad. Sci. ser.4,,,,,1,1,1,,1,
lit,Hymenoptera,Anthophoridae,Diadasia,rinconis mimetica,1969,"Ph. D. thesis, Univ. Calif. D.",,,,,1,1,1,,1,1
lit,Hymenoptera,Anthophoridae,Emphor,sp.?,1892,Zoe,1892,8,,,1,,,,,
lit,Hymenoptera,Anthophoridae,Epeolus,minimus,1937,Pan-Pac. Ent.,1927,7,,,,,,1,,
lit,Hymenoptera,Anthophoridae,Epeolus,minimus,1938,Ann. & Mag. Nat. Hist.,,,,,,,,1,,
lit,Hymenoptera,Anthophoridae,Epeolus,minimus,1939,Proc. Calif. Acad. Sci. ser.4,,,,,,,,1,,
lit,Hymenoptera,Anthophoridae,Epeolus,minimus,1984,Pan-Pac. Ent.,,,1,,1,,1,1,,1
lit,Hymenoptera,Anthophoridae,Epeolus,minimus,1985,Ent. Calif. Ch. Isls. Proc.,1978,8,1,,,,,,,
lit,Hymenoptera,Anthophoridae,Epeolus,minimus,1985,Ent. Calif. Ch. Isls. Proc.,,,1,,,,1,1,,1
lit,Hymenoptera,Anthophoridae,Epeolus,sp.,1902,Rep. Agr. Exp. Sta. Univ. Cal,1898,6,,,1,,,,,
lit,Hymenoptera,Anthophoridae,Epeolus,sp.,1985,Ent. Calif. Ch. Isls. Proc.,,,,,1,,1,,,
lit,Hymenoptera,Anthophoridae,Exomalopsis (Anthophor.),cockerelli,1980,Univ. Calif. Publ. Ent.,,,,,1,,,,,
lit,Hymenoptera,Anthophoridae,Exomalopsis (Anthophor.),cockerelli,1985,Ent. Calif. Ch. Isls. Proc.,,,,,1,,,,,
lit,Hymenoptera,Anthophoridae,Exomalopsis (Anthophor.),nitens,1939,Proc. Calif. Acad. Sci. ser.4,,,,,1,,,,,
lit,Hymenoptera,Anthophoridae,Exomalopsis (Anthophor.),nitens,1940,Proc. Sixth Pac. Sci. Cong.,,,,,1,,,,,
lit,Hymenoptera,Anthophoridae,Exomalopsis (Anthophor.),nitens,1985,Ent. Calif. Ch. Isls. Proc.,,,,,1,,,,,
lit,Hymenoptera,Anthophoridae,Habropoda,depressa,1899,Can. Ent.,,,,,1,,,,,
lit,Hymenoptera,Anthophoridae,Habropoda,depressa,1902,Rep. Agr. Exp. Sta. Univ. Cal,1898,6,,,1,,,,,
lit,Hymenoptera,Anthophoridae,Habropoda,depressa,1939,Proc. Calif. Acad. Sci. ser.4,,,,,1,,,,,
lit,Hymenoptera,Anthophoridae,Habropoda,depressa,1985,Ent. Calif. Ch. Isls. Proc.,,,,,,,,,,
lit,Hymenoptera,Anthophoridae,Habropoda,miserabilis,1938,Ann. & Mag. Nat. Hist.,1938,5,,,,,,1,,
lit,Hymenoptera,Anthophoridae,Habropoda,miserabilis,1939,Proc. Calif. Acad. Sci. ser.4,,,,,,,,1,,
lit,Hymenoptera,Anthophoridae,Habropoda,miserabilis,1985,Ent. Calif. Ch. Isls. Proc.,,,,,,,,1,,
lit,Hymenoptera,Anthophoridae,Habropoda,sp.,1985,Ent. Calif. Ch. Isls. Proc.,,,,,,1,,,,
lit,Hymenoptera,Anthophoridae,Hypochrotaenia,formula,1939,Bull. S. Calif. Acad. Sci.,1939,8,,,,,,1,,1
lit,Hymenoptera,Anthophoridae,Hypochrotaenia,formula,1939,Proc. Calif. Acad. Sci. ser.4,,,,,1,,,,,
lit,Hymenoptera,Anthophoridae,Hypochrotaenia,formula,1985,Ent. Calif. Ch. Isls. Proc.,1978,8,1,,,,,,,
lit,Hymenoptera,Anthophoridae,Hypochrotaenia,formula,1985,Ent. Calif. Ch. Isls. Proc.,,,1,,1,1,1,,1,
lit,Hymenoptera,Anthophoridae,Hypochrotaenia,formula,1986,Psyche,1984,5,,,,,,,1,
lit,Hymenoptera,Anthophoridae,Hypochrotaenia,suavis,1939,Bull. S. Calif. Acad. Sci.,1939,8,,,,,1,,,1
lit,Hymenoptera,Anthophoridae,Hypochrotaenia,suavis,1939,Proc. Calif. Acad. Sci. ser.4,,,,,1,,,,,
lit,Hymenoptera,Anthophoridae,Hypochrotaenia,suavis,1985,Ent. Calif. Ch. Isls. Proc.,,,,,1,,1,,,
lit,Hymenoptera,Anthophoridae,Hypochrotaenia,suavis,1985,Ent. Calif. Ch. Isls. Proc.,,,,,1,,1,,,1
lit,Hymenoptera,Anthophoridae,Hypochrotaenia,suavis,1986,Psyche,,,,,,,,1,,
lit,Hymenoptera,Anthophoridae,Melecta,separata separata,1985,Ent. Calif. Ch. Isls. Proc.,,,,,,1,,,,
lit,Hymenoptera,Anthophoridae,Melissodes,scotti,1939,Proc. Calif. Acad. Sci. ser.4,,,,,,1,,,,
lit,Hymenoptera,Anthophoridae,Melissodes,scotti,1940,Proc. Sixth Pac. Sci. Cong.,,,,,,1,,,,
lit,Hymenoptera,Anthophoridae,Melissodes,scotti,1985,Ent. Calif. Ch. Isls. Proc.,,,,,,1,,,,
lit,Hymenoptera,Anthophoridae,Melissodes (Callimelissod,catalinensis,NA,,,,,,,,,,,
lit,Hymenoptera,Anthophoridae,Melissodes (Callimelissod,lupina,1905,Bull. S. Calif. Acad. Sci.,,,,,1,,,,,
lit,Hymenoptera,Anthophoridae,Melissodes (Callimelissod,lupina,1923,Proc. Calif. Acad. Sci. ser. 4,,,,,1,,,,,
lit,Hymenoptera,Anthophoridae,Melissodes (Callimelissod,lupina,1939,Bull. S. Calif. Acad. Sci.,1939,8,,,,,,,,1
lit,Hymenoptera,Anthophoridae,Melissodes (Callimelissod,lupina,1985,Ent. Calif. Ch. Isls. Proc.,,,1,1,,,1,,,1
lit,Hymenoptera,Anthophoridae,Melissodes (Callimelissod,lupina,1940,Proc. Sixth Pac. Sci. Cong.,,,,,1,,,,,
lit,Hymenoptera,Anthophoridae,Melissodes (Callimelissod,lupina,1961,Univ. Kansas Sci. Bull.,,,,,1,,,,,
lit,Hymenoptera,Anthophoridae,Melissodes (Callimelissod,lupina,1985,Ent. Calif. Ch. Isls. Proc.,1978,8,1,,,,,,,
lit,Hymenoptera,Anthophoridae,Melissodes (Callimelissod,lupina,1939,Proc. Calif. Acad. Sci. ser.4,,,,,1,,,,,
lit,Hymenoptera,Anthophoridae,Melissodes (Eumelissodes),agilis,1961,Univ. Kansas Sci. Bull.,,,,,1,,,,,
lit,Hymenoptera,Anthophoridae,Melissodes (Eumelissodes),agilis,1985,Ent. Calif. Ch. Isls. Proc.,,,,,1,,,,,
lit,Hymenoptera,Anthophoridae,Nomada,sp. 1,1985,Ent. Calif. Ch. Isls. Proc.,,,,,,,1,,,
lit,Hymenoptera,Anthophoridae,Nomada,sp. 10,1985,Ent. Calif. Ch. Isls. Proc.,,,,,,,1,,,
lit,Hymenoptera,Anthophoridae,Nomada,sp. 11,1985,Ent. Calif. Ch. Isls. Proc.,,,,,,,1,,,
lit,Hymenoptera,Anthophoridae,Nomada,sp. 2,1985,Ent. Calif. Ch. Isls. Proc.,,,,,,,1,,,
lit,Hymenoptera,Anthophoridae,Nomada,sp. 3,1985,Ent. Calif. Ch. Isls. Proc.,,,,,,,1,,,
lit,Hymenoptera,Anthophoridae,Nomada,sp. 4,1985,Ent. Calif. Ch. Isls. Proc.,,,,,,,1,,,
lit,Hymenoptera,Anthophoridae,Nomada,sp. 5,1985,Ent. Calif. Ch. Isls. Proc.,,,,,,,1,,,
lit,Hymenoptera,Anthophoridae,Nomada,sp. 6,1985,Ent. Calif. Ch. Isls. Proc.,,,,,,,1,,,
lit,Hymenoptera,Anthophoridae,Nomada,sp. 7,1985,Ent. Calif. Ch. Isls. Proc.,,,,,,,1,,,
lit,Hymenoptera,Anthophoridae,Nomada,sp. 8,1985,Ent. Calif. Ch. Isls. Proc.,,,,,,,1,,,
lit,Hymenoptera,Anthophoridae,Nomada,sp. 9,1985,Ent. Calif. Ch. Isls. Proc.,,,,,,,1,,,
lit,Hymenoptera,Anthophoridae,Nomada (Holonomada),edwardsii edwardsii,1939,Proc. Calif. Acad. Sci. ser.4,,,,,,,,1,,
lit,Hymenoptera,Anthophoridae,Nomada (Holonomada),edwardsii edwardsii,1972,Wasmann J. Biol.,,,,,,,1,,,
lit,Hymenoptera,Anthophoridae,Nomada (Holonomada),edwardsii edwardsii,1985,Ent. Calif. Ch. Isls. Proc.,,,,,,,,1,,
lit,Hymenoptera,Anthophoridae,Nomada (Holonomada),edwardsii edwardsii,1985,Ent. Calif. Ch. Isls. Proc.,,,,1,1,,1,,,1
lit,Hymenoptera,Anthophoridae,Nomada (Nomada),avalonica,1938,Ann. & Mag. Nat. Hist. ser. 11,1938,3,,,1,,,,,
lit,Hymenoptera,Anthophoridae,Nomada (Nomada),avalonica,1939,Proc. Calif. Acad. Sci. ser.4,,,,,1,,,,,
lit,Hymenoptera,Anthophoridae,Nomada (Nomada),avalonica,1985,Ent. Calif. Ch. Isls. Proc.,,,,,,,,,,
lit,Hymenoptera,Anthophoridae,Tetralonia,actuosa,1985,Ent. Calif. Ch. Isls. Proc.,1979,3,1,,,,,,,
lit,Hymenoptera,Anthophoridae,Tetralonia,actuosa,1985,Ent. Calif. Ch. Isls. Proc.,,,1,1,,1,1,,1,1
lit,Hymenoptera,Anthophoridae,Tetralonia,amsinckiae,1985,Ent. Calif. Ch. Isls. Proc.,,,,,,,1,,,
lit,Hymenoptera,Anthophoridae,Tetralonia,atriventris,1939,Proc. Calif. Acad. Sci. ser.4,,,,,,,,1,,
lit,Hymenoptera,Anthophoridae,Tetralonia,cordleyi,1939,Proc. Calif. Acad. Sci. ser.4,,,,,1,,,1,,
lit,Hymenoptera,Anthophoridae,Tetralonia,delphinii,1969,Univ. Calif. Publ. Ent.,,,1,,,,,,,
lit,Hymenoptera,Anthophoridae,Tetralonia,edwardsii,1985,Ent. Calif. Ch. Isls. Proc.,1979,3,1,,,,,,,
lit,Hymenoptera,Anthophoridae,Tetralonia,edwardsii,1985,Ent. Calif. Ch. Isls. Proc.,,,1,,,,1,1,,1
lit,Hymenoptera,Anthophoridae,Tetralonia,frater albopilosa,1985,Ent. Calif. Ch. Isls. Proc.,1941,3,1,,,,,,,
lit,Hymenoptera,Anthophoridae,Tetralonia,frater frater,1985,Ent. Calif. Ch. Isls. Proc.,,,1,,,,1,1,,
lit,Hymenoptera,Anthophoridae,Tetralonia,lunata,1985,Ent. Calif. Ch. Isls. Proc.,,,,,1,1,,,,
lit,Hymenoptera,Anthophoridae,Tetralonia,pagosana,1985,Ent. Calif. Ch. Isls. Proc.,,,,,,,,,1,
lit,Hymenoptera,Anthophoridae,Tetralonia,tricinctella,1969,Univ. Calif. Publ. Ent.,,,,,,1,,,,
lit,Hymenoptera,Anthophoridae,Tetralonia,tricinctella,1985,Ent. Calif. Ch. Isls. Proc.,,,,,,1,,,,
lit,Hymenoptera,Anthophoridae,Triepeolus,heterurus,1939,Proc. Calif. Acad. Sci. ser.4,,,,,1,,,,,
lit,Hymenoptera,Anthophoridae,Triepeolus,heterurus,1984,Pan-Pac. Ent.,,,1,,1,,1,,,
lit,Hymenoptera,Anthophoridae,Triepeolus,heterurus,1985,Ent. Calif. Ch. Isls. Proc.,1978,8,1,,,,,,,
lit,Hymenoptera,Anthophoridae,Triepeolus,heterurus,1985,Ent. Calif. Ch. Isls. Proc.,,,1,,1,,1,,,
lit,Hymenoptera,Anthophoridae,Xeromelecta,californica,1986,Psyche,,,,,,,,1,,
lit,Hymenoptera,Anthophoridae,Xeromelecta,californica,1985,Ent. Calif. Ch. Isls. Proc.,1978,8,1,,,,,,,
lit,Hymenoptera,Anthophoridae,Xeromelecta,californica,1985,Ent. Calif. Ch. Isls. Proc.,,,1,1,,1,,,,
lit,Hymenoptera,Anthophoridae,Xeromelecta,californica,1986,Psyche,,,,,,,,1,,
lit,Hymenoptera,Anthophoridae,Xeromelecta,californica,1939,Bull. S. Calif. Acad. Sci.,1939,5,,1,,,,,,1
lit,Hymenoptera,Aphelinidae,Aphytis,diaspidis,1910,J. Econ. Ent.,,,,,1,,,,,
lit,Hymenoptera,Aphelinidae,Aphytis,diaspidis,1979,Ser. Ent.,,,,,,,1,,,
lit,Hymenoptera,Aphelinidae,Aphytis,lingnanensis,1979,Ser. Ent.,,,,,,,1,,,
lit,Hymenoptera,Aphelinidae,Aphytis,mytilaspidis,1979,Ser. Ent.,,,,,,,1,,,
lit,Hymenoptera,Apidae,Apis,mellifera,1892,Zoe,1892,8,,,1,,,,,
lit,Hymenoptera,Apidae,Apis,mellifera,1939,Bull. S. Calif. Acad. Sci.,1939,8,,,,,1,,,
lit,Hymenoptera,Apidae,Apis,mellifera,1939,Proc. Calif. Acad. Sci. ser.4,,,,,1,,,,,
lit,Hymenoptera,Apidae,Apis,mellifera,1942,U. S. Naval Inst. Proc.,,,,,,1,,,,
lit,Hymenoptera,Apidae,Apis,mellifera,1985,Ent. Calif. Ch. Isls. Proc.,,,,,1,,1,,,
lit,Hymenoptera,Apidae,Apis,mellifera,1989,Amer. Bee J.,,,,,,,1,,,
lit,Hymenoptera,Apidae,Bombus,californicus,1892,Zoe,1892,8,,,1,,,,,
lit,Hymenoptera,Apidae,Bombus,californicus,1937,Pan-Pac. Ent.,1937,7,,,,,,1,,
lit,Hymenoptera,Apidae,Bombus,californicus,1939,Bull. S. Calif. Acad. Sci.,,,,,,,,1,,
lit,Hymenoptera,Apidae,Bombus,californicus,1939,Proc. Calif. Acad. Sci. ser.4,,,,,1,,,1,,
lit,Hymenoptera,Apidae,Bombus,californicus,1983,Calif. Ins. Surv. Bull.,,,,,1,,,1,,1
lit,Hymenoptera,Apidae,Bombus,californicus,1985,Ent. Calif. Ch. Isls. Proc.,,,,,,,,1,,1
lit,Hymenoptera,Apidae,Bombus,crotchii,1983,Calif. Ins. Surv. Bull.,,,,,,,,,,1
lit,Hymenoptera,Apidae,Bombus,crotchii,1985,Ent. Calif. Ch. Isls. Proc.,1978,6,1,,,,,,,
lit,Hymenoptera,Apidae,Bombus,crotchii,1985,Ent. Calif. Ch. Isls. Proc.,,,1,,,,,,,1
lit,Hymenoptera,Apidae,Bombus,edwardsii,1927,Proc. Calif. Acad. Sci. ser. 4,,,,,,,,,,
lit,Hymenoptera,Apidae,Bombus,edwardsii,1939,Proc. Calif. Acad. Sci. ser.4,,,,,1,,,,,
lit,Hymenoptera,Apidae,Bombus,edwardsii,1983,Calif. Ins. Surv. Bull.,,,1,,1,,1,,,
lit,Hymenoptera,Apidae,Bombus,edwardsii,1985,Ent. Calif. Ch. Isls. Proc.,1941,3,1,,,,,,,
lit,Hymenoptera,Apidae,Bombus,edwardsii,1985,Ent. Calif. Ch. Isls. Proc.,,,1,,1,,1,,,
lit,Hymenoptera,Apidae,Bombus,nevadensis nevadensis,1937,Pan-Pac. Ent.,1937,7,,,,,,1,,
lit,Hymenoptera,Apidae,Bombus,nevadensis nevadensis,1937,Pan-Pac. Ent.,1937,7,,,,,,1,,
lit,Hymenoptera,Apidae,Bombus,nevadensis nevadensis,1939,Proc. Calif. Acad. Sci. ser.4,,,,,,,,1,,
lit,Hymenoptera,Apidae,Bombus,nevadensis nevadensis,1939,Proc. Calif. Acad. Sci. ser.4,,,,,,,,1,,
lit,Hymenoptera,Apidae,Bombus,nevadensis nevadensis,1985,Ent. Calif. Ch. Isls. Proc.,,,,,,,,,,
lit,Hymenoptera,Apidae,Bombus,nevadensis nevadensis,1957,Oregon St. Coll. Agr. Exp.,,,,,,,,1,,
lit,Hymenoptera,Apidae,Bombus,nevadensis nevadensis,1971,Mem. Ent. Soc. Canada,,,,,,,,1,,
lit,Hymenoptera,Apidae,Bombus,nevadensis nevadensis,1983,Calif. Ins. Surv. Bull.,,,,,,,,1,,
lit,Hymenoptera,Apidae,Bombus,nevadensis nevadensis,1957,Oregon St. Coll. Agr. Exp.,,,,,,,,1,,
lit,Hymenoptera,Apidae,Bombus,sonorus,1939,Proc. Calif. Acad. Sci. ser.4,,,,,1,,,,,
lit,Hymenoptera,Apidae,Bombus,sonorus,1983,Calif. Ins. Surv. Bull.,,,,,1,,,,,
lit,Hymenoptera,Apidae,Bombus,sonorus,1985,Ent. Calif. Ch. Isls. Proc.,,,,,,,,,,
lit,Hymenoptera,Apidae,Bombus,sp.,1966,Aliso,,,,,1,,,,,
lit,Hymenoptera,Apidae,Bombus,sp?,1892,Zoe,1892,8,,,1,,,,,
lit,Hymenoptera,Apidae,Bombus,vosnesenskii,1939,Proc. Calif. Acad. Sci. ser.4,,,,,1,,,,,
lit,Hymenoptera,Apidae,Bombus,vosnesenskii,1983,Calif. Ins. Surv. Bull.,,,,,1,,,,,
lit,Hymenoptera,Apidae,Bombus,vosnesenskii,1985,Ent. Calif. Ch. Isls. Proc.,,,,,,,,,,
lit,Hymenoptera,Bethylidae,Goniozus,sp.,1986,Psyche,,,,,,,,1,,
lit,Hymenoptera,Braconidae,Apanteles,theclae,1987,Atala,,,,,1,,,,,
lit,Hymenoptera,Braconidae,Apanteles (s. l.),sp.,1940,Proc. Sixth Pac. Sci. Cong.,,,,,,,,,1,
lit,Hymenoptera,Braconidae,Apanteles (s. s.),sp.,1986,Psyche,,,,,,,,1,,
lit,Hymenoptera,Braconidae,Dueterixys,pacifica,1985,Pan-Pac. Ent.,,,,,,,,,1,
lit,Hymenoptera,Braconidae,Dueterixys,quercicola,1985,Pan-Pac. Ent.,,,,,,,1,,,
lit,Hymenoptera,Braconidae,Meteorus,sp.,1982,"Tech. Rep., Allan Hancock, USC",,,,,,1,,,,
lit,Hymenoptera,Braconidae,Viridipyge,prunicola,1988,Syst. Ent.,,,,,,,,,,
lit,Hymenoptera,Cephidae,Calameuta,clavata,1937,Trans. Amer. Ent. Soc.,,,,,1,,,,,
lit,Hymenoptera,Cephidae,Calameuta,clavata,1969,Bull. Calif. Insect Surv.,,,,,1,,,,,
lit,Hymenoptera,Cephidae,Filacus,provancheri,1984,Pan-Pac. Ent.,,,,,,,1,,,
lit,Hymenoptera,Chrysididae,Argochrysis,armilla,1982,Mem. Amer. Ent. Inst.,,,,,,,1,,,
lit,Hymenoptera,Chrysididae,Argochrysis,toralis,1982,Mem. Amer. Ent. Inst.,,,,,1,,,,,
lit,Hymenoptera,Chrysididae,Chrysis,amala,1982,Mem. Amer. Ent. Inst.,,,,,,,1,,,
lit,Hymenoptera,Chrysididae,Chrysis,coloradica,1982,Mem. Amer. Ent. Inst.,,,,,,,1,,,
lit,Hymenoptera,Chrysididae,Chrysis,inflata,1982,Mem. Amer. Ent. Inst.,,,,,,,1,,,
lit,Hymenoptera,Chrysididae,Chrysis,nitidula,1982,Mem. Amer. Ent. Inst.,,,,,,,1,,,
lit,Hymenoptera,Chrysididae,Chrysis,schusteri,1982,Mem. Amer. Ent. Inst.,,,,,,,1,1,,
lit,Hymenoptera,Chrysididae,Chrysis,vagabunda,1982,Mem. Amer. Ent. Inst.,,,,,,,1,,,
lit,Hymenoptera,Chrysididae,Chrysura,inusitata,1982,Mem. Amer. Ent. Inst.,,,,,,,1,,,
lit,Hymenoptera,Chrysididae,Chyrsis,schusteri,1990,The chrysidid wasps ... world,,,,,,,1,,,
lit,Hymenoptera,Chrysididae,Cleptes (Cleptes),rufifemur,1981,Proc. Biol. Soc. Wash.,1981,5,,,,,1,,,
lit,Hymenoptera,Chrysididae,Cleptes (Cleptes),rufifemur,1982,Mem. Amer. Ent. Inst.,,,,,,,1,,,
lit,Hymenoptera,Chrysididae,Hedychridium,bilobatum,1978,Proc. Biol. Soc. Wash.,,,,,,,1,,,
lit,Hymenoptera,Chrysididae,Hedychridium,cornutum,1978,Proc. Biol. Soc. Wash.,,,,,,,1,,,
lit,Hymenoptera,Chrysididae,Hedychridium,cornutum,1982,Mem. Amer. Ent. Inst.,,,,,,,1,,,
lit,Hymenoptera,Chrysididae,Hedychridium,crassum,1978,Proc. Biol. Soc. Wash.,,,,,,,1,,,
lit,Hymenoptera,Chrysididae,Hedychridium,dimidiatum,1982,Mem. Amer. Ent. Inst.,,,,,,,1,,,
lit,Hymenoptera,Chrysididae,Hedychridium,fletcheri,1982,Mem. Amer. Ent. Inst.,,,,,,,1,1,,
lit,Hymenoptera,Chrysididae,Hedychrum,boharti,1982,Mem. Amer. Ent. Inst.,,,,,,,1,,,
lit,Hymenoptera,Chrysididae,Hedychrum,parvum,1982,Mem. Amer. Ent. Inst.,,,,,,,1,,,
lit,Hymenoptera,Chrysididae,Omalus (Omalus),glomeratus,1982,Mem. Amer. Ent. Inst.,,,,,,,1,,,
lit,Hymenoptera,Chrysididae,Parnopes,edwardsii,1964,Univ. Calif. Publ. Ent.,,,,,,,,,,1
lit,Hymenoptera,Colletidae,Colletes,californicus,1938,Ann. & Mag. Nat. Hist.,1938,5,,,,,,1,,
lit,Hymenoptera,Colletidae,Colletes,californicus,1939,Proc. Calif. Acad. Sci. ser.4,,,,,,,,1,,
lit,Hymenoptera,Colletidae,Colletes,hyalinus gaudialis,1940,Bull. S. Calif. Acad. Sci.,,,,,,,,,,1
lit,Hymenoptera,Colletidae,Colletes,hyalinus gaudialis,1985,Ent. Calif. Ch. Isls. Proc.,1978,,1,,,,,,,
lit,Hymenoptera,Colletidae,Colletes,hyalinus gaudialis,1985,Ent. Calif. Ch. Isls. Proc.,,,1,,1,,1,1,1,1
lit,Hymenoptera,Colletidae,Colletes,hyalinus gaudialis,1986,Psyche,,,,,,,,1,,
lit,Hymenoptera,Colletidae,Colletes,slevini,1939,Pan-Pac Ent.,,,,,1,,,,,
lit,Hymenoptera,Colletidae,Colletes,slevini,1939,Proc. Calif. Acad. Sci. ser.4,,,,,1,,,,,
lit,Hymenoptera,Colletidae,Colletes,slevini,1954,Univ. Kansas Bull.,,,,,1,,,,,
lit,Hymenoptera,Colletidae,Hylaeus,polifolii,1938,Ann. & Mag. Nat. Hist. (11),1938,4,,,1,,,,,
lit,Hymenoptera,Colletidae,Hylaeus,polifolii,1939,Proc. Calif. Acad. Sci. ser.4,,,,,1,,,,,
lit,Hymenoptera,Colletidae,Hylaeus,polifolii,1970,LACM Cont. Sci.,,,,,1,,,,,
lit,Hymenoptera,Colletidae,Hylaeus,polifolii,1985,Ent. Calif. Ch. Isls. Proc.,,,,,1,,1,,,1
lit,Hymenoptera,Cynipidae,Andricus,chrysolepidocola,1922,Indiana Univ. Studies,1920,2,,,1,,,,,
lit,Hymenoptera,Cynipidae,Andricus,chrysolepidocola,1940,Proc. Sixth Pac. Sci. Cong.,,,,,1,,,,,
lit,Hymenoptera,Cynipidae,Andricus,fimbrialis,1926,Proc. U.S. Natl. Mus.,,,,,1,,,,,
lit,Hymenoptera,Cynipidae,Andricus,sp. maybe stellulus,1957,Cynipid Galls Pac. Slope,,,,,1,,,,,
lit,Hymenoptera,Cynipidae,Andricus,sp. maybe stellus,1974,Pan-Pac. Ent.,,,,,1,,,,,
lit,Hymenoptera,Cynipidae,Disholcaspis,washingtonensis,1926,Proc. U.S. Natl. Mus.,,,,,1,,,,,
lit,Hymenoptera,Cynipidae,Neuroterus,florulentus,1957,Cynipid Galls Pac. Slope,,,,,1,,,,,
lit,Hymenoptera,Cynipidae,Neuroterus,florulentus,1957,Proc. U. S. Nat. Mus.,,,,,1,,,,,
lit,Hymenoptera,Cynipidae,Neuroterus,fragilis,1957,Cynipid Galls Pac. Slope,,,,,1,,,,,
lit,Hymenoptera,Cynipidae,Neuroterus,saltatorius,1957,Cynipid Galls Pac. Slope,,,,,1,,,,,
lit,Hymenoptera,Cynipidae,Xanthoteras,pulchellum,1911,Ent. News,,,,,1,,,,,
lit,Hymenoptera,Cynipidae,Xanthoteras,pulchellum,1930,Indiana Univ. Stud.,,,,,1,,,,,
lit,Hymenoptera,Cynipidae,Xanthoteras,pulchellum,1980,Pan-Pac. Ent.,,,,,1,,,,,
lit,Hymenoptera,Encyrtidae,Metaphycus,alberti,1913,J. Econ. Ent.,,,,,1,,,,,
lit,Hymenoptera,Encyrtidae,Metaphycus,alberti,1916,Proc. U.S. Natl. Mus.,1912,9,,,1,,,,,
lit,Hymenoptera,Encyrtidae,Metaphycus,alberti,1940,Proc. Sixth Pac. Sci. Cong.,,,,,1,,,,,
lit,Hymenoptera,Encyrtidae,Ooencyrtus,johnsoni,1973,Environ. Ent.,,,,,,,1,,,
lit,Hymenoptera,Eulophidae,Pnigalio,flavipes,1983,Can. Ent.,,,,,,,1,1,,
lit,Hymenoptera,Eulophidae,Pnigalio,minio,1983,Can. Ent.,,,,,,,1,,,
lit,Hymenoptera,Formicidae,Aphaenogaster,patruelis,1904,Bull. Amer. Mus. Nat. Hist.,,,,,1,,,,,
lit,Hymenoptera,Formicidae,Aphaenogaster,patruelis,1905,Bull. So. Calif. Acad. Sci.,,,,,1,,,,,
lit,Hymenoptera,Formicidae,Aphaenogaster,patruelis,1933,Proc. Calif. Acad. Sci. ser. 4,,,,,,,,,1,
lit,Hymenoptera,Formicidae,Aphaenogaster,patruelis,1934,Pan-Pac. Ent.,,,,,,,,,1,
lit,Hymenoptera,Formicidae,Aphaenogaster,patruelis,1935,BPBM Occ. Pap.,,,,,1,,,,,
lit,Hymenoptera,Formicidae,Aphaenogaster,patruelis,1935,BPBM Occ. Pap.,,,,,,,,,,
lit,Hymenoptera,Formicidae,Aphaenogaster,patruelis,1935,BPBM Occ. Pap.,,,,,,,,,1,
lit,Hymenoptera,Formicidae,Aphaenogaster,patruelis,1940,Proc. Sixth Pac. Sci. Cong.,,,,,,,,,1,
lit,Hymenoptera,Formicidae,Aphaenogaster,patruelis,1940,Proc. Sixth Pac. Sci. Cong.,,,,,1,,,,,
lit,Hymenoptera,Formicidae,Aphaenogaster,patruelis,1941,Bull. S. Calif. Acad. Sci.,,,,,1,,,,,
lit,Hymenoptera,Formicidae,Aphaenogaster,patruelis,1941,Bull. S. Calif. Acad. Sci.,,,,,,,,,1,
lit,Hymenoptera,Formicidae,Aphaenogaster,patruelis,1950,Bull. Mus. Comp. Zool.,,,,,,,,,,
lit,Hymenoptera,Formicidae,Aphaenogaster,patruelis,1950,Bull. Mus. Comp. Zool.,,,,,1,,,,,
lit,Hymenoptera,Formicidae,Aphaenogaster,patruelis,1982,Univ. Calif. Publ. Ent.,,,,,,1,,,,
lit,Hymenoptera,Formicidae,Aphaenogaster,patruelis,1991,Herp. Monographs,,,,1,,,,,,
lit,Hymenoptera,Formicidae,Camponotus (Camponotus),keiferi,1934,Pan-Pac. Ent.,,,,,,,,,,
lit,Hymenoptera,Formicidae,Camponotus (Camponotus),keiferi,1935,BPBM Occ. Pap.,,,,,,,,,,
lit,Hymenoptera,Formicidae,Camponotus (Myrmentoma),anthrax,1988,Adv. Myrmecology,,,,,,,1,,,
lit,Hymenoptera,Formicidae,Camponotus (Myrmentoma),bakeri,1918,Pom. Coll. J. Ent. & Zool.,,,,,1,,,,,
lit,Hymenoptera,Formicidae,Camponotus (Myrmentoma),bakeri,1904,Bull. Amer. Mus. Nat. Hist.,,,,,1,,,,,
lit,Hymenoptera,Formicidae,Camponotus (Myrmentoma),bakeri,1905,Bull. So. Calif. Acad. Sci.,,,,,1,,,,,
lit,Hymenoptera,Formicidae,Camponotus (Myrmentoma),bakeri,1910,Ann. New York Acad. Sci.,,,,,1,,,,,
lit,Hymenoptera,Formicidae,Camponotus (Myrmentoma),bakeri,1904,Bull. Amer. Mus. Nat. Hist.,,,,,1,,,,,
lit,Hymenoptera,Formicidae,Camponotus (Myrmentoma),bakeri,1935,BPBM Occ. Pap.,,,,,1,,,,,
lit,Hymenoptera,Formicidae,Camponotus (Myrmentoma),bakeri,1940,Proc. Sixth Pac. Sci. Cong.,,6,,,1,1,,,,
lit,Hymenoptera,Formicidae,Camponotus (Myrmentoma),bakeri,1941,Bull. S. Calif. Acad. Sci.,,,,,1,,,,,
lit,Hymenoptera,Formicidae,Camponotus (Myrmentoma),bakeri,1950,Bull. Mus. Comp. Zool.,,,,,1,,,,,
lit,Hymenoptera,Formicidae,Camponotus (Myrmentoma),bakeri,1950,Bull. Mus. Comp. Zool.,,,,,1,,,,,
lit,Hymenoptera,Formicidae,Camponotus (Myrmentoma),bakeri,1950,Bull. Mus. Comp. Zool.,,,,,1,,,,,
lit,Hymenoptera,Formicidae,Camponotus (Myrmentoma),bakeri,1985,Ent. Calif. Ch. Isl.,,,,1,1,1,,,,1
lit,Hymenoptera,Formicidae,Camponotus (Myrmentoma),bakeri,1988,Adv. Myrmecology,,,,1,1,1,,,,
lit,Hymenoptera,Formicidae,Camponotus (Myrmentoma),semitestaceus,1982,Univ. Calif. Publ. Ent.,,,,,,,,,,1
lit,Hymenoptera,Formicidae,Camponotus (Myrmentoma),sp.,1940,Proc. Sixth Pac. Sci. Cong.,,6,,,,1,,,,
lit,Hymenoptera,Formicidae,Camponotus (Myrmentoma),vicinus,1904,Bull. Amer. Mus. Nat. Hist.,,,,,1,,,,,
lit,Hymenoptera,Formicidae,Camponotus (Myrmentoma),vicinus,1918,Pom. Coll. J. Ent. & Zool.,,,,,1,,,,,
lit,Hymenoptera,Formicidae,Camponotus (Myrmentoma),vicinus,1935,BPBM Occ. Pap.,,,,,1,,,,,
lit,Hymenoptera,Formicidae,Camponotus (Myrmentoma),vicinus,1940,Proc. Sixth Pac. Sci. Cong.,,,,,1,,,,,
lit,Hymenoptera,Formicidae,Camponotus (Myrmentoma),vicinus,1941,Bull. S. Calif. Acad. Sci.,,,,,1,,1,,,
lit,Hymenoptera,Formicidae,Camponotus (Myrmentoma),vicinus,1941,Bull. S. Calif. Acad. Sci.,,,,,1,,,,,
lit,Hymenoptera,Formicidae,Crematogaster,lineolata,1904,Bull. Amer. Mus. Nat. Hist.,,,,,1,,,,,
lit,Hymenoptera,Formicidae,Crematogaster,lineolata,1918,Pom. Coll. J. Ent. & Zool.,,,,,1,,,,,
lit,Hymenoptera,Formicidae,Crematogaster,lineolata,1935,BPBM Occ. Pap.,,,,,1,,,,,
lit,Hymenoptera,Formicidae,Crematogaster,lineolata,1940,Proc. Sixth Pac. Sci. Cong.,,6,,,1,,,,,
lit,Hymenoptera,Formicidae,Crematogaster,lineolata,1940,Proc. Sixth Pac. Sci. Cong.,,6,,,1,,,,,
lit,Hymenoptera,Formicidae,Crematogaster,mormonum,1982,Univ. Calif. Publ. Ent.,,,1,,,,1,,,
lit,Hymenoptera,Formicidae,Crematogaster,sp.,1982,"Tech. Rep., Allan Hancock, USC",,,,,,1,,,,
lit,Hymenoptera,Formicidae,Formica,moki,1941,Bull. S. Calif. Acad. Sci.,,,,,,,1,,,
lit,Hymenoptera,Formicidae,Formica,moki,1973,Mem. Ent. Soc. Quebec,,,,,,,1,,,
lit,Hymenoptera,Formicidae,Formica,moki,1979,Nat. Hist. Mus. LACo. Sci.,,,,,,,1,,,
lit,Hymenoptera,Formicidae,Formica,moki,1982,Univ. Calif. Publ. Ent.,,,,,,,1,,,
lit,Hymenoptera,Formicidae,Iridomyrmex,humilis,1916,Ent. News,,,,,,,,,,
lit,Hymenoptera,Formicidae,Iridomyrmex,humilis,1940,Proc. Sixth Pac. Sci. Cong.,1938,6,,,1,,,,,
lit,Hymenoptera,Formicidae,Iridomyrmex,humilis,1982,Univ. Calif. Publ. Ent.,,,,,1,,,,,
lit,Hymenoptera,Formicidae,Iridomyrmex,humilis,1982,"Tech. Rep., Allan Hancock, USC",,,,,,1,,,,
lit,Hymenoptera,Formicidae,Lasius,niger,1940,Proc. Sixth Pac. Sci. Cong.,,,,,,,,1,,
lit,Hymenoptera,Formicidae,Lasius,niger,1982,Univ. Calif. Publ. Ent.,,,,,,,,1,,
lit,Hymenoptera,Formicidae,Lasius,niger,1986,Psyche,,,,,,,,1,,
lit,Hymenoptera,Formicidae,Leptothorax,sp.,1991,Herp. Monographs,,,,1,,,,,,
lit,Hymenoptera,Formicidae,Messor,andrei,1904,Bull. Amer. Mus. Nat. Hist.,,,,,1,,,,,
lit,Hymenoptera,Formicidae,Messor,andrei,1916,Ent. News,,,,,1,,,,,
lit,Hymenoptera,Formicidae,Messor,andrei,1928,Pomona Coll. J. Ent. & Zool.,,,,,1,,,,,
lit,Hymenoptera,Formicidae,Messor,andrei,1934,Proc. Amer. Acad. Arts & Sci.,,,,,1,,,,,
lit,Hymenoptera,Formicidae,Messor,andrei,1935,BPBM Occ. Pap.,,,,,1,,,,,
lit,Hymenoptera,Formicidae,Messor,andrei,1940,Proc. Sixth Pac. Sci. Cong.,,,,,1,,,,,
lit,Hymenoptera,Formicidae,Messor,andrei,1941,Bull. S. Calif. Acad. Sci.,,,,,1,,,,,
lit,Hymenoptera,Formicidae,Messor,chamberlini,1915,Bull. Amer. Mus. Nat. Hist.,,,,,,,1,,,
lit,Hymenoptera,Formicidae,Messor,chamberlini,1934,Proc. Amer. Acad. Arts & Sci.,,,,,,,1,,,
lit,Hymenoptera,Formicidae,Messor,chamberlini,1935,BPBM Occ. Pap.,,,,,1,,,,,
lit,Hymenoptera,Formicidae,Messor,chamberlini,1941,Bull. S. Calif. Acad. Sci.,,,,,,,1,,,
lit,Hymenoptera,Formicidae,Messor,chamberlini,1950,Bull. Mus. Comp. Zool.,,,,,,,1,,,
lit,Hymenoptera,Formicidae,Messor,chamberlini,1953,Amer. Mus. Nov.,,,,,,,1,,,
lit,Hymenoptera,Formicidae,Monomorium,ergatogyna,1904,Bull. Amer. Mus. Nat. Hist.,,,,,1,,,1,,
lit,Hymenoptera,Formicidae,Monomorium,ergatogyna,1941,Bull. S. Calif. Acad. Sci.,,,,,1,,,1,,
lit,Hymenoptera,Formicidae,Monomorium,ergatogyna,1935,BPBM Occ. Pap.,,,,,1,,,,,
lit,Hymenoptera,Formicidae,Monomorium,ergatogyna,1940,Proc. Sixth Pac. Sci. Cong.,,,,,1,1,,,1,
lit,Hymenoptera,Formicidae,Monomorium,ergatogyna,1940,Proc. Sixth Pac. Sci. Cong.,,,,,1,,,1,,
lit,Hymenoptera,Formicidae,Monomorium,ergatogyna,1916,Ent. News,,,,,,,,,,
lit,Hymenoptera,Formicidae,Monomorium,ergatogyna,1950,Bull. Mus. Comp. Zool.,,,,,1,,,1,,
lit,Hymenoptera,Formicidae,Monomorium,ergatogyna,1982,Univ. Calif. Publ. Ent.,,,,,1,,,1,,
lit,Hymenoptera,Formicidae,Monomorium,ergatogyna,1986,Univ. Kansas Sci. Bull.,,,1,1,1,1,1,1,1,1
lit,Hymenoptera,Formicidae,Monomorium,ergatogyna,1991,Herp. Monographs,,,,1,,,,,,
lit,Hymenoptera,Formicidae,Monomorium,minutum,NA,,,,,,,,,,,
lit,Hymenoptera,Formicidae,Pheidole,californica californica,1915,Bull. Amer. Mus. Nat. Hist.,,,,,,,1,,,
lit,Hymenoptera,Formicidae,Pheidole,californica californica,1941,Bull. S. Calif. Acad. Sci.,,,,,,,1,,,
lit,Hymenoptera,Formicidae,Pheidole,californica californica,1941,Bull. S. Calif. Acad. Sci.,,,,,,,1,,,
lit,Hymenoptera,Formicidae,Pheidole,clementensis,1969,Ent. News,1963,12,,,,1,,,,
lit,Hymenoptera,Formicidae,Pheidole,hyatti,1904,Bull. Amer. Mus. Nat. Hist.,,,,,1,,,,,
lit,Hymenoptera,Formicidae,Pheidole,hyatti,1916,Ent. News,,,,,,,,,,
lit,Hymenoptera,Formicidae,Pheidole,hyatti,1934,Can. Ent.,,,,,,,1,,,
lit,Hymenoptera,Formicidae,Pheidole,hyatti,1935,BPBM Occ. Pap.,,,,1,,,,,,
lit,Hymenoptera,Formicidae,Pheidole,hyatti,1940,Proc. Sixth Pac. Sci. Cong.,,,,,1,,1,,,
lit,Hymenoptera,Formicidae,Pheidole,hyatti,1941,Bull. S. Calif. Acad. Sci.,,,,,1,,,,,
lit,Hymenoptera,Formicidae,Pheidole,hyatti,1982,Univ. Calif. Publ. Ent.,,,,,,,1,,,
lit,Hymenoptera,Formicidae,Pheidole,vistana,1916,Ent. News,,,,,,,,,,
lit,Hymenoptera,Formicidae,Prenolepis,imparis californica,1941,Bull. S. Calif. Acad. Sci.,,,,,,,1,,,
lit,Hymenoptera,Formicidae,Prenolepis,imparis californica,1991,Herp. Monographs,,,,1,,,,,,
lit,Hymenoptera,Formicidae,Pseudomyrmex,apache,1985,Quaest. Ent.,,,,,,,1,,,
lit,Hymenoptera,Formicidae,Solenopsis,texana catalinae,1904,Bull. Amer. Mus. Nat. Hist.,,,,,1,,,,,
lit,Hymenoptera,Formicidae,Solenopsis,texana catalinae,1905,Bull. So. Calif. Acad. Sci.,,,,,1,,,,,
lit,Hymenoptera,Formicidae,Solenopsis,texana catalinae,1940,Proc. Sixth Pac. Sci. Cong.,,,,,1,,,,,
lit,Hymenoptera,Formicidae,Solenopsis,texana catalinae,1941,Bull. S. Calif. Acad. Sci.,,,,,1,,,,,
lit,Hymenoptera,Formicidae,Solenopsis,texana catalinae,1950,Bull. Mus. Comp. Zool.,,,,,1,,,,,
lit,Hymenoptera,Formicidae,Tapinoma,sessile,1940,Proc. Sixth Pac. Sci. Cong.,,,,,,1,,1,,
lit,Hymenoptera,Halictidae,Agapostemon,texanus,1937,Pan-Pac. Ent.,1937,7,,,,,,1,,
lit,Hymenoptera,Halictidae,Agapostemon,texanus,1937,Pan-Pac. Ent.,1937,7,,,1,,,,,
lit,Hymenoptera,Halictidae,Agapostemon,texanus,1939,Proc. Calif. Acad. Sci. ser.4,,,,,1,,,,1,
lit,Hymenoptera,Halictidae,Agapostemon,texanus,1939,Bull. S. Calif. Acad. Sci.,1939,,,,,,,1,,
lit,Hymenoptera,Halictidae,Agapostemon,texanus,1939,Proc. Calif. Acad. Sci. ser.4,,,,,,,,1,,
lit,Hymenoptera,Halictidae,Agapostemon,texanus,1939,Proc. Calif. Acad. Sci. ser.4,,,,,,1,,,,
lit,Hymenoptera,Halictidae,Agapostemon,texanus,1939,Bull. S. Calif. Acad. Sci.,1939,,,1,,1,,,,
lit,Hymenoptera,Halictidae,Agapostemon,texanus,1972,Univ. Kansas Sci. Bull.,,,,,,1,,,,
lit,Hymenoptera,Halictidae,Agapostemon,texanus,1972,Univ. Kansas Sci. Bull.,,,,,,,,,,
lit,Hymenoptera,Halictidae,Agapostemon,texanus,1972,Univ. Kansas Sci. Bull.,,,,,,,,1,,
lit,Hymenoptera,Halictidae,Agapostemon,texanus,1985,Ent. Calif. Ch. Isls. Proc.,1940,8,1,,,,,,,
lit,Hymenoptera,Halictidae,Agapostemon,texanus,1985,Ent. Calif. Ch. Isls. Proc.,,,1,1,1,1,1,1,1,1
lit,Hymenoptera,Halictidae,Agapostemon,texanus,1986,Psyche,,,,,,,,1,,
lit,Hymenoptera,Halictidae,Agapostemon,texanus,1986,Psyche,1984,5,,,,,,,1,
lit,Hymenoptera,Halictidae,Agapostemon,texanus,1986,Madrono,,,,,,,,,,
lit,Hymenoptera,Halictidae,Agapostemon,texanus,1986,Psyche,,,,,,,,1,,
lit,Hymenoptera,Halictidae,Agapostemon,texanus,1991,Herp. Monographs,,,,1,,,,,,
lit,Hymenoptera,Halictidae,Augochlorella,pomoniella,1892,Zoe,1892,8,,,1,,,,,
lit,Hymenoptera,Halictidae,Augochlorella,pomoniella,1927,Pan-Pac. Ent.,,,,,,,1,,,
lit,Hymenoptera,Halictidae,Augochlorella,pomoniella,1939,Bull. S. Calif. Acad. Sci.,1939,,,,,,1,,1,1
lit,Hymenoptera,Halictidae,Augochlorella,pomoniella,1939,Proc. Calif. Acad. Sci. ser.4,,,,,1,,1,,,
lit,Hymenoptera,Halictidae,Augochlorella,pomoniella,1940,Proc. Sixth Pac. Sci. Cong.,,,,,,,,,,
lit,Hymenoptera,Halictidae,Augochlorella,pomoniella,1966,Univ. Kansas Sci. Bull.,,,,,1,,1,,,
lit,Hymenoptera,Halictidae,Augochlorella,pomoniella,1985,Ent. Calif. Ch. Isls. Proc.,,,,,1,,1,,1,1
lit,Hymenoptera,Halictidae,Dialictus,cabrilli,1937,Pan-Pac. Ent.,1937,7,,,,,,1,,
lit,Hymenoptera,Halictidae,Dialictus,cabrilli,1939,Proc. Calif. Acad. Sci. ser.4,,,,,,,,1,,
lit,Hymenoptera,Halictidae,Dialictus,cabrilli,1985,Ent. Calif. Ch. Isls. Proc.,,,,,,,,,,
lit,Hymenoptera,Halictidae,Dialictus,californiae,1939,Proc. Calif. Acad. Sci. ser.4,,,,,1,,,,,
lit,Hymenoptera,Halictidae,Dialictus,californiae,1941,Bull. S. Calif. Acad. Sci.,,,,,1,,,,,
lit,Hymenoptera,Halictidae,Dialictus,californiae,1985,Ent. Calif. Ch. Isls. Proc.,1978,8,1,,,,,,,
lit,Hymenoptera,Halictidae,Dialictus,californiae,1985,Ent. Calif. Ch. Isls. Proc.,,,,,1,,1,,,
lit,Hymenoptera,Halictidae,Dialictus,daggetti,1916,Can. Ent.,,,,,,,,,,
lit,Hymenoptera,Halictidae,Dialictus,diversopunctatus,1940,Bull. S. Calif. Acad. Sci.,,,,1,,,,,,
lit,Hymenoptera,Halictidae,Dialictus,diversopunctatus,1985,Ent. Calif. Ch. Isls. Proc.,1978,8,1,,,,,,,
lit,Hymenoptera,Halictidae,Dialictus,diversopunctatus,1985,Ent. Calif. Ch. Isls. Proc.,,,1,1,,,1,,1,
lit,Hymenoptera,Halictidae,Dialictus,grinnelli,1916,Can. Ent.,,,,,,,,,,
lit,Hymenoptera,Halictidae,Dialictus,grinnelli,1937,Pan-Pac. Ent.,,,,,,,,1,,
lit,Hymenoptera,Halictidae,Dialictus,grinnelli,1937,Pan-Pac. Ent.,1937,7,,,,,,1,,
lit,Hymenoptera,Halictidae,Dialictus,grinnelli,1939,Proc. Calif. Acad. Sci. ser.4,,,,,,,,1,,
lit,Hymenoptera,Halictidae,Dialictus,grinnelli,1985,Ent. Calif. Ch. Isls. Proc.,,,,,,,,,,
lit,Hymenoptera,Halictidae,Dialictus,incompletus,1938,Ann. & Mag. Nat. Hist.,1938,3,,,1,,,,,
lit,Hymenoptera,Halictidae,Dialictus,incompletus,1939,Proc. Calif. Acad. Sci. ser.4,,,,,1,,,,1,
lit,Hymenoptera,Halictidae,Dialictus,incompletus,1985,Ent. Calif. Ch. Isls. Proc.,,,,,1,,,,,
lit,Hymenoptera,Halictidae,Dialictus,megastictus,1937,Pan-Pac. Ent.,1937,7,,,,,,1,,
lit,Hymenoptera,Halictidae,Dialictus,megastictus,1939,Proc. Calif. Acad. Sci. ser.4,,,,,,,,1,,
lit,Hymenoptera,Halictidae,Dialictus,megastictus,1985,Ent. Calif. Ch. Isls. Proc.,,,,,1,,,1,,
lit,Hymenoptera,Halictidae,Dialictus,megastictus,1986,Psyche,,,,,,,,1,,
lit,Hymenoptera,Halictidae,Dialictus,megastictus,1986,Psyche,1984,5,,,,,,,1,
lit,Hymenoptera,Halictidae,Dialictus,microlepoides,1985,Ent. Calif. Ch. Isls. Proc.,,,,,,,1,,,
lit,Hymenoptera,Halictidae,Dialictus,nevadensis,1937,Pan-Pac. Ent.,,,,,,,,1,,
lit,Hymenoptera,Halictidae,Dialictus,nevadensis,1937,Pan-Pac. Ent.,1937,7,,,,,,1,,
lit,Hymenoptera,Halictidae,Dialictus,nevadensis,1939,Proc. Calif. Acad. Sci. ser.4,,,,,,,,1,,
lit,Hymenoptera,Halictidae,Dialictus,nevadensis,1985,Ent. Calif. Ch. Isls. Proc.,,,,1,1,1,,,,
lit,Hymenoptera,Halictidae,Dialictus,perichlarus,1937,Pan-Pac. Ent.,1937,7,,,,,,1,,
lit,Hymenoptera,Halictidae,Dialictus,perichlarus,1939,Proc. Calif. Acad. Sci. ser.4,,,,,,,,1,,
lit,Hymenoptera,Halictidae,Dialictus,perichlarus,1940,Bull. S. Calif. Acad. Sci.,,,,,,,,1,1,1
lit,Hymenoptera,Halictidae,Dialictus,perichlarus,1985,Ent. Calif. Ch. Isls. Proc.,,,1,1,,,1,1,1,1
lit,Hymenoptera,Halictidae,Dialictus,perichlarus,1985,Ent. Calif. Ch. Isls. Proc.,1978,8,1,,,,,,,
lit,Hymenoptera,Halictidae,Dialictus,perichlarus,1986,Psyche,,,,,,,,1,,
lit,Hymenoptera,Halictidae,Dialictus,petrellus,1916,Can. Ent.,,,,,,,,,,
lit,Hymenoptera,Halictidae,Dialictus,pilosicaudus,1937,Pan-Pac. Ent.,1937,7,,,,,,1,,
lit,Hymenoptera,Halictidae,Dialictus,pilosicaudus,1939,Proc. Calif. Acad. Sci. ser.4,,,,,,,,1,1,
lit,Hymenoptera,Halictidae,Dialictus,pilosicaudus,1985,Ent. Calif. Ch. Isls. Proc.,,,,,,,,1,,
lit,Hymenoptera,Halictidae,Dialictus,punctiferellus,1937,Pan-Pac. Ent.,1937,7,,,,,,1,,
lit,Hymenoptera,Halictidae,Dialictus,punctiferellus,1939,Proc. Calif. Acad. Sci. ser.4,,,,,,,,1,,
lit,Hymenoptera,Halictidae,Dialictus,punctiferellus,1985,Ent. Calif. Ch. Isls. Proc.,,,,,,,,1,,
lit,Hymenoptera,Halictidae,Dialictus,sp. 1,1985,Ent. Calif. Ch. Isls. Proc.,,,,,,,1,,,
lit,Hymenoptera,Halictidae,Dialictus,sp. 2,1985,Ent. Calif. Ch. Isls. Proc.,,,,,,,,,,1
lit,Hymenoptera,Halictidae,Dialictus,sp. 3,1985,Ent. Calif. Ch. Isls. Proc.,,,,,,1,,1,,
lit,Hymenoptera,Halictidae,Dialictus,tegulariformis,1939,Proc. Calif. Acad. Sci. ser.4,,,,,1,,,,,
lit,Hymenoptera,Halictidae,Dialictus,tegulariformis,1985,Ent. Calif. Ch. Isls. Proc.,,,,,,,,,,
lit,Hymenoptera,Halictidae,Dufourea,californica,1985,Ent. Calif. Ch. Isls. Proc.,,,,,1,,,,,
lit,Hymenoptera,Halictidae,Dufourea,dentipes,1985,Ent. Calif. Ch. Isls. Proc.,,,,,,,,,,1
lit,Hymenoptera,Halictidae,Evylaeus,argemonis,1985,Ent. Calif. Ch. Isls. Proc.,,,,,,,1,,,
lit,Hymenoptera,Halictidae,Evylaeus,avalonensis,1938,Ann. & Mag. Nat. Hist.,1938,3,,,1,,,,,
lit,Hymenoptera,Halictidae,Evylaeus,avalonensis,1939,Proc. Calif. Acad. Sci. ser.4,,,,,1,1,,,,
lit,Hymenoptera,Halictidae,Evylaeus,avalonensis,1985,Ent. Calif. Ch. Isls. Proc.,,,,,,,,,,
lit,Hymenoptera,Halictidae,Evylaeus,hammondi,1938,Ann. & Mag. Nat. Hist.,1938,5,,,,,,1,,
lit,Hymenoptera,Halictidae,Evylaeus,hammondi,1939,Proc. Calif. Acad. Sci. ser.4,,,,,,,,1,,
lit,Hymenoptera,Halictidae,Evylaeus,hammondi,1985,Ent. Calif. Ch. Isls. Proc.,,,,,,,,,,
lit,Hymenoptera,Halictidae,Evylaeus,hammondi,1987,"Smith. Inst. Press, Wash. DC",,,,,,,,1,,
lit,Hymenoptera,Halictidae,Evylaeus,kincaidii,1940,Bull. S. Calif. Acad. Sci.,,,,,,,1,,,
lit,Hymenoptera,Halictidae,Evylaeus,kincaidii,1985,Ent. Calif. Ch. Isls. Proc.,,,,,,,1,,,
lit,Hymenoptera,Halictidae,Evylaeus,kincaidii,1986,Psyche,1984,5,,,,,,,1,
lit,Hymenoptera,Halictidae,Evylaeus,miguelensis,1937,Pan-Pac. Ent.,1937,7,,,,,,1,,
lit,Hymenoptera,Halictidae,Evylaeus,miguelensis,1939,Proc. Calif. Acad. Sci. ser.4,,,,,,,,1,,
lit,Hymenoptera,Halictidae,Evylaeus,miguelensis,1939,Proc. Calif. Acad. Sci. ser.4,,,,,1,,,,,
lit,Hymenoptera,Halictidae,Evylaeus,miguelensis,1939,Bull. S. Calif. Acad. Sci.,1939,7,,,1,,,1,,
lit,Hymenoptera,Halictidae,Evylaeus,miguelensis,1986,Psyche,,,,,,,,1,,
lit,Hymenoptera,Halictidae,Evylaeus,nigrescens,1940,Bull. S. Calif. Acad. Sci.,,,,,,1,,,,1
lit,Hymenoptera,Halictidae,Evylaeus,nigrescens,1985,Ent. Calif. Ch. Isls. Proc.,,,,,1,1,1,,,1
lit,Hymenoptera,Halictidae,Evylaeus,ovaliceps,1938,Ann. & Mag. Nat. Hist.,1938,4,,,1,,,,,
lit,Hymenoptera,Halictidae,Evylaeus,ovaliceps,1939,Proc. Calif. Acad. Sci. ser.4,,,,,1,,,,,
lit,Hymenoptera,Halictidae,Evylaeus,ovaliceps,1985,Ent. Calif. Ch. Isls. Proc.,,,,,1,,1,,,
lit,Hymenoptera,Halictidae,Halictus,catalinensis,NA,,,,,,,,,,,
lit,Hymenoptera,Halictidae,Halictus,coronadensis,NA,,,,,,,,,,,
lit,Hymenoptera,Halictidae,Halictus,daggetti,NA,,,,,,,,,,,
lit,Hymenoptera,Halictidae,Halictus,grinnelli,NA,,,,,,,,,,,
lit,Hymenoptera,Halictidae,Halictus,tripertitus,1942,U.S. Naval Inst. Proc.,,,,,,1,,,,
lit,Hymenoptera,Halictidae,Halictus (Seladonia),tripartitus,1903,Bull. S. Calif. Acad. Sci.,,,,,,,1,,,
lit,Hymenoptera,Halictidae,Halictus (Seladonia),tripartitus,1925,Proc. Calif. Acad. Sci. ser. 4,,,,,,,1,,,
lit,Hymenoptera,Halictidae,Halictus (Seladonia),tripartitus,1935,Pan-Pac. Ent.,,,,,1,,,,,
lit,Hymenoptera,Halictidae,Halictus (Seladonia),tripartitus,1937,Pan-Pac. Ent.,1937,7,,,1,,,,,
lit,Hymenoptera,Halictidae,Halictus (Seladonia),tripartitus,1938,Ann. & Mag. Nat. Hist.,1938,4,,,1,,,,,
lit,Hymenoptera,Halictidae,Halictus (Seladonia),tripartitus,1939,Proc. Calif. Acad. Sci. ser.4,,,,,1,,,,,
lit,Hymenoptera,Halictidae,Halictus (Seladonia),tripartitus,1941,Ent. Amer. n.s.,,,,,1,,,,,
lit,Hymenoptera,Halictidae,Halictus (Seladonia),tripartitus,1985,Ent. Calif. Ch. Isls. Proc.,,,1,,,,1,,,1
lit,Hymenoptera,Halictidae,Halictus (Seladonia),tripartitus,1985,Ent. Calif. Ch. Isls. Proc.,1978,8,1,,,,,,,
lit,Hymenoptera,Halictidae,Halictus (Seladonia),tripertitus,1910,Chann. Isls. Calif.,,,,,1,,,,,
lit,Hymenoptera,Halictidae,Halictus (s. l.),sp.,1939,Proc. Calif. Acad. Sci. ser.4,,,,,1,,,,,
lit,Hymenoptera,Halictidae,Lasioglossum,channelense,1940,Bull. S. Calif. Acad. Sci.,,,,,,,,,,1
lit,Hymenoptera,Halictidae,Lasioglossum,channelense,1985,Ent. Calif. Ch. Isls. Proc.,,,,,,,1,,,1
lit,Hymenoptera,Halictidae,Lasioglossum,channelense,1986,Smith. Cont. Zool.,,,,,,,1,,,1
lit,Hymenoptera,Halictidae,Lasioglossum,pavonotum,1937,Pan-Pac. Ent.,1937,7,,,,,,1,,
lit,Hymenoptera,Halictidae,Lasioglossum,pavonotum,1938,Ann. & Mag. Nat. Hist.,,,,,,,,1,,
lit,Hymenoptera,Halictidae,Lasioglossum,pavonotum,1939,Bull. S. Calif. Acad. Sci.,1939,7,,,,,,1,,
lit,Hymenoptera,Halictidae,Lasioglossum,pavonotum,1939,Proc. Calif. Acad. Sci. ser.4,,,,,,,,1,,
lit,Hymenoptera,Halictidae,Lasioglossum,pavonotum,1985,Ent. Calif. Ch. Isls. Proc.,,,,,,,,1,,1
lit,Hymenoptera,Halictidae,Lasioglossum,pavonotum,1986,Smith. Cont. Zool.,,,,,,,,1,,1
lit,Hymenoptera,Halictidae,Lasioglossum,pavonotum,1986,Psyche,,,,,,,,1,,
lit,Hymenoptera,Halictidae,Lasioglossum,sisymbrii,1985,Ent. Calif. Ch. Isls. Proc.,1978,8,1,,,,,,,
lit,Hymenoptera,Halictidae,Lasioglossum,sisymbrii,1985,Ent. Calif. Ch. Isls. Proc.,,,1,,1,,,,,
lit,Hymenoptera,Halictidae,Lasioglossum,sisymbrii,1986,Smith. Cont. Zool.,,,1,,1,,,,,
lit,Hymenoptera,Halictidae,Lasioglossum,titusi,1985,Ent. Calif. Ch. Isls. Proc.,1978,8,1,,,,,,,
lit,Hymenoptera,Halictidae,Lasioglossum,titusi,1985,Ent. Calif. Ch. Isls. Proc.,,,1,,,,,,,
lit,Hymenoptera,Halictidae,Lasioglossum,titusi,1986,Psyche,,,,,,,,1,,
lit,Hymenoptera,Halictidae,Lasioglossum,titusi,1986,Smith. Cont. Zool.,,,1,,,,1,1,,1
lit,Hymenoptera,Halictidae,Sphecodes,nigricans miguelensis,1940,Bull. S. Calif. Acad. Sci.,1939,7,,,,,,1,,
lit,Hymenoptera,Halictidae,Sphecodes,nigricans miguelensis,1941,Bull. S. Calif. Acad. Sci.,,,,,,,,1,,
lit,Hymenoptera,Halictidae,Sphecodes,nigricans miguelensis,1985,Ent. Calif. Ch. Isls. Proc.,,,,,,,,1,,
lit,Hymenoptera,Halictidae,Sphecodes,sp. 1,1985,Ent. Calif. Ch. Isls. Proc.,,,,,,,1,,,
lit,Hymenoptera,Halictidae,Sphecodes,sp. 2,1985,Ent. Calif. Ch. Isls. Proc.,,,,,,,,,,1
lit,Hymenoptera,Halictidae,Sphecodes,sp. 3,1985,Ent. Calif. Ch. Isls. Proc.,,,,,,,,,,1
lit,Hymenoptera,Halictidae,Sphecodes,sp. 4,1985,Ent. Calif. Ch. Isls. Proc.,,,,,1,,,,,
lit,Hymenoptera,Halictidae,Sphecodes,sp. 5,1985,Ent. Calif. Ch. Isls. Proc.,,,,,,,,,1,
lit,Hymenoptera,Halictidae,Sphecodes,sp. 6,1985,Ent. Calif. Ch. Isls. Proc.,,,,,,,,,1,
lit,Hymenoptera,Ichneumonidae,,undetermined,1986,Psyche,,,,,,,,1,,
lit,Hymenoptera,Ichneumonidae,Anisobas,sp.,1987,Atala,,,,,1,,,,,
lit,Hymenoptera,Ichneumonidae,Apistephialtes,nucicola,1960,Bull. U.S. Nat. Mus.,,,,,1,,,,,
lit,Hymenoptera,Ichneumonidae,Aritranis,imitator,1962,Bull. U.S. Nat. Mus.,,,,,1,,,,,
lit,Hymenoptera,Ichneumonidae,Compsocryptus,calipterus,1962,Bull. U.S. Nat. Mus.,,,,,1,,,,,
lit,Hymenoptera,Ichneumonidae,Compsocryptus,resolutus,1962,Bull. U.S. Nat. Mus.,,,,,,1,,,,1
lit,Hymenoptera,Ichneumonidae,Compsocryptus,sp.,1940,Proc. Sixth Pac. Sci. Cong.,,,,,,1,,,,
lit,Hymenoptera,Ichneumonidae,Glypta,franciscana,1988,Mem. Amer. Ent. Inst.,,,,,1,,1,,,
lit,Hymenoptera,Ichneumonidae,Glypta,rufiscutellaris,1988,Mem. Amer. Ent. Inst.,,,,,,,1,,,
lit,Hymenoptera,Ichneumonidae,Homotropus,decoratus,1982,"Tech. Rep., Allan Hancock, USC",,,,,,1,,,,
lit,Hymenoptera,Ichneumonidae,Hoplismenus,sp.,1991,Herp. Monographs,,,,1,,,,,,
lit,Hymenoptera,Ichneumonidae,Idiolispa,analis ignea,1962,Bull. U.S. Nat. Mus.,,,,,,,1,,,
lit,Hymenoptera,Ichneumonidae,Itamoplex,albitarsis,1945,Amer. Midl. Nat.,,,,,,,1,,,
lit,Hymenoptera,Ichneumonidae,Itamoplex,albitarsis,1962,Bull. U.S. Nat. Mus.,,,,,,,1,,,
lit,Hymenoptera,Ichneumonidae,Itamoplex,albitarsis,1962,Bull. U.S. Nat. Mus.,,,,,1,,,,,
lit,Hymenoptera,Ichneumonidae,Macrojoppa,sp.,1991,Herp. Monographs,,,,1,,,,,,
lit,Hymenoptera,Ichneumonidae,Mesochorus,sp.,1987,Atala,,,,,1,,1,,,
lit,Hymenoptera,Ichneumonidae,Netelia (Netelia),brevicorns temporalis,1940,Proc. Sixth Pac. Sci. Cong.,,,,,1,,,,,
lit,Hymenoptera,Ichneumonidae,Netelia (Netelia),leo arizonensis,1938,Lloydia,,,,,,,1,,,
lit,Hymenoptera,Ichneumonidae,Ophion,sp.,1938,Bull. S. Calif. Acad. Sci.,,,,,1,,,,,
lit,Hymenoptera,Ichneumonidae,Scambus (Scambus),aplopappi,1960,Bull. U.S. Nat. Mus.,,,,,1,,,,,
lit,Hymenoptera,Ichneumonidae,Therion,californicum,1977,Univ. Calif. Publ. Ent.,,,,,,,,,,
lit,Hymenoptera,Ichneumonidae,Trychosis,reflexa,1962,Bull. U.S. Nat. Mus.,,,,,,,1,,,
lit,Hymenoptera,Megachilidae,Anthidium,collectum,1938,Trans. S. Diego Soc. Nat. Hist,,,,1,,,,,,
lit,Hymenoptera,Megachilidae,Anthidium,collectum,1939,Proc. Calif. Acad. Sci. ser.4,,,,,1,,,,,
lit,Hymenoptera,Megachilidae,Anthidium,collectum,1939,Bull. S. Calif. Acad. Sci.,1939,4,,,,1,,,,
lit,Hymenoptera,Megachilidae,Anthidium,collectum,1940,Proc. Sixth Pac. Sci. Cong.,,,,1,,,,,,
lit,Hymenoptera,Megachilidae,Anthidium,collectum,1940,Proc. Sixth Pac. Sci. Cong.,,,,,1,,,,,
lit,Hymenoptera,Megachilidae,Anthidium,collectum,1940,Proc. Sixth Pac. Sci. Cong.,,,,,,1,,,,
lit,Hymenoptera,Megachilidae,Anthidium,collectum,1968,Bull. Calif. Ins. Survey,,,,1,1,1,,,,
lit,Hymenoptera,Megachilidae,Anthidium,collectum,1985,Ent. Calif. Ch. Isls. Proc.,,,,,,1,1,,,1
lit,Hymenoptera,Megachilidae,Anthidium,emarginatum,1985,Ent. Calif. Ch. Isls. Proc.,,,,,1,,,,,
lit,Hymenoptera,Megachilidae,Anthidium,maculosum,1925,Proc. Calif. Acad. Sci. ser. 4,,,1,,,,,,,
lit,Hymenoptera,Megachilidae,Anthidium,maculosum,1940,Proc. Sixth Pac. Sci. Cong.,,,1,,,,,,,
lit,Hymenoptera,Megachilidae,Anthidium,maculosum,1985,Ent. Calif. Ch. Isls. Proc.,1978,8,1,,,,,,,
lit,Hymenoptera,Megachilidae,Anthidium,maculosum,1985,Ent. Calif. Ch. Isls. Proc.,,,1,,,,1,,,
lit,Hymenoptera,Megachilidae,Anthidium,palliventre,1925,Proc. Calif. Acad. Sci. ser. 4,,,,,,,,1,,
lit,Hymenoptera,Megachilidae,Anthidium,palliventre,1937,Pan-Pac. Ent.,1937,7,,,,,,1,,
lit,Hymenoptera,Megachilidae,Anthidium,palliventre,1939,Proc. Calif. Acad. Sci. ser.4,,,,,,,,1,,
lit,Hymenoptera,Megachilidae,Anthidium,palliventre,1940,Proc. Sixth Pac. Sci. Cong.,,,,,,,,1,,
lit,Hymenoptera,Megachilidae,Anthidium,palliventre,1968,Bull. Calif. Ins. Survey,,,,,,,,1,,
lit,Hymenoptera,Megachilidae,Anthidium,palliventre,1986,Psyche,,,,,,,,1,,
lit,Hymenoptera,Megachilidae,Anthocopa,copelandica albomarginata,1985,Ent. Calif. Ch. Isls. Proc.,,,,,,,1,,,
lit,Hymenoptera,Megachilidae,Ashmeadiella,cactorum basalis,1985,Ent. Calif. Ch. Isls. Proc.,,,,,,,1,,,
lit,Hymenoptera,Megachilidae,Ashmeadiella,californica californica,1985,Ent. Calif. Ch. Isls. Proc.,,,1,1,,,,,1,
lit,Hymenoptera,Megachilidae,Ashmeadiella,californica californica,1985,Ent. Calif. Ch. Isls. Proc.,1978,8,1,,,,,,,
lit,Hymenoptera,Megachilidae,Ashmeadiella,chumashae,1985,Ent. Calif. Ch. Isls. Proc.,,,,,,,1,,,1
lit,Hymenoptera,Megachilidae,Ashmeadiella,chumashae,1985,J. Kansas Ent. Soc.,,,,,,,1,,,1
lit,Hymenoptera,Megachilidae,Ashmeadiella,timberlakei timberlakei,1985,Ent. Calif. Ch. Isls. Proc.,,,,,,,1,,,
lit,Hymenoptera,Megachilidae,Chelostomopsis,rubifloris,1985,Ent. Calif. Ch. Isls. Proc.,,,,,,,1,,,
lit,Hymenoptera,Megachilidae,Coelioxys,octodentata,1939,Bull. S. Calif. Acad. Sci.,,,,,1,,,,,
lit,Hymenoptera,Megachilidae,Coelioxys,octodentata,1939,Bull. S. Calif. Acad. Sci.,,,,,1,,,,,
lit,Hymenoptera,Megachilidae,Coelioxys,octodentata,1939,Proc. Calif. Acad. Sci. ser.4,,,,,1,,,,,
lit,Hymenoptera,Megachilidae,Coelioxys,octodentata,1985,Ent. Calif. Ch. Isls. Proc.,,,,,,,,,,
lit,Hymenoptera,Megachilidae,Dioxys,pomonae pomonae,1938,Ann. & Mag. Nat. Hist.,1938,3,,,1,,,,,
lit,Hymenoptera,Megachilidae,Dioxys,pomonae pomonae,1939,Proc. Calif. Acad. Sci. ser.4,,,,,1,,,,,
lit,Hymenoptera,Megachilidae,Dioxys,pomonae pomonae,1958,Univ. Calif. Publ. Ent.,,,,,1,,1,,,
lit,Hymenoptera,Megachilidae,Dioxys,pomonae pomonae,1985,Ent. Calif. Ch. Isls. Proc.,,,,,1,,1,,,
lit,Hymenoptera,Megachilidae,Hoplitis (Cyrtosmia),hypocrita,1938,Ann. & Mag. Nat. Hist.,1938,4,,,1,,,,,
lit,Hymenoptera,Megachilidae,Hoplitis (Cyrtosmia),hypocrita,1939,Proc. Calif. Acad. Sci. ser.4,,,,,1,,,,,
lit,Hymenoptera,Megachilidae,Hoplitis (Cyrtosmia),hypocrita,1947,Bull. Amer. Mus. Nat. Hist.,,,,,1,,,,,
lit,Hymenoptera,Megachilidae,Hoplitis (Cyrtosmia),hypocrita,1985,Ent. Calif. Ch. Isls. Proc.,,,,,1,,,,,
lit,Hymenoptera,Megachilidae,Megachile,brevis brevis,1985,Ent. Calif. Ch. Isls. Proc.,,,,,,,1,,,
lit,Hymenoptera,Megachilidae,Megachile,sp.,1903,Psyche,,,,,1,,,,,
lit,Hymenoptera,Megachilidae,Megachile,sp.,1939,Proc. Calif. Acad. Sci. ser.4,,,,,1,,,,,
lit,Hymenoptera,Megachilidae,Megachile (Argyropile),parallela,1937,Trans. Amer. Ent. Soc.,,,,,1,,,,,
lit,Hymenoptera,Megachilidae,Megachile (Argyropile),parallela,1980,Smith. Cont. Zool.,,,,,1,,,,,
lit,Hymenoptera,Megachilidae,Megachile (Argyropile),parallela,1985,Ent. Calif. Ch. Isls. Proc.,,,,,,,,,,
lit,Hymenoptera,Megachilidae,Megachile (Litomegachile),coquilletti,1985,Ent. Calif. Ch. Isls. Proc.,,,,,1,,1,,,1
lit,Hymenoptera,Megachilidae,Osmia,sp.,1939,Proc. Calif. Acad. Sci. ser.4,,,,,,,,1,,
lit,Hymenoptera,Megachilidae,Osmia (Acanthosmioides),nigrobarbata,1924,Proc. Calif. Acad. Sci. ser.4,,,,,,,,1,,
lit,Hymenoptera,Megachilidae,Osmia (Acanthosmioides),nigrobarbata,1939,Mem. Ent. Soc. Wash.,,,,,,,,1,,
lit,Hymenoptera,Megachilidae,Osmia (Acanthosmioides),nigrobarbata,1985,Ent. Calif. Ch. Isls. Proc.,,,,,,,,,,
lit,Hymenoptera,Megachilidae,Osmia (Cephalosmia),californica,1924,Proc. Calif. Acad. Sci. ser.4,,,,,,,1,,,
lit,Hymenoptera,Megachilidae,Osmia (Cephalosmia),californica,1985,Ent. Calif. Ch. Isls. Proc.,,,,,,,,,,
lit,Hymenoptera,Megachilidae,Osmia (Chenosmia),calla,1985,Ent. Calif. Ch. Isls. Proc.,,,,,1,,1,,,
lit,Hymenoptera,Megachilidae,Osmia (Chenosmia),clarescens,1924,Proc. Calif. Acad. Sci. ser. 4,,,,,,,1,,,
lit,Hymenoptera,Megachilidae,Osmia (Chenosmia),clarescens,1938,Ann. & Mag. Nat. Hist.,1938,4,,,1,,,,,
lit,Hymenoptera,Megachilidae,Osmia (Chenosmia),clarescens,1939,Bull. S. Calif. Acad. Sci.,1939,4,,,,1,,,,
lit,Hymenoptera,Megachilidae,Osmia (Chenosmia),clarescens,1939,Proc. Calif. Acad. Sci. ser.4,,,,,1,,,,,
lit,Hymenoptera,Megachilidae,Osmia (Chenosmia),clarescens,1940,Proc. Sixth Pac. Sci. Cong.,,,,,,1,,,,
lit,Hymenoptera,Megachilidae,Osmia (Chenosmia),clarescens,1985,Ent. Calif. Ch. Isls. Proc.,,,,,,1,1,,,
lit,Hymenoptera,Megachilidae,Osmia (Chenosmia),cobaltina,1939,Bull. S. Calif. Acad. Sci.,1939,,,,1,,,,,
lit,Hymenoptera,Megachilidae,Osmia (Chenosmia),kincaidii,1985,Ent. Calif. Ch. Isls. Proc.,,,,,,,1,,,1
lit,Hymenoptera,Megachilidae,Osmia (Chenosmia),regulina,1938,Ann. & Mag. Nat. Hist.,1938,4,,,1,,,,,
lit,Hymenoptera,Megachilidae,Osmia (Chenosmia),regulina,1939,Proc. Calif. Acad. Sci. ser.4,,,,,1,,,,,
lit,Hymenoptera,Megachilidae,Osmia (Chenosmia),trevoris,1985,Ent. Calif. Ch. Isls. Proc.,,,,,,,,1,,1
lit,Hymenoptera,Megachilidae,Osmia (Chenosmia),tristella,1985,Ent. Calif. Ch. Isls. Proc.,,,,,,,1,,,
lit,Hymenoptera,Megachilidae,Osmia (Monilosmia),albolateralis,1985,Ent. Calif. Ch. Isls. Proc.,,,,,,,1,1,,1
lit,Hymenoptera,Megachilidae,Osmia (Monilosmia),gabrielis,1985,Ent. Calif. Ch. Isls. Proc.,,,,,,,1,,,
lit,Hymenoptera,Megachilidae,Osmia (Mystacosmia),nemoris,1939,Bull. S. Calif. Acad. Sci.,1939,5,,,,,,1,,
lit,Hymenoptera,Megachilidae,Osmia (Mystacosmia),nemoris,1985,Ent. Calif. Ch. Isls. Proc.,,,,,,,1,,,1
lit,Hymenoptera,Megachilidae,Stelis,sp.,1985,Ent. Calif. Ch. Isls. Proc.,,,,,,,1,,,
lit,Hymenoptera,Mutillidae,Brachycistis,atrata,1940,Proc. Sixth Pac. Sci. Cong.,,,,,1,,,1,,
lit,Hymenoptera,Mutillidae,Dasymutilla,aletina,NA,,,,,,,,,,,
lit,Hymenoptera,Mutillidae,Dasymutilla,aureola,1892,Zoe,1892,8,,,1,,,,,
lit,Hymenoptera,Mutillidae,Dasymutilla,aureola pacifica,1940,Proc. Sixth Pac. Sci. Cong.,,,,,1,,,,,
lit,Hymenoptera,Mutillidae,Dasymutilla,californica,1940,Proc. Sixth Pac. Sci. Cong.,,,,,1,,,,,
lit,Hymenoptera,Mutillidae,Dasymutilla,californica,1940,Proc. Sixth Pac. Sci. Cong.,,,,,1,,,,,
lit,Hymenoptera,Mutillidae,Dasymutilla,coccineohirta,1928,U.S. Nat Mus. Bull.,,,,,,,,,,
lit,Hymenoptera,Mutillidae,Dasymutilla,coccineohirta,1940,Proc. Sixth Pac. Sci. Cong.,,,,,1,,,,,
lit,Hymenoptera,Mutillidae,Dasymutilla,coccineohirta,1951,Bull. Calif. Insect Surv.,,,,,1,,,,,
lit,Hymenoptera,Mutillidae,Dasymutilla,coccineoshirta,1915,Ent.,,,,,1,,,,,
lit,Hymenoptera,Mutillidae,Dasymutilla,sp?,1892,Zoe,1892,8,,,1,,,,,
lit,Hymenoptera,Mutillidae,Sphaeropthalma (Photopsis,sp. 1,1940,Proc. Sixth Pac. Sci. Cong.,,,,,1,,,,,
lit,Hymenoptera,Mutillidae,Sphaeropthalma (Photopsis,sp. 2,1940,Proc. Sixth Pac. Sci. Cong.,,,,,1,,,,,
lit,Hymenoptera,Mymaridae,Gonatocerus,inflatiscapus,1988,Mem. Ent. Soc. Can.,,,,,,,1,,,
lit,Hymenoptera,Perilampidae,Perilampus,fulvicornis,1987,Atala,,,,,1,,,,,
lit,Hymenoptera,Pompilidae,Agenioideus (Agenioideus),humilis,1985,Bull. Calif. Insect Survey,,,,,,,1,,,
lit,Hymenoptera,Pompilidae,Allaporus,pulchellus,1985,Bull. Calif. Insect Survey,,,,,,,,1,,1
lit,Hymenoptera,Pompilidae,Anoplius (Anoplius),imbellis,1985,Bull. Calif. Insect Survey,,,,,,,1,,,
lit,Hymenoptera,Pompilidae,Anoplius (Anoplius),toluca,1985,Bull. Calif. Insect Survey,,,1,,1,1,1,1,1,1
lit,Hymenoptera,Pompilidae,Anoplius (Lophopompilus),aethiops,1985,Bull. Calif. Insect Survey,,,,,,,1,,,
lit,Hymenoptera,Pompilidae,Anoplius (Lophopompilus),cleora,1985,Bull. Calif. Insect Survey,,,,,,,1,,,
lit,Hymenoptera,Pompilidae,Anoplius (Pompilinus),clystera,1919,Bull. Mus. Comp. Zool.,,,,,,,1,,,
lit,Hymenoptera,Pompilidae,Anoplius (Pompilinus),clystera,1940,Proc. Sixth Pac. Sci. Cong.,,,,,,,1,1,,
lit,Hymenoptera,Pompilidae,Anoplius (Pompilinus),clystera,1985,Bull. Calif. Insect Survey,,,,,,,1,,,1
lit,Hymenoptera,Pompilidae,Anoplius (Pompilinus),estellina,1985,Bull. Calif. Insect Survey,,,,,,,1,,,1
lit,Hymenoptera,Pompilidae,Anoplius (Pompilinus),insolens,1985,Bull. Calif. Insect Survey,,,,,,,1,1,,1
lit,Hymenoptera,Pompilidae,Anoplius (Pompilinus),tenebrosus,1892,Zoe,1892,8,,,1,,,,,
lit,Hymenoptera,Pompilidae,Anoplius (Pompilinus),tenebrosus,1985,Bull. Calif. Insect Survey,,,,,,,1,1,,
lit,Hymenoptera,Pompilidae,Aporinellus,basalis,1985,Bull. Calif. Insect Survey,,,,,,,1,,,
lit,Hymenoptera,Pompilidae,Aporinellus,completus,1985,Bull. Calif. Insect Survey,,,,,,,1,,,1
lit,Hymenoptera,Pompilidae,Aporinellus,fasciatus,1985,Bull. Calif. Insect Survey,,,,,1,,1,,,
lit,Hymenoptera,Pompilidae,Aporinellus,medianus,1985,Bull. Calif. Insect Survey,,,,,,,1,,,
lit,Hymenoptera,Pompilidae,Aporinellus,taeniatus,1985,Bull. Calif. Insect Survey,,,,,,,1,,,1
lit,Hymenoptera,Pompilidae,Aporinellus,yucatanensis,1985,Bull. Calif. Insect Survey,,,,,1,,1,,,
lit,Hymenoptera,Pompilidae,Aporus,luxus luxus,1940,Proc. Sixth Pac. Sci. Cong.,,,,,,1,,,,
lit,Hymenoptera,Pompilidae,Aporus,luxus luxus,1985,Bull. Calif. Insect Survey,,,,,1,1,1,1,,1
lit,Hymenoptera,Pompilidae,Aporus (Plectraporus),hirsutus,1985,Bull. Calif. Insect Survey,,,,,,,1,1,,1
lit,Hymenoptera,Pompilidae,Chalcochares,hirsutifemur,1985,Bull. Calif. Insect Survey,,,,,,,1,,,
lit,Hymenoptera,Pompilidae,Episyron,biguttatus californicus,1985,Bull. Calif. Insect Survey,,,,,1,,1,,,1
lit,Hymenoptera,Pompilidae,Episyron,oregon,1985,Bull. Calif. Insect Survey,,,,,,,1,,,
lit,Hymenoptera,Pompilidae,Episyron,quinquenotatus hurdi,1985,Bull. Calif. Insect Survey,,,,,,1,1,,1,1
lit,Hymenoptera,Pompilidae,Evagetes,hyacinthinus,1985,Bull. Calif. Insect Survey,,,,,,,1,1,,
lit,Hymenoptera,Pompilidae,Evagetes,ingenuus,1985,Bull. Calif. Insect Survey,,,,,,,1,,,
lit,Hymenoptera,Pompilidae,Evagetes,mohave,1985,Bull. Calif. Insect Survey,,,,,,,1,,,
lit,Hymenoptera,Pompilidae,Evagetes,padrinus padrinus,1985,Bull. Calif. Insect Survey,,,,,,,1,1,,1
lit,Hymenoptera,Pompilidae,Evagetes,parvus,1985,Bull. Calif. Insect Survey,,,,,,,1,,,1
lit,Hymenoptera,Pompilidae,Evagetes,subangulatus,1985,Bull. Calif. Insect Survey,,,,,,,,,,1
lit,Hymenoptera,Pompilidae,Parapompilus,sp?,1892,Zoe,1892,8,,,1,,,,,
lit,Hymenoptera,Pompilidae,Pepsis,thisbe,1952,Bull. Amer. Nat. Hist.,,,,,,,,,,
lit,Hymenoptera,Pompilidae,Pompilus,sp?,1892,Zoe,1892,8,,,1,,,,,
lit,Hymenoptera,Pompilidae,Pompilus (Ammosphex),angularis angularis,1985,Bull. Calif. Insect Survey,,,1,,,1,,1,1,
lit,Hymenoptera,Pompilidae,Pompilus (Ammosphex),anomalus anomalus,1985,Bull. Calif. Insect Survey,,,1,,,1,1,1,1,
lit,Hymenoptera,Pompilidae,Pompilus (Ammosphex),parvulus,1985,Bull. Calif. Insect Survey,,,,,,1,1,,,
lit,Hymenoptera,Pompilidae,Pompilus (Ammosphex),silvivagus,1985,Bull. Calif. Insect Survey,,,,,,,1,,,
lit,Hymenoptera,Pompilidae,Pompilus (Ammosphex),solonus solonus,1985,Bull. Calif. Insect Survey,,,,,,,1,,,
lit,Hymenoptera,Pompilidae,Pompilus (Arachnospila),arctus,1985,Bull. Calif. Insect Survey,,,,,,,1,,,
lit,Hymenoptera,Pompilidae,Pompilus (Arachnospila),scelestus,1983,Pan-Pac. Ent.,,,,,,,1,,,
lit,Hymenoptera,Pompilidae,Pompilus (Arachnospila),scelestus,1985,Bull. Calif. Insect Survey,,,,1,1,,1,1,1,1
lit,Hymenoptera,Pompilidae,Pompilus (Perissopompilus,phoenix,1985,Bull. Calif. Insect Survey,,,,,,,1,,,
lit,Hymenoptera,Pompilidae,Priocnemis,oregona,1940,Proc. Sixth Pac. Sci. Cong.,,,,,1,,,,,
lit,Hymenoptera,Pompilidae,Psorthaspis,planata,1940,Proc. Sixth Pac. Sci. Cong.,,,,,1,,,,,
lit,Hymenoptera,Pompilidae,Psorthaspis,planata,1940,Proc. Sixth Pac. Sci. Cong.,,,,,1,,,,,
lit,Hymenoptera,Pompilidae,Psorthaspis,planata,1985,Bull. Calif. Insect Survey,,,,,,,1,,,
lit,Hymenoptera,Pompilidae,Tachypompilus,sp.,1892,Zoe,1892,8,,,1,,,,,
lit,Hymenoptera,Pompilidae,Tachypompilus,unicolor unicolor,1985,Bull. Calif. Insect Survey,,,,,1,,1,,,
lit,Hymenoptera,Pteromalidae,,unidentified,1892,Zoe,1892,8,,,1,,,,,
lit,Hymenoptera,Pteromalidae,,unidentified,1939,Sci,,,,,,,,,,
lit,Hymenoptera,Pteromalidae,Chyrsolampus,elegans,1986,Can. Ent.,,,,,,,1,,,
lit,Hymenoptera,Pteromalidae,Chyrsolampus,schwarzi,1986,Can. Ent.,,,,,,,1,,,1
lit,Hymenoptera,Pteromalidae,Mesopolobus,sp.,1986,Psyche,,,,,,,,1,,
lit,Hymenoptera,Pteromalidae,Pachyneuron,mucronatum,1967,Hilgardia,,,,,,,1,,,
lit,Hymenoptera,Sapygidae,Fedtschenkia,anthracina,1972,Pan-Pac. Ent.,,,,,,,1,,,
lit,Hymenoptera,Scelionidae,undet.,,1973,Environ. Ent.,,,,,,,1,,,
lit,Hymenoptera,Sphecidae,Ammophila,azteca azteca,1967,LACM Cont. Sci.,,,,,,,,,,1
lit,Hymenoptera,Sphecidae,Ammophila,azteca azteca,1985,Ent. Calif. Ch. Isls. Proc.,,,,,,,1,1,,1
lit,Hymenoptera,Sphecidae,Ammophila,azteca clemente,1967,LACM Cont. Sci.,,,,,,1,,,,
lit,Hymenoptera,Sphecidae,Ammophila,azteca clemente,1985,Ent. Calif. Ch. Isls. Proc.,,,,,,1,,,,
lit,Hymenoptera,Sphecidae,Ammophila,azteca clemente,1985,Ent. Calif. Ch. Isls. Proc.,,,,,,1,,,,
lit,Hymenoptera,Sphecidae,Ammophila,mcclayi,1985,Ent. Calif. Ch. Isls. Proc.,,,,,1,1,1,,,
lit,Hymenoptera,Sphecidae,Ammophila,nearctica,1985,Ent. Calif. Ch. Isls. Proc.,,,,,,,1,,,1
lit,Hymenoptera,Sphecidae,Ammophila,parapolita,1985,Ent. Calif. Ch. Isls. Proc.,,,,,,,1,,,
lit,Hymenoptera,Sphecidae,Ammophila,parkeri,1985,Ent. Calif. Ch. Isls. Proc.,,,,,,,1,,,1
lit,Hymenoptera,Sphecidae,Ammophila,placida,1985,Ent. Calif. Ch. Isls. Proc.,,,,,,,1,,,
lit,Hymenoptera,Sphecidae,Ancistromma,bradleyi,1985,Ent. Calif. Ch. Isls. Proc.,,,,,,,1,,,
lit,Hymenoptera,Sphecidae,Astata,bechteli,1985,Ent. Calif. Ch. Isls. Proc.,,,,1,,1,1,,,
lit,Hymenoptera,Sphecidae,Astata,nubecula,1985,Ent. Calif. Ch. Isls. Proc.,,,,,,,1,,,1
lit,Hymenoptera,Sphecidae,Astata,occidentalis,1985,Ent. Calif. Ch. Isls. Proc.,,,,,,,1,,,
lit,Hymenoptera,Sphecidae,Bembex,americana comata,1892,Zoe,1892,8,,,1,,,,,
lit,Hymenoptera,Sphecidae,Bembex,americana comata,1892,Zoe,1892,8,,,1,,,,,
lit,Hymenoptera,Sphecidae,Bembix,americana comata,1971,Bull. Calif. Insect Surv.,,,1,,1,,,,,
lit,Hymenoptera,Sphecidae,Bembix,americana comata,1985,Ent. Calif. Ch. Isls. Proc.,,,1,,1,,,,,
lit,Hymenoptera,Sphecidae,Bembix,americana comata,1985,Ent. Calif. Ch. Isls. Proc.,,,1,,1,,,,,
lit,Hymenoptera,Sphecidae,Bembix,americana dugi,1985,Ent. Calif. Ch. Isls. Proc.,,,,,,1,,,,
lit,Hymenoptera,Sphecidae,Bembix,americana dugi,1985,Ent. Calif. Ch. Isls. Proc.,,,,,,1,,,,
lit,Hymenoptera,Sphecidae,Bembix,americana hamata,1923,Psyche,,,,,,,1,,,
lit,Hymenoptera,Sphecidae,Bembix,americana hamata,1939,Bull. S. Calif. Acad. Sci.,,,,,,,,1,,1
lit,Hymenoptera,Sphecidae,Bembix,americana hamata,1929,Proc. U.S. Natl. Mus.,,,,,,,,1,,
lit,Hymenoptera,Sphecidae,Bembix,americana hamata,1939,Bull. S. Calif. Acad. Sci.,,,,,,,,,,1
lit,Hymenoptera,Sphecidae,Bembix,americana hamata,1939,Bull. S. Calif. Acad. Sci.,,,,,,,1,,,
lit,Hymenoptera,Sphecidae,Bembix,americana hamata,1923,Psyche,,,,,,,,1,,
lit,Hymenoptera,Sphecidae,Bembix,americana hamata,1940,Proc. Sixth Pac. Sci. Cong.,,,,,,,,1,,
lit,Hymenoptera,Sphecidae,Bembix,americana hamata,1968,Ann. Ent. Soc. Amer.,,,,,,,,1,,
lit,Hymenoptera,Sphecidae,Bembix,americana hamata,1971,Bull. Calif. Insect Surv.,,,,,,,1,1,,1
lit,Hymenoptera,Sphecidae,Bembix,americana hamata,1985,Ent. Calif. Ch. Isls. Proc.,,,,,,,1,1,,1
lit,Hymenoptera,Sphecidae,Bembix,americana hamata,1985,Ent. Calif. Ch. Isls. Proc.,,,,,,,1,1,,1
lit,Hymenoptera,Sphecidae,Bembix,americana nicolai,1938,Pan-Pac. Ent.,,,,,,,,,1,
lit,Hymenoptera,Sphecidae,Bembix,americana nicolai,1985,Ent. Calif. Ch. Isls. Proc.,,,,,,,,,1,
lit,Hymenoptera,Sphecidae,Bembix,americana nicolai,1940,Proc. Sixth Pac. Sci. Cong.,,,,,,,,,1,
lit,Hymenoptera,Sphecidae,Bembix,americana nicolai,1968,Ann. Ent. Soc. Amer.,,,,,,,,,1,
lit,Hymenoptera,Sphecidae,Bembix,americana nicolai,1971,Bull. Calif. Insect Surv.,,,,,,,,,1,
lit,Hymenoptera,Sphecidae,Bembix,americana nicolai,1939,Bull. S. Calif. Acad. Sci.,,,,,,,,,1,
lit,Hymenoptera,Sphecidae,Bembix,americana nicolai,1985,Ent. Calif. Ch. Isls. Proc.,,,,,,,,,1,
lit,Hymenoptera,Sphecidae,Bembix,americana nicolai,1986,Psyche,1984,5,,,,,,,1,
lit,Hymenoptera,Sphecidae,Bembix,santae-rosae,NA,,,,,,,,,,,
lit,Hymenoptera,Sphecidae,Cerceris,acanthophila,1975,Bull. Calif. Insect Surv.,,,,,,,1,,,
lit,Hymenoptera,Sphecidae,Cerceris,acanthophila,1985,Ent. Calif. Ch. Isls. Proc.,,,,,,,1,,,
lit,Hymenoptera,Sphecidae,Cerceris,aequalis,1975,Bull. Calif. Insect Surv.,,,,,,,1,,,
lit,Hymenoptera,Sphecidae,Cerceris,convergens,1975,Bull. Calif. Insect Surv.,,,,,,,1,,,
lit,Hymenoptera,Sphecidae,Cerceris,convergens,1985,Ent. Calif. Ch. Isls. Proc.,,,,,,,1,,,
lit,Hymenoptera,Sphecidae,Cerceris,finitima,1975,Bull. Calif. Insect Surv.,,,,,,,1,,,
lit,Hymenoptera,Sphecidae,Cerceris,finitima,1985,Ent. Calif. Ch. Isls. Proc.,,,,,,,1,,,
lit,Hymenoptera,Sphecidae,Cerceris,minax,1975,Bull. Calif. Insect Surv.,,,,,,,1,,,
lit,Hymenoptera,Sphecidae,Cerceris,minax,1985,Ent. Calif. Ch. Isls. Proc.,,,,,1,,1,,,
lit,Hymenoptera,Sphecidae,Cerceris,sextoides,1975,Bull. Calif. Insect Surv.,,,,,,,1,,,
lit,Hymenoptera,Sphecidae,Cerceris,sextoides,1985,Ent. Calif. Ch. Isls. Proc.,,,,,,,1,,,
lit,Hymenoptera,Sphecidae,Cerceris,sp. nr. aequalis,1985,Ent. Calif. Ch. Isls. Proc.,,,,,,,1,,,
lit,Hymenoptera,Sphecidae,Clypeadon,utahensis,1966,Proc. Ent. Soc. Wash.,,,,,1,,,,,
lit,Hymenoptera,Sphecidae,Clypeadon,utahensis,1975,Bull. Calif. Insect Surv.,,,,,1,,,,,
lit,Hymenoptera,Sphecidae,Clypeadon,utahensis,1985,Ent. Calif. Ch. Isls. Proc.,,,,,1,,,,,
lit,Hymenoptera,Sphecidae,Crabro,villosus,1976,Trans. Amer. Ent. Soc.,,,,,,,1,,,
lit,Hymenoptera,Sphecidae,Crabro,villosus,1985,Ent. Calif. Ch. Isls. Proc.,,,,,1,,1,,,
lit,Hymenoptera,Sphecidae,Crossocerus,chromatipus,1985,Ent. Calif. Ch. Isls. Proc.,,,,,,,1,,,
lit,Hymenoptera,Sphecidae,Crossocerus (Ablepharipus,insolens,1985,Ent. Calif. Ch. Isls. Proc.,,,,,,,1,,,
lit,Hymenoptera,Sphecidae,Crossocerus (Blepharipus),maculipennis,1985,Ent. Calif. Ch. Isls. Proc.,,,,,,,1,,,
lit,Hymenoptera,Sphecidae,Crossocerus (Blepharipus),nigricornis,1985,Ent. Calif. Ch. Isls. Proc.,,,,,,,1,,,
lit,Hymenoptera,Sphecidae,Didineis,nodosa,1985,Ent. Calif. Ch. Isls. Proc.,,,,,1,,1,,1,1
lit,Hymenoptera,Sphecidae,Diodontus,occidentalis,1985,Ent. Calif. Ch. Isls. Proc.,,,,,1,,1,1,,1
lit,Hymenoptera,Sphecidae,Diploplectron,peglowi,1972,Ann. Ent. Soc. Amer.,,,,,,,1,,,
lit,Hymenoptera,Sphecidae,Diploplectron,peglowi,1985,Ent. Calif. Ch. Isls. Proc.,,,,,,1,1,,1,1
lit,Hymenoptera,Sphecidae,Dryudella,caerulea,1985,Ent. Calif. Ch. Isls. Proc.,,,,,1,,1,,,1
lit,Hymenoptera,Sphecidae,Dryudella,rhimpa,1985,Ent. Calif. Ch. Isls. Proc.,,,,,1,1,1,,1,1
lit,Hymenoptera,Sphecidae,Ectemnius,spinifer,1985,Ent. Calif. Ch. Isls. Proc.,,,,,1,,1,,,
lit,Hymenoptera,Sphecidae,Foxia,secunda,1985,Ent. Calif. Ch. Isls. Proc.,,,,,,,1,,,
lit,Hymenoptera,Sphecidae,Gorytes,angustus,1985,Ent. Calif. Ch. Isls. Proc.,,,,,1,,1,,,
lit,Hymenoptera,Sphecidae,Gorytes,provancheri,1985,Ent. Calif. Ch. Isls. Proc.,,,,,1,,1,,,
lit,Hymenoptera,Sphecidae,Harpactus,clypeatus,1985,Ent. Calif. Ch. Isls. Proc.,,,,,,,1,,,
lit,Hymenoptera,Sphecidae,Harpactus,pictifrons,1985,Ent. Calif. Ch. Isls. Proc.,,,,,,,1,,,1
lit,Hymenoptera,Sphecidae,Hyponysson,bicolor,1985,Ent. Calif. Ch. Isls. Proc.,,,,,1,,1,,,1
lit,Hymenoptera,Sphecidae,Isodontia,elegans,1963,Univ. Calif. Publ. Ent.,,,,,1,,,,,
lit,Hymenoptera,Sphecidae,Isodontia,elegans,1985,Ent. Calif. Ch. Isls. Proc.,,,,,1,,,,,
lit,Hymenoptera,Sphecidae,Isodontia,sp?,1892,Zoe,1892,8,,,1,,,,,
lit,Hymenoptera,Sphecidae,Lindenius,tecuya,1985,Ent. Calif. Ch. Isls. Proc.,,,,,,,1,,,
lit,Hymenoptera,Sphecidae,Liris,argentatus,1984,Smith. Cont. Zool.,,,,,,1,1,,1,
lit,Hymenoptera,Sphecidae,Liris,argentatus,1985,Ent. Calif. Ch. Isls. Proc.,,,,,,1,1,,1,
lit,Hymenoptera,Sphecidae,Liris,beatus,1984,Smith. Cont. Zool.,,,,,1,1,1,,,
lit,Hymenoptera,Sphecidae,Liris,beatus,1985,Ent. Calif. Ch. Isls. Proc.,,,,,1,1,1,,,
lit,Hymenoptera,Sphecidae,Liris,mescalero,1985,Ent. Calif. Ch. Isls. Proc.,,,,,1,,1,,,
lit,Hymenoptera,Sphecidae,Liris,mescalero latus,1984,Smith. Cont. Zool.,,,,,1,,1,,,
lit,Hymenoptera,Sphecidae,Microbembex,californica,1985,Ent. Calif. Ch. Isls. Proc.,,,,,,1,,,,
lit,Hymenoptera,Sphecidae,Mimesa,cahuilla,1983,Lyman Ent. Mus. Res. Lab. Mem.,,,,,,,1,,1,
lit,Hymenoptera,Sphecidae,Mimesa,cahuilla,1985,Ent. Calif. Ch. Isls. Proc.,,,,,,,1,,1,1
lit,Hymenoptera,Sphecidae,Miscophus (Nitelopterus),californicus,1985,Ent. Calif. Ch. Isls. Proc.,,,,,1,1,1,1,1,1
lit,Hymenoptera,Sphecidae,Miscophus (Nitelopterus),cyanurus,1985,Ent. Calif. Ch. Isls. Proc.,,,,,1,,1,,,
lit,Hymenoptera,Sphecidae,Miscophus (Nitelopterus),texanus,1985,Ent. Calif. Ch. Isls. Proc.,,,,,,,1,,,1
lit,Hymenoptera,Sphecidae,Nysson,pumilus,1985,Ent. Calif. Ch. Isls. Proc.,,,,,,,1,,,1
lit,Hymenoptera,Sphecidae,Ochleroptera,bipunctata,1985,Ent. Calif. Ch. Isls. Proc.,,,,,1,,1,,,
lit,Hymenoptera,Sphecidae,Oxybelus,californicus,1985,Ent. Calif. Ch. Isls. Proc.,,,,,,,1,,,
lit,Hymenoptera,Sphecidae,Oxybelus,uniglumis,1957,Bull. Calif. Insect Surv.,,,,,1,,,1,,
lit,Hymenoptera,Sphecidae,Oxybelus,uniglumis,1985,Ent. Calif. Ch. Isls. Proc.,,,,,1,,1,1,1,1
lit,Hymenoptera,Sphecidae,Palmodes,californicus,1985,Ent. Calif. Ch. Isls. Proc.,,,,,,,1,,,
lit,Hymenoptera,Sphecidae,Palmodes,dimidiatus,1963,Univ. Calif. Publ. Ent.,,,,,1,,,,,
lit,Hymenoptera,Sphecidae,Palmodes,dimidiatus,1985,Ent. Calif. Ch. Isls. Proc.,,,,,1,,,,,
lit,Hymenoptera,Sphecidae,Palmodes,insularis,1961,Proc. Ent. Soc. Wash.,,,1,,,,,1,,1
lit,Hymenoptera,Sphecidae,Palmodes,insularis,1963,Univ. Calif. Publ. Ent.,,,,,,,,,,
lit,Hymenoptera,Sphecidae,Palmodes,insularis,1985,Ent. Calif. Ch. Isls. Proc.,,,1,,,1,1,1,,1
lit,Hymenoptera,Sphecidae,Palmodes,laeviventris,1916,Ent. News,1915,8,,,,,,,,
lit,Hymenoptera,Sphecidae,Passaloecus,armeniacae,1985,Ent. Calif. Ch. Isls. Proc.,,,,,1,,,,,
lit,Hymenoptera,Sphecidae,Philanthus,multimaculatus,1975,Bull. Calif. Insect Surv.,,,,,1,,1,,,
lit,Hymenoptera,Sphecidae,Philanthus,multimaculatus,1985,Ent. Calif. Ch. Isls. Proc.,,,,,1,,1,,,1
lit,Hymenoptera,Sphecidae,Philanthus,pacificus,1975,Bull. Calif. Insect Surv.,,,,,,,1,,,1
lit,Hymenoptera,Sphecidae,Philanthus,pacificus,1985,Ent. Calif. Ch. Isls. Proc.,,,,,,,1,,,1
lit,Hymenoptera,Sphecidae,Philanthus,sp.,1892,Zoe,1892,8,,,1,,,,,
lit,Hymenoptera,Sphecidae,Pisonopsis,birkmanni,1985,Ent. Calif. Ch. Isls. Proc.,,,,,,,1,,,
lit,Hymenoptera,Sphecidae,Plenoculus,davisi,1985,Ent. Calif. Ch. Isls. Proc.,,,,,1,,,,,
lit,Hymenoptera,Sphecidae,Podalonia,communis,1985,Ent. Calif. Ch. Isls. Proc.,,,,,,,1,,,1
lit,Hymenoptera,Sphecidae,Podalonia,compacta,1985,Ent. Calif. Ch. Isls. Proc.,,,,,,,,1,,1
lit,Hymenoptera,Sphecidae,Podalonia,mexicana,1985,Ent. Calif. Ch. Isls. Proc.,,,,,,1,,1,1,1
lit,Hymenoptera,Sphecidae,Podalonia,mexicana,1986,Psyche,1984,5,,,,,,,1,
lit,Hymenoptera,Sphecidae,Podalonia,valida,1927,Proc. U.S. Natl. Mus.,,,,,,,,,,1
lit,Hymenoptera,Sphecidae,Podalonia,valida,1985,Ent. Calif. Ch. Isls. Proc.,,,,,,1,1,1,,
lit,Hymenoptera,Sphecidae,Podalonia,valida,1985,Ent. Calif. Ch. Isls. Proc.,,,,,,1,1,1,,
lit,Hymenoptera,Sphecidae,Prionyx,canadensis,1985,Ent. Calif. Ch. Isls. Proc.,,,,,,,1,1,,1
lit,Hymenoptera,Sphecidae,Prionyx,thomae,1985,Ent. Calif. Ch. Isls. Proc.,,,,,,1,,,,
lit,Hymenoptera,Sphecidae,Sceliphron,caementarium,1985,Ent. Calif. Ch. Isls. Proc.,,,,,1,1,1,,,1
lit,Hymenoptera,Sphecidae,Solierella,albipes,1985,Ent. Calif. Ch. Isls. Proc.,,,,,,,1,,,
lit,Hymenoptera,Sphecidae,Solierella,arcuata,1985,Ent. Calif. Ch. Isls. Proc.,,,,,1,,1,,,
lit,Hymenoptera,Sphecidae,Solierella,bicolor,1985,Ent. Calif. Ch. Isls. Proc.,,,,,,,1,,,
lit,Hymenoptera,Sphecidae,Solierella,blaisdelli,1985,Ent. Calif. Ch. Isls. Proc.,,,,,1,,1,,,1
lit,Hymenoptera,Sphecidae,Solierella,clypeata ?,1985,Ent. Calif. Ch. Isls. Proc.,,,,,1,,,,,
lit,Hymenoptera,Sphecidae,Solierella,levis,1985,Ent. Calif. Ch. Isls. Proc.,,,,,,,1,,,
lit,Hymenoptera,Sphecidae,Solierella,peckhami,1985,Ent. Calif. Ch. Isls. Proc.,,,,,1,,1,,,
lit,Hymenoptera,Sphecidae,Solierella,sayi,1985,Ent. Calif. Ch. Isls. Proc.,,,,,1,1,1,,,1
lit,Hymenoptera,Sphecidae,Solierella,sp.,1985,Ent. Calif. Ch. Isls. Proc.,,,,,1,,,,,
lit,Hymenoptera,Sphecidae,Sphex,lucae,1985,Ent. Calif. Ch. Isls. Proc.,,,,,1,,1,,,
lit,Hymenoptera,Sphecidae,Spilomena,sp.,1985,Ent. Calif. Ch. Isls. Proc.,,,,,,,1,,,
lit,Hymenoptera,Sphecidae,Steniolia,scolopacea,1985,Ent. Calif. Ch. Isls. Proc.,,,,,,,1,,,
lit,Hymenoptera,Sphecidae,Stigmus,fulvipes,1985,Ent. Calif. Ch. Isls. Proc.,,,,,1,,1,,,
lit,Hymenoptera,Sphecidae,Stigmus,inordinatus inordinatus,1985,Ent. Calif. Ch. Isls. Proc.,,,,,1,,1,,1,
lit,Hymenoptera,Sphecidae,Tachysphex,aequalis,1985,Ent. Calif. Ch. Isls. Proc.,,,,,,,1,,,
lit,Hymenoptera,Sphecidae,Tachysphex,aequalis,1988,Mem. Cal. Acad. Sci.,,,,,,,1,,,
lit,Hymenoptera,Sphecidae,Tachysphex,alpestris,1985,Ent. Calif. Ch. Isls. Proc.,,,,,,,1,,,
lit,Hymenoptera,Sphecidae,Tachysphex,alpestris,1988,Mem. Cal. Acad. Sci.,,,,1,,,1,,,
lit,Hymenoptera,Sphecidae,Tachysphex,amplus,1985,Ent. Calif. Ch. Isls. Proc.,,,,,,,1,,,
lit,Hymenoptera,Sphecidae,Tachysphex,amplus,1988,Mem. Cal. Acad. Sci.,,,,,,,1,,,
lit,Hymenoptera,Sphecidae,Tachysphex,apicalis,1985,Ent. Calif. Ch. Isls. Proc.,,,,,,,1,,,
lit,Hymenoptera,Sphecidae,Tachysphex,apicalis,1988,Mem. Cal. Acad. Sci.,,,,,,,1,,,
lit,Hymenoptera,Sphecidae,Tachysphex,clarconis,1985,Ent. Calif. Ch. Isls. Proc.,,,,,,,,1,1,1
lit,Hymenoptera,Sphecidae,Tachysphex,clarconis,1988,Mem. Cal. Acad. Sci.,,,,,,,,1,1,1
lit,Hymenoptera,Sphecidae,Tachysphex,pauxillus,1985,Ent. Calif. Ch. Isls. Proc.,,,,,,,1,,,1
lit,Hymenoptera,Sphecidae,Tachysphex,pauxillus,1988,Mem. Cal. Acad. Sci.,,,,,,,1,,,1
lit,Hymenoptera,Sphecidae,Tachysphex,sonorensis,1985,Ent. Calif. Ch. Isls. Proc.,,,,,,,1,,,1
lit,Hymenoptera,Sphecidae,Tachysphex,sonorensis,1988,Mem. Cal. Acad. Sci.,,,,,,,1,,,1
lit,Hymenoptera,Sphecidae,Tachysphex,tarsatus,1985,Ent. Calif. Ch. Isls. Proc.,,,,,,,1,1,1,1
lit,Hymenoptera,Sphecidae,Tachysphex,tarsatus,1988,Mem. Cal. Acad. Sci.,,,,,,,1,1,1,1
lit,Hymenoptera,Sphecidae,Tachysphex,texanus,1985,Ent. Calif. Ch. Isls. Proc.,,,,,1,1,1,,,1
lit,Hymenoptera,Sphecidae,Tachysphex,texanus,1988,Mem. Cal. Acad. Sci.,,,,,1,1,1,,,1
lit,Hymenoptera,Sphecidae,Tachytes,californicus,1962,Pan-Pac. Ent.,,,,,,,1,,,
lit,Hymenoptera,Sphecidae,Tachytes,californicus,1985,Ent. Calif. Ch. Isls. Proc.,,,,,,,1,,,
lit,Hymenoptera,Sphecidae,Trypoxylon,sp.,1985,Ent. Calif. Ch. Isls. Proc.,,,,,,,1,,,
lit,Hymenoptera,Sphecidae,Trypoxylon,tridentatum tridentatum,1979,Pan-Pac. Ent.,,,,,,,1,,,
lit,Hymenoptera,Sphecidae,Trypoxylon,tridentatum tridentatum,1982,Univ. Calif. Publ. Ent.,,,,,,,1,,,
lit,Hymenoptera,Sphecidae,Trypoxylon,tridentatum tridentatum,1985,Ent. Calif. Ch. Isls. Proc.,,,,,,,1,,,
lit,Hymenoptera,Tiphiidae,Brachycistis,agama,1966,Univ. Calif. Publ. Ent.,,,,,,,1,1,,
lit,Hymenoptera,Tiphiidae,Brachycistis,agama,1968,Pan-Pac. Ent.,,,,,,,1,1,,1
lit,Hymenoptera,Tiphiidae,Paratiphia,nevadensis,1968,Trans. Amer. Ent. Soc.,,,,,,,1,,,
lit,Hymenoptera,Tiphiidae,Paratiphia,sp.,1892,Zoe,1892,8,,,1,,,,,
lit,Hymenoptera,Torymidae,Torymus,fullawayi,1976,Univ. Calif. Publ. Ent.,,,,,,,1,,,
lit,Hymenoptera,Torymidae,Torymus,koebelei,1976,Univ. Calif. Publ. Ent.,,,,,,,1,,,
lit,Hymenoptera,Torymidae,Torymus,umbilicatus,1976,Univ. Calif. Publ. Ent.,,,,,,,1,,,
lit,Hymenoptera,Vespidae,Ancistrocerus,catskill halophila,1940,Proc. Sixth Pac. Sci. Cong.,,3,,,1,,1,1,,
lit,Hymenoptera,Vespidae,Ancistrocerus,lineativentris,1940,Proc. Sixth Pac. Sci. Cong.,,3,,,1,,,,,
lit,Hymenoptera,Vespidae,Ancistrocerus,lineativentris,1944,Ent. Amer.,,,,,1,,,,,
lit,Hymenoptera,Vespidae,Ancistrocerus,tigris cytainus,1940,Proc. Sixth Pac. Sci. Cong.,,3,,,1,,,,,
lit,Hymenoptera,Vespidae,Odynerus,sp.,1940,Proc. Sixth Pac. Sci. Cong.,,3,,,1,,,,,
lit,Hymenoptera,Vespidae,Parancistrocerus,declivatus,1948,Proc. Calif. Acad. Sci. ser. 4,,,,,,,,,,
lit,Hymenoptera,Vespidae,Polistes,fuscatus aurifer,1892,Zoe,1892,8,,,1,,,,,
lit,Hymenoptera,Vespidae,Polistes,fuscatus aurifer,1905,Invert. Pac.,,,,,1,,,,,
lit,Hymenoptera,Vespidae,Polistes,fuscatus aurifer,1940,Proc. Sixth Pac. Sci. Cong.,,,,,1,,,,,
lit,Hymenoptera,Vespidae,Polistes,fuscatus aurifer,1957,Bull. Calif. Insect Surv.,,,,,1,,1,,,
lit,Hymenoptera,Vespidae,Pseudomasaris,edwardsii,1963,Univ. Calif. Publ. Ent.,,,,,1,,,,,
lit,Hymenoptera,Vespidae,Pterocheilus,trichogaster,1943,Ann. Ent. Soc. Amer.,,,,,1,,,,,
lit,Hymenoptera,Vespidae,Pterocheilus,trichogaster,1972,Pan-Pac. Ent.,,,,,,,1,,,
lit,Hymenoptera,Vespidae,Stenodynerus,anatropus,1944,Pan-Pac. Ent.,,,,,,,1,,,
lit,Hymenoptera,Vespidae,Stenodynerus,blandus,1940,Proc. Sixth Pac. Sci. Cong.,,3,,,1,,,,,
lit,Hymenoptera,Vespidae,Stenodynerus,blandus catalinae,1943,Bull. Brook. Ent. Soc.,,,,,1,,,,,
lit,Hymenoptera,Vespidae,Stenodynerus,sp.,1986,Psyche,1984,5,,,,,,,1,
lit,Hymenoptera,Vespidae,Vespula,pensylvanica,1961,Can. Ent. Suppl.,,,,,1,,1,,,
lit,Hymenoptera,Vespidae,Vespula,pensylvanica,1918,Pom. Coll. J. Ent. & Zool.,,,,,1,,,,,
lit,Hymenoptera,Vespidae,Vespula,pensylvanica,1940,Proc. Sixth Pac. Sci. Cong.,,,,,1,,,,,
lit,Hymenoptera,Vespidae,Vespula,pensylvanica,1957,Bull. Calif. Insect Surv.,,,,,,,1,,,
lit,Hymenoptera,Vespidae,Vespula,pensylvanica,1892,Zoe,1892,8,,,1,,,,,
lit,Hymenoptera,Vespidae,Vespula,pensylvanica,1968,Calif. Vector Views,,,,,1,,,,,