id,source,institutio,collection,ownerInsti,collecti_1,basisOfRec,occurrence,catalogNum,otherCatal,kingdom,phylum,class,order_,family,acceptedFamily,scientific,taxonID,scientif_1,genus,acceptedGenus,acceptedName,specificEp,taxonRank,infraspeci,identified,dateIdenti,identifica,identifi_1,taxonRemar,identifi_2,typeStatus,recordedBy,recordNumb,eventDate,year,month,day,startDayOf,endDayOfYe,verbatimEv,occurren_1,habitat,fieldNumbe,informatio,dataGenera,dynamicPro,associated,reproducti,establishm,lifeStage,sex,individual,samplingPr,samplingEf,preparatio,country,stateProvi,county,municipali,island,locality,ArcMap_IslandName,locationRe,decimalLat,decimalLon,geodeticDa,coordinate,verbatimCo,georeferen,georefer_1,georefer_2,georefer_3,georefer_4,minimumEle,maximumEle,minimumDep,maximumDep,verbatimDe,verbatimEl,dispositio,language,recordEnte,modified,rights,rightsHold,accessRigh,recordId,references
1575927,Cal-IBIS,UMMZ,ummzi, ,b81c83d7-8ea1-475b-8c94-327913979a87,PreservedSpecimen,0393e1f6-95eb-4e7f-910c-30e9771c4e07,UMMZODO-0283, ,Animalia,Arthropoda,Insecta,Odonata,AESHNIDAE,Aeshnidae,Aeshna walkeri,83999,"Kennedy, 1917",Aeshna,Aeshna,Aeshna walkeri,walkeri, , ,C.H. Kennedy, , , , ,0,|null|,C.H. Kennedy, ,1/8/15 0:00,1915,1,8,8,0,1/8/15, , , , , , , , , ,exuviae, ,0, , ,Vial or Jar - 19,United States,California,Santa Cruz, ,Santa Cruz,Santa Cruz Island,Santa Cruz, ,34.012509,-119.730634, ,0, , , , , , ,0, , , , , , , , ,11/4/20 17:35,http://creativecommons.org/publicdomain/zero/1.0/, , ,urn:uuid:ee0ef414-ce4e-4406-a2fc-41f8735940ee,http://www.cal-ibis.org:80/collections/individual/index.php?occid=1575927
1575926,Cal-IBIS,UMMZ,ummzi, ,b81c83d7-8ea1-475b-8c94-327913979a87,PreservedSpecimen,2d8f5297-57ec-474d-8289-9c9963096c43,UMMZODO-0154, ,Animalia,Arthropoda,Insecta,Odonata,AESHNIDAE,Aeshnidae,Aeshna walkeri,83999,"Kennedy, 1917",Aeshna,Aeshna,Aeshna walkeri,walkeri, , ,C.H. Kennedy, , , , ,0,|null|,C.H. Kennedy, ,8/1/15 0:00,1915,8,1,213,0,8/1/15, , , , , , , , , ,exuviae, ,0, , ,Vial or Jar - 19,United States,California,Santa Cruz, ,Santa Cruz,Santa Cruz Island,Santa Cruz, ,34.012509,-119.730634, ,0, , , , , , ,0, , , , , , , , ,11/4/20 17:35,http://creativecommons.org/publicdomain/zero/1.0/, , ,urn:uuid:0c1f9285-7c72-4e52-af6f-d46ab3f142ca,http://www.cal-ibis.org:80/collections/individual/index.php?occid=1575926
1575928,Cal-IBIS,UMMZ,ummzi, ,b81c83d7-8ea1-475b-8c94-327913979a87,PreservedSpecimen,e3b89b1c-f0aa-42f0-9328-f47e7da2f819,UMMZODO-0742, ,Animalia,Arthropoda,Insecta,Odonata,AESHNIDAE,Aeshnidae,Aeshna walkeri,83999,"Kennedy, 1917",Aeshna,Aeshna,Aeshna walkeri,walkeri, , ,C.H. Kennedy, , , , ,0,|null|,C.H. Kennedy, ,1/8/15 0:00,1915,1,8,8,0,1/8/15, , , , , , , , , ,exuviae, ,0, , ,Vial or Jar - 2,United States,California,Santa Cruz, ,Santa Cruz,Santa Cruz Island,Santa Cruz, ,34.012509,-119.730634, ,0, , , , , , ,0, , , , , , , , ,11/4/20 17:35,http://creativecommons.org/publicdomain/zero/1.0/, , ,urn:uuid:9fd45901-93b8-452c-82b8-ee659b46695a,http://www.cal-ibis.org:80/collections/individual/index.php?occid=1575928
1575925,Cal-IBIS,UMMZ,ummzi, ,b81c83d7-8ea1-475b-8c94-327913979a87,PreservedSpecimen,eab29262-fad5-4caf-a5d0-b74da803b5a3,UMMZODO-0025, ,Animalia,Arthropoda,Insecta,Odonata,AESHNIDAE,Aeshnidae,Aeshna walkeri,83999,"Kennedy, 1917",Aeshna,Aeshna,Aeshna walkeri,walkeri, , , , , , , ,0,|null|, , ,,,,0,0,0, , , , , , , , , , ,exuviae, ,0, , ,Vial or Jar - 5,United States,California,Santa Cruz, ,Santa Cruz,"Santa Cruz Island, Frys Harbor",Santa Cruz, ,34.054746,-119.754857, ,0, , , , , , ,0, , , , , , , , ,11/4/20 17:35,http://creativecommons.org/publicdomain/zero/1.0/, , ,urn:uuid:9f56d5d5-394d-4dd4-8b80-c2e749bd87a1,http://www.cal-ibis.org:80/collections/individual/index.php?occid=1575925
1573041,Cal-IBIS,USNM,Entomology, ,b81c83d7-8ea1-475b-8c94-327913979a87,PreservedSpecimen,http://n2t.net/ark:/65665/374cc99b0-1965-4555-99d4-c6a5ed4320c6,USNMENT487766, ,Animalia,Arthropoda,Insecta,Odonata,Aeshnidae,Aeshnidae,Aeshna walkeri,83999,"Kennedy, 1917",Aeshna,Aeshna,Aeshna walkeri,walkeri, , ,"Kennedy, C. H.", , , , ,0, ,C. Kennedy, ,7/23/15 0:00,1915,7,23,204,204,7/23/15, , , , , , , , , ,Adult, ,1, , ,Pinned,United States,California,Santa Barbara, ,Santa Cruz,"Frys Harbor, Santa Cruz Island", , ,0,0, ,0,",", , , , , ,0, , , , , , , , ,10/17/18 5:44,http://creativecommons.org/publicdomain/zero/1.0/, , ,urn:uuid:20dfdd60-311c-48be-83be-9afd972312be,http://www.cal-ibis.org:80/collections/individual/index.php?occid=1573041
1573114,Cal-IBIS,USNM,Entomology, ,b81c83d7-8ea1-475b-8c94-327913979a87,PreservedSpecimen,http://n2t.net/ark:/65665/3a407a739-4213-4979-9fb3-c435a5c92e97,USNMENT487764, ,Animalia,Arthropoda,Insecta,Odonata,Aeshnidae,Aeshnidae,Aeshna walkeri,83999,"Kennedy, 1917",Aeshna,Aeshna,Aeshna walkeri,walkeri, , ,"Kennedy, C. H.", , , , ,0, ,C. Kennedy, ,7/29/15 0:00,1915,7,29,210,210,7/29/15, , , , , , , , , ,Adult, ,1, , ,Pinned,United States,California,Santa Barbara, ,Santa Cruz,"Frys Harbor, Santa Cruz Island", , ,0,0, ,0,",", , , , , ,0, , , , , , , , ,10/17/18 5:44,http://creativecommons.org/publicdomain/zero/1.0/, , ,urn:uuid:3b2e2866-8d57-4b9f-9335-97911bf108c7,http://www.cal-ibis.org:80/collections/individual/index.php?occid=1573114
1573056,Cal-IBIS,USNM,Entomology, ,b81c83d7-8ea1-475b-8c94-327913979a87,PreservedSpecimen,http://n2t.net/ark:/65665/3ab901950-2c8b-4031-9598-e9881aad2ea1,USNMENT487765, ,Animalia,Arthropoda,Insecta,Odonata,Aeshnidae,Aeshnidae,Aeshna walkeri,83999,"Kennedy, 1917",Aeshna,Aeshna,Aeshna walkeri,walkeri, , ,"Kennedy, C. H.", , , , ,0, ,C. Kennedy, ,7/29/15 0:00,1915,7,29,210,210,7/29/15, , , , , , , , , ,Adult, ,1, , ,Pinned,United States,California,Santa Barbara, ,Santa Cruz,"Frys Harbor, Santa Cruz Island", , ,0,0, ,0,",", , , , , ,0, , , , , , , , ,10/17/18 5:44,http://creativecommons.org/publicdomain/zero/1.0/, , ,urn:uuid:cabbbfac-b19e-4d54-af4f-2f497e83d60b,http://www.cal-ibis.org:80/collections/individual/index.php?occid=1573056
1573131,Cal-IBIS,USNM,Entomology, ,b81c83d7-8ea1-475b-8c94-327913979a87,PreservedSpecimen,http://n2t.net/ark:/65665/3cd138ff3-2874-4bd2-95e6-2b5c0dbcc25e,USNMENT487767, ,Animalia,Arthropoda,Insecta,Odonata,Aeshnidae,Aeshnidae,Aeshna walkeri,83999,"Kennedy, 1917",Aeshna,Aeshna,Aeshna walkeri,walkeri, , ,"Kennedy, C. H.", , , , ,0, ,C. Kennedy, ,7/29/15 0:00,1915,7,29,210,210,7/29/15, , , , , , , , , ,Adult, ,1, , ,Pinned,United States,California,Santa Barbara, ,Santa Cruz,"Frys Harbor, Santa Cruz Island", , ,0,0, ,0,",", , , , , ,0, , , , , , , , ,10/17/18 5:44,http://creativecommons.org/publicdomain/zero/1.0/, , ,urn:uuid:d19f632c-6c7e-4a59-9ea6-1b85545705bf,http://www.cal-ibis.org:80/collections/individual/index.php?occid=1573131
1578344,Cal-IBIS,CAS,ENT, ,b81c83d7-8ea1-475b-8c94-327913979a87,PreservedSpecimen,79c65312-ef44-4d05-be9c-80a1b6a15ea0,8128822, ,Animalia,Arthropoda,Insecta,Odonata,Aeshnidae,Aeshnidae,Anax junius,92552,"(Drury, 1773)",Anax,Anax,Anax junius,junius, , , , , , , ,0, ,"M. Willows, Jr.", ,8/27/32 0:00,1932,8,27,240,0,DMY: 27-8-1932,taken on ship, , , , , , , , , , ,1, , , ,United States,California,Ventura, ,San Nicolas,San Nicolas Island,San Nicolas, ,33.2483,-119.50803, ,0,"33.2483, -119.50803", , , , , ,0, , , , , , , ,Hoa Francisco Ngo,2012-00-00 00:00:00,http://creativecommons.org/publicdomain/zero/1.0/, , ,urn:uuid:906e7718-07ec-4211-a478-30ef270439b8,http://www.cal-ibis.org:80/collections/individual/index.php?occid=1578344
1578346,Cal-IBIS,CAS,ENT, ,b81c83d7-8ea1-475b-8c94-327913979a87,PreservedSpecimen,af2b78e8-968d-4a28-a4ea-a0a161e1836b,8128841, ,Animalia,Arthropoda,Insecta,Odonata,Aeshnidae,Aeshnidae,Anax junius,92552,"(Drury, 1773)",Anax,Anax,Anax junius,junius, , , , , , , ,0, ,"M. Willows, Jr.", ,8/27/32 0:00,1932,8,27,240,0,DMY: 27-8-1932,taken on ship, , , , , , , , , , ,1, , , ,United States,California,Ventura, ,San Nicolas,San Nicolas Island,San Nicolas, ,33.2483,-119.50803, ,0,"33.2483, -119.50803", , , , , ,0, , , , , , , ,Hoa Francisco Ngo,2012-00-00 00:00:00,http://creativecommons.org/publicdomain/zero/1.0/, , ,urn:uuid:5adc6885-6d5d-4d1a-862e-7ce20e6e8a1f,http://www.cal-ibis.org:80/collections/individual/index.php?occid=1578346
1578345,Cal-IBIS,CAS,ENT, ,b81c83d7-8ea1-475b-8c94-327913979a87,PreservedSpecimen,bf14a0e8-470c-4a8f-976f-d92b7cc0c1cb,8128823, ,Animalia,Arthropoda,Insecta,Odonata,Aeshnidae,Aeshnidae,Anax junius,92552,"(Drury, 1773)",Anax,Anax,Anax junius,junius, , , , , , , ,0, ,"M. Willows, Jr.", ,8/27/32 0:00,1932,8,27,240,0,DMY: 27-8-1932,taken on ship, , , , , , , , , , ,1, , , ,United States,California,Ventura, ,San Nicolas,San Nicolas Island,San Nicolas, ,33.2483,-119.50803, ,0,"33.2483, -119.50803", , , , , ,0, , , , , , , ,Hoa Francisco Ngo,2012-00-00 00:00:00,http://creativecommons.org/publicdomain/zero/1.0/, , ,urn:uuid:e3ef1dae-bff9-425c-9067-aabe09c8226c,http://www.cal-ibis.org:80/collections/individual/index.php?occid=1578345
1566150,Cal-IBIS,EMEC,EMEC, ,b81c83d7-8ea1-475b-8c94-327913979a87,PreservedSpecimen,urn:catalog:EMEC:EMEC:1035813,EMEC1035813, ,Animalia,Arthropoda,Insecta,Odonata,Aeshnidae,Aeshnidae,Rhionaeschna multicolor,385587,"(Hagen, 1861)",Rhionaeschna,Rhionaeschna,Rhionaeschna multicolor,multicolor, , , , , , , ,0, ,Joan Ball, ,8/19/12 0:00,2012,8,19,232,0,8/19/12, , , , , , , , , ,adult, ,1, , ,envelope,United States,California,Santa Barbara County, ,Santa Cruz,"Santa Cruz Island, Prisoners Harbor, Central Valley Canyon",Santa Cruz, ,34.00153,-119.71461,WGS1984,3, , , , , , ,0, , , , , , , , ,10/12/20 7:43,http://creativecommons.org/publicdomain/zero/1.0/, , ,urn:uuid:028c50bc-50a0-48a6-a53a-91a3e5854063,http://www.cal-ibis.org:80/collections/individual/index.php?occid=1566150
1566169,Cal-IBIS,EMEC,EMEC, ,b81c83d7-8ea1-475b-8c94-327913979a87,PreservedSpecimen,urn:catalog:EMEC:EMEC:1035832,EMEC1035832, ,Animalia,Arthropoda,Insecta,Odonata,Aeshnidae,Aeshnidae,Rhionaeschna multicolor,385587,"(Hagen, 1861)",Rhionaeschna,Rhionaeschna,Rhionaeschna multicolor,multicolor, , , , , , , ,0, ,Joan Ball, ,8/19/12 0:00,2012,8,19,232,0,8/19/12, , , , , , , , , ,adult, ,1, , ,envelope,United States,California,Santa Barbara County, ,Santa Cruz,"Santa Cruz Island, Prisoners Harbor, pond",Santa Cruz, ,34.01834,-119.68271,WGS1984,3, , , , , , ,0, , , , , , , , ,10/12/20 7:43,http://creativecommons.org/publicdomain/zero/1.0/, , ,urn:uuid:a40c5471-f661-4d12-b632-dcb9ae687c90,http://www.cal-ibis.org:80/collections/individual/index.php?occid=1566169
1566157,Cal-IBIS,EMEC,EMEC, ,b81c83d7-8ea1-475b-8c94-327913979a87,PreservedSpecimen,urn:catalog:EMEC:EMEC:1035820,EMEC1035820, ,Animalia,Arthropoda,Insecta,Odonata,Coenagrionidae,Coenagrionidae,Argia agrioides,102796,"Calvert, 1895",Argia,Argia,Argia agrioides,agrioides, , , , , , , ,0, ,Joan Ball, ,8/19/12 0:00,2012,8,19,232,0,8/19/12, , , , , , , , , ,adult, ,1, , ,envelope,United States,California,Santa Barbara County, ,Santa Cruz,"Santa Cruz Island, Prisoners Harbor, Central Valley Canyon",Santa Cruz, ,34.00153,-119.71461,WGS1984,3, , , , , , ,0, , , , , , , , ,10/12/20 7:43,http://creativecommons.org/publicdomain/zero/1.0/, , ,urn:uuid:c3cc5b51-c4d2-4e1b-bbc8-9864d99a310a,http://www.cal-ibis.org:80/collections/individual/index.php?occid=1566157
1566158,Cal-IBIS,EMEC,EMEC, ,b81c83d7-8ea1-475b-8c94-327913979a87,PreservedSpecimen,urn:catalog:EMEC:EMEC:1035821,EMEC1035821, ,Animalia,Arthropoda,Insecta,Odonata,Coenagrionidae,Coenagrionidae,Argia agrioides,102796,"Calvert, 1895",Argia,Argia,Argia agrioides,agrioides, , , , , , , ,0, ,Joan Ball, ,8/19/12 0:00,2012,8,19,232,0,8/19/12, , , , , , , , , ,adult, ,1, , ,envelope,United States,California,Santa Barbara County, ,Santa Cruz,"Santa Cruz Island, Prisoners Harbor, Central Valley Canyon",Santa Cruz, ,34.00153,-119.71461,WGS1984,3, , , , , , ,0, , , , , , , , ,10/12/20 7:43,http://creativecommons.org/publicdomain/zero/1.0/, , ,urn:uuid:c43a871d-47e3-4783-af4e-9af2c67db3f4,http://www.cal-ibis.org:80/collections/individual/index.php?occid=1566158
1566159,Cal-IBIS,EMEC,EMEC, ,b81c83d7-8ea1-475b-8c94-327913979a87,PreservedSpecimen,urn:catalog:EMEC:EMEC:1035822,EMEC1035822, ,Animalia,Arthropoda,Insecta,Odonata,Coenagrionidae,Coenagrionidae,Argia agrioides,102796,"Calvert, 1895",Argia,Argia,Argia agrioides,agrioides, , , , , , , ,0, ,Joan Ball, ,8/19/12 0:00,2012,8,19,232,0,8/19/12, , , , , , , , , ,adult, ,1, , ,envelope,United States,California,Santa Barbara County, ,Santa Cruz,"Santa Cruz Island, Prisoners Harbor, Central Valley Canyon",Santa Cruz, ,34.00153,-119.71461,WGS1984,3, , , , , , ,0, , , , , , , , ,10/12/20 7:43,http://creativecommons.org/publicdomain/zero/1.0/, , ,urn:uuid:e3b86685-8125-47b3-a7a2-32220c1af051,http://www.cal-ibis.org:80/collections/individual/index.php?occid=1566159
1566160,Cal-IBIS,EMEC,EMEC, ,b81c83d7-8ea1-475b-8c94-327913979a87,PreservedSpecimen,urn:catalog:EMEC:EMEC:1035823,EMEC1035823, ,Animalia,Arthropoda,Insecta,Odonata,Coenagrionidae,Coenagrionidae,Argia agrioides,102796,"Calvert, 1895",Argia,Argia,Argia agrioides,agrioides, , , , , , , ,0, ,Joan Ball, ,8/19/12 0:00,2012,8,19,232,0,8/19/12, , , , , , , , , ,adult, ,1, , ,envelope,United States,California,Santa Barbara County, ,Santa Cruz,"Santa Cruz Island, Prisoners Harbor, Central Valley Canyon",Santa Cruz, ,34.00153,-119.71461,WGS1984,3, , , , , , ,0, , , , , , , , ,10/12/20 7:43,http://creativecommons.org/publicdomain/zero/1.0/, , ,urn:uuid:3c4bd2a6-638d-4ad1-bda2-60056b2b0293,http://www.cal-ibis.org:80/collections/individual/index.php?occid=1566160
1566161,Cal-IBIS,EMEC,EMEC, ,b81c83d7-8ea1-475b-8c94-327913979a87,PreservedSpecimen,urn:catalog:EMEC:EMEC:1035824,EMEC1035824, ,Animalia,Arthropoda,Insecta,Odonata,Coenagrionidae,Coenagrionidae,Argia vivida,102902,"Hagen in Selys, 1865",Argia,Argia,Argia vivida,vivida, , , , , , , ,0, ,Joan Ball, ,8/19/12 0:00,2012,8,19,232,0,8/19/12, , , , , , , , , ,adult, ,1, , ,envelope,United States,California,Santa Barbara County, ,Santa Cruz,"Santa Cruz Island, Prisoners Harbor, Central Valley Canyon",Santa Cruz, ,34.00153,-119.71461,WGS1984,3, , , , , , ,0, , , , , , , , ,10/12/20 7:43,http://creativecommons.org/publicdomain/zero/1.0/, , ,urn:uuid:747c72cf-5bac-4211-bffc-66a7dda6b143,http://www.cal-ibis.org:80/collections/individual/index.php?occid=1566161
1566162,Cal-IBIS,EMEC,EMEC, ,b81c83d7-8ea1-475b-8c94-327913979a87,PreservedSpecimen,urn:catalog:EMEC:EMEC:1035825,EMEC1035825, ,Animalia,Arthropoda,Insecta,Odonata,Coenagrionidae,Coenagrionidae,Argia vivida,102902,"Hagen in Selys, 1865",Argia,Argia,Argia vivida,vivida, , , , , , , ,0, ,Joan Ball, ,8/19/12 0:00,2012,8,19,232,0,8/19/12, , , , , , , , , ,adult, ,1, , ,envelope,United States,California,Santa Barbara County, ,Santa Cruz,"Santa Cruz Island, Prisoners Harbor, Central Valley Canyon",Santa Cruz, ,34.00153,-119.71461,WGS1984,3, , , , , , ,0, , , , , , , , ,10/12/20 7:43,http://creativecommons.org/publicdomain/zero/1.0/, , ,urn:uuid:1d10237c-04fb-4b03-b2a3-14a9ee4bc333,http://www.cal-ibis.org:80/collections/individual/index.php?occid=1566162
1566163,Cal-IBIS,EMEC,EMEC, ,b81c83d7-8ea1-475b-8c94-327913979a87,PreservedSpecimen,urn:catalog:EMEC:EMEC:1035826,EMEC1035826, ,Animalia,Arthropoda,Insecta,Odonata,Coenagrionidae,Coenagrionidae,Argia vivida,102902,"Hagen in Selys, 1865",Argia,Argia,Argia vivida,vivida, , , , , , , ,0, ,Joan Ball, ,8/19/12 0:00,2012,8,19,232,0,8/19/12, , , , , , , , , ,adult, ,1, , ,envelope,United States,California,Santa Barbara County, ,Santa Cruz,"Santa Cruz Island, Prisoners Harbor, Central Valley Canyon",Santa Cruz, ,34.00153,-119.71461,WGS1984,3, , , , , , ,0, , , , , , , , ,10/12/20 7:43,http://creativecommons.org/publicdomain/zero/1.0/, , ,urn:uuid:01434190-214a-479c-973e-16e9e134e9e0,http://www.cal-ibis.org:80/collections/individual/index.php?occid=1566163
1566164,Cal-IBIS,EMEC,EMEC, ,b81c83d7-8ea1-475b-8c94-327913979a87,PreservedSpecimen,urn:catalog:EMEC:EMEC:1035827,EMEC1035827, ,Animalia,Arthropoda,Insecta,Odonata,Coenagrionidae,Coenagrionidae,Argia vivida,102902,"Hagen in Selys, 1865",Argia,Argia,Argia vivida,vivida, , , , , , , ,0, ,Joan Ball, ,8/19/12 0:00,2012,8,19,232,0,8/19/12, , , , , , , , , ,adult, ,1, , ,envelope,United States,California,Santa Barbara County, ,Santa Cruz,"Santa Cruz Island, Prisoners Harbor, Central Valley Canyon",Santa Cruz, ,34.00153,-119.71461,WGS1984,3, , , , , , ,0, , , , , , , , ,10/12/20 7:43,http://creativecommons.org/publicdomain/zero/1.0/, , ,urn:uuid:0f6c0870-5e88-49ce-9b9c-cb969f608576,http://www.cal-ibis.org:80/collections/individual/index.php?occid=1566164
1591050,Cal-IBIS,UMMZ,ummzi, ,b81c83d7-8ea1-475b-8c94-327913979a87,PreservedSpecimen,039ea9b8-6a93-4eb8-ba98-622b24942f39,UMMZI-00213095, ,Animalia,Arthropoda,Insecta,Odonata,Coenagrionidae,Coenagrionidae,Argia vivida,102902,"Hagen in Selys, 1865",Argia,Argia,Argia vivida,vivida, , , , , , , ,0, ,C.H. Kennedy, ,7/28/15 0:00,1915,7,28,209,0,7/28/15, , , , , , , , , ,adult,M,0, , ,Paper Triangle - 2,United States,California,Santa Barbara Co., ,Santa Cruz,"Santa Cruz I., Fry's Harbor",Santa Cruz, ,34.05444,-119.75512, ,0, , , , , , ,0, , , , , , , , ,6/1/16 0:00,http://creativecommons.org/publicdomain/zero/1.0/, , ,urn:uuid:46dab2b7-9741-4370-8a21-4dbb2398acf3,http://www.cal-ibis.org:80/collections/individual/index.php?occid=1591050
1575917,Cal-IBIS,UMMZ,ummzi, ,b81c83d7-8ea1-475b-8c94-327913979a87,PreservedSpecimen,1ae8b916-806f-48d4-97b3-fc3de190e711,UMMZI-00213097, ,Animalia,Arthropoda,Insecta,Odonata,Coenagrionidae,Coenagrionidae,Argia vivida,102902,"Hagen in Selys, 1865",Argia,Argia,Argia vivida,vivida, , , , , , , ,0, , , ,8/2/15 0:00,1915,8,2,214,0,8/2/15, , , , , , , , , ,adult,M,0, , ,Paper Triangle - 2,United States,California,Santa Barbara Co., ,Santa Cruz,"Santa Cruz I., Prisoners' Harbor",Santa Cruz, ,34.01862,-119.68362, ,0, , , , , , ,0, , , , , , , , ,6/1/16 0:00,http://creativecommons.org/publicdomain/zero/1.0/, , ,urn:uuid:f37d1257-0d29-403a-98ca-ca6eb90d0622,http://www.cal-ibis.org:80/collections/individual/index.php?occid=1575917
1591049,Cal-IBIS,UMMZ,ummzi, ,b81c83d7-8ea1-475b-8c94-327913979a87,PreservedSpecimen,2f6af8ad-3aa1-4aac-a9cc-1aff818c1ede,UMMZI-00213094, ,Animalia,Arthropoda,Insecta,Odonata,Coenagrionidae,Coenagrionidae,Argia vivida,102902,"Hagen in Selys, 1865",Argia,Argia,Argia vivida,vivida, , , , , , , ,0, ,C.H. Kennedy, ,7/28/15 0:00,1915,7,28,209,0,7/28/15, , , , , , , , , ,adult,"M, F",0, , ,Paper Triangle - 3,United States,California,Santa Barbara Co., ,Santa Cruz,"Santa Cruz I., Fry's Harbor",Santa Cruz, ,34.05444,-119.75512, ,0, , , , , , ,0, , , , , , , , ,6/1/16 0:00,http://creativecommons.org/publicdomain/zero/1.0/, , ,urn:uuid:a8b74094-41ac-4d61-8b53-7ac997f2e345,http://www.cal-ibis.org:80/collections/individual/index.php?occid=1591049
1575906,Cal-IBIS,UMMZ,ummzi, ,b81c83d7-8ea1-475b-8c94-327913979a87,PreservedSpecimen,39d0d4a1-047a-4a83-92e1-663e2b42188e,UMMZI-00262944, ,Animalia,Arthropoda,Insecta,Odonata,Coenagrionidae,Coenagrionidae,Argia vivida,102902,"Hagen in Selys, 1865",Argia,Argia,Argia vivida,vivida, , , , , , , ,0, ,C.H. Kennedy, ,8/2/15 0:00,1915,8,2,214,0,8/2/15, , , , , , , , , ,adult,M,0, , ,Paper Triangle - 2,United States,California,Santa Barbara Co., ,Santa Cruz,"Santa Cruz I., Prisoners' Harbor",Santa Cruz, ,34.01862,-119.68362, ,0, , , , , , ,0, , , , , , , , ,6/1/16 0:00,http://creativecommons.org/publicdomain/zero/1.0/, , ,urn:uuid:45c1aed6-cdfc-42de-819c-301b01aecaf3,http://www.cal-ibis.org:80/collections/individual/index.php?occid=1575906
1575916,Cal-IBIS,UMMZ,ummzi, ,b81c83d7-8ea1-475b-8c94-327913979a87,PreservedSpecimen,41383a25-8708-4f4d-831b-a61473c61005,UMMZI-00213096, ,Animalia,Arthropoda,Insecta,Odonata,Coenagrionidae,Coenagrionidae,Argia vivida,102902,"Hagen in Selys, 1865",Argia,Argia,Argia vivida,vivida, , , , , , , ,0, , , ,8/2/15 0:00,1915,8,2,214,0,8/2/15, , , , , , , , , ,adult,M,0, , ,Paper Triangle - 2,United States,California,Santa Barbara Co., ,Santa Cruz,"Santa Cruz I., Prisoners' Harbor",Santa Cruz, ,34.01862,-119.68362, ,0, , , , , , ,0, , , , , , , , ,6/1/16 0:00,http://creativecommons.org/publicdomain/zero/1.0/, , ,urn:uuid:14708996-731e-4df6-8946-4ce0d1a4b5b5,http://www.cal-ibis.org:80/collections/individual/index.php?occid=1575916
1591046,Cal-IBIS,UMMZ,ummzi, ,b81c83d7-8ea1-475b-8c94-327913979a87,PreservedSpecimen,61633d1c-6153-4ff1-a7be-1ff3a86b9b02,UMMZI-00263700, ,Animalia,Arthropoda,Insecta,Odonata,Coenagrionidae,Coenagrionidae,Argia vivida,102902,"Hagen in Selys, 1865",Argia,Argia,Argia vivida,vivida, , , , , , , ,0, ,C.H. Kennedy, ,7/29/15 0:00,1915,7,29,210,0,7/29/15, , , , , , , , , ,adult,M,0, , ,Paper Triangle - 2,United States,California,Santa Barbara Co., ,Santa Cruz,"Santa Cruz I., Fry's Harbor",Santa Cruz, ,34.05444,-119.75512, ,0, , , , , , ,0, , , , , , , , ,6/1/16 0:00,http://creativecommons.org/publicdomain/zero/1.0/, , ,urn:uuid:9d34c6ee-e45f-44ba-b2d4-c9a11a0ff7fd,http://www.cal-ibis.org:80/collections/individual/index.php?occid=1591046
1591047,Cal-IBIS,UMMZ,ummzi, ,b81c83d7-8ea1-475b-8c94-327913979a87,PreservedSpecimen,84157f56-951d-4716-995b-abc920a6527f,UMMZI-00213092, ,Animalia,Arthropoda,Insecta,Odonata,Coenagrionidae,Coenagrionidae,Argia vivida,102902,"Hagen in Selys, 1865",Argia,Argia,Argia vivida,vivida, , , , , , , ,0, ,C.H. Kennedy, ,7/29/15 0:00,1915,7,29,210,0,7/29/15, , , , , , , , , ,adult,M,0, , ,Paper Triangle - 2,United States,California,Santa Barbara Co., ,Santa Cruz,"Santa Cruz I., Fry's Harbor",Santa Cruz, ,34.05444,-119.75512, ,0, , , , , , ,0, , , , , , , , ,6/1/16 0:00,http://creativecommons.org/publicdomain/zero/1.0/, , ,urn:uuid:4ad3dbf6-338b-48ed-883f-727c647465a7,http://www.cal-ibis.org:80/collections/individual/index.php?occid=1591047
1591048,Cal-IBIS,UMMZ,ummzi, ,b81c83d7-8ea1-475b-8c94-327913979a87,PreservedSpecimen,9f39c031-e441-4935-886d-fff08bfb4b0d,UMMZI-00213093, ,Animalia,Arthropoda,Insecta,Odonata,Coenagrionidae,Coenagrionidae,Argia vivida,102902,"Hagen in Selys, 1865",Argia,Argia,Argia vivida,vivida, , , , , , , ,0, , , ,7/29/15 0:00,1915,7,29,210,0,7/29/15, , , , , , , , , ,adult,"M, F",0, , ,Paper Triangle - 3,United States,California,Santa Barbara Co., ,Santa Cruz,"Santa Cruz I., Fry's Harbor",Santa Cruz, ,34.05444,-119.75512, ,0, , , , , , ,0, , , , , , , , ,6/1/16 0:00,http://creativecommons.org/publicdomain/zero/1.0/, , ,urn:uuid:b52ed74e-8e3b-4742-a8e5-6ffa8dcac996,http://www.cal-ibis.org:80/collections/individual/index.php?occid=1591048
1575905,Cal-IBIS,UMMZ,ummzi, ,b81c83d7-8ea1-475b-8c94-327913979a87,PreservedSpecimen,c79c78fc-7977-46cf-bf20-b20873fc46b9,UMMZI-00262942, ,Animalia,Arthropoda,Insecta,Odonata,Coenagrionidae,Coenagrionidae,Argia vivida,102902,"Hagen in Selys, 1865",Argia,Argia,Argia vivida,vivida, , , , , , , ,0, ,C.H. Kennedy, ,8/2/15 0:00,1915,8,2,214,0,8/2/15, , , , , , , , , ,adult,M,0, , ,Paper Triangle - 2,United States,California,Santa Barbara Co., ,Santa Cruz,"Santa Cruz I., Prisoners' Harbor",Santa Cruz, ,34.01862,-119.68362, ,0, , , , , , ,0, , , , , , , , ,6/1/16 0:00,http://creativecommons.org/publicdomain/zero/1.0/, , ,urn:uuid:20f94935-3c10-4dd9-a104-9d89a297fdc8,http://www.cal-ibis.org:80/collections/individual/index.php?occid=1575905
1575904,Cal-IBIS,UMMZ,ummzi, ,b81c83d7-8ea1-475b-8c94-327913979a87,PreservedSpecimen,f9b00d2a-f296-4f0b-b5cf-d1ca941aa39e,UMMZI-00262844, ,Animalia,Arthropoda,Insecta,Odonata,Coenagrionidae,Coenagrionidae,Argia vivida,102902,"Hagen in Selys, 1865",Argia,Argia,Argia vivida,vivida, , , , , , , ,0, ,C.H. Kennedy, ,8/2/15 0:00,1915,8,2,214,0,8/2/15, , , , , , , , , ,adult,M,0, , ,Paper Triangle - 2,United States,California,Santa Barbara Co., ,Santa Cruz,"Santa Cruz I., Prisoners' Harbor",Santa Cruz, ,34.01862,-119.68362, ,0, , , , , , ,0, , , , , , , , ,6/1/16 0:00,http://creativecommons.org/publicdomain/zero/1.0/, , ,urn:uuid:f414be43-2a27-4c13-855a-41e5dc5a45d6,http://www.cal-ibis.org:80/collections/individual/index.php?occid=1575904
1575907,Cal-IBIS,UMMZ,ummzi, ,b81c83d7-8ea1-475b-8c94-327913979a87,PreservedSpecimen,fd850e2a-d0c0-4819-ad44-2891cbc61c46,UMMZI-00263220, ,Animalia,Arthropoda,Insecta,Odonata,Coenagrionidae,Coenagrionidae,Argia vivida,102902,"Hagen in Selys, 1865",Argia,Argia,Argia vivida,vivida, , , , , , , ,0, ,C.H. Kennedy, ,8/2/15 0:00,1915,8,2,214,0,8/2/15, , , , , , , , , ,adult,M,0, , ,Paper Triangle - 1,United States,California,Santa Barbara Co., ,Santa Cruz,"Santa Cruz I., Prisoners' Harbor",Santa Cruz, ,34.01862,-119.68362, ,0, , , , , , ,0, , , , , , , , ,6/1/16 0:00,http://creativecommons.org/publicdomain/zero/1.0/, , ,urn:uuid:9f028192-7da1-4413-9878-620e67d2c103,http://www.cal-ibis.org:80/collections/individual/index.php?occid=1575907
1558409,Cal-IBIS,USNM,Entomology, ,b81c83d7-8ea1-475b-8c94-327913979a87,PreservedSpecimen,http://n2t.net/ark:/65665/30259441b-1aee-4a23-888d-79dff069c24f,USNMENT366380, ,Animalia,Arthropoda,Insecta,Odonata,Coenagrionidae,Coenagrionidae,Argia vivida,102902,"Hagen in Selys, 1865",Argia,Argia,Argia vivida,vivida, , ,"Flint, Oliver S., Jr.", , , , ,0, ,"A. Menke, D. Miller & R. Rust", ,6/29/78 0:00,1978,6,29,180,180,6/29/78, , , , , , , , , ,Adult, ,1, , ,Envelope,United States,California,Los Angeles, ,Santa Catalina,"Santa Catalina Island, Middle Canyon", , ,0,0, ,0,",", , , , , ,61, , , , ,10-200 feet, , , ,10/17/18 5:44,http://creativecommons.org/publicdomain/zero/1.0/, , ,urn:uuid:29c2d801-0268-447d-ad79-f6d0be9d67aa,http://www.cal-ibis.org:80/collections/individual/index.php?occid=1558409
1558386,Cal-IBIS,USNM,Entomology, ,b81c83d7-8ea1-475b-8c94-327913979a87,PreservedSpecimen,http://n2t.net/ark:/65665/32e833aa1-74df-403a-86c0-10edfeecec36,USNMENT366379, ,Animalia,Arthropoda,Insecta,Odonata,Coenagrionidae,Coenagrionidae,Argia vivida,102902,"Hagen in Selys, 1865",Argia,Argia,Argia vivida,vivida, , ,"Flint, Oliver S., Jr.", , , , ,0, ,"A. Menke, D. Miller & R. Rust", ,6/29/78 0:00,1978,6,29,180,180,6/29/78, , , , , , , , , ,Adult, ,1, , ,Envelope,United States,California,Los Angeles, ,Santa Catalina,"Santa Catalina Island, Middle Canyon", , ,0,0, ,0,",", , , , , ,61, , , , ,10-200 feet, , , ,10/17/18 5:44,http://creativecommons.org/publicdomain/zero/1.0/, , ,urn:uuid:c06bd6d4-f5c4-454f-9e25-f4ec5766e5df,http://www.cal-ibis.org:80/collections/individual/index.php?occid=1558386
1558462,Cal-IBIS,USNM,Entomology, ,b81c83d7-8ea1-475b-8c94-327913979a87,PreservedSpecimen,http://n2t.net/ark:/65665/39f3009c7-8a9b-40aa-96e7-01da6e0d8307,USNMENT366378, ,Animalia,Arthropoda,Insecta,Odonata,Coenagrionidae,Coenagrionidae,Argia vivida,102902,"Hagen in Selys, 1865",Argia,Argia,Argia vivida,vivida, , ,"Flint, Oliver S., Jr.", , , , ,0, ,"A. Menke, D. Miller & R. Rust", ,6/29/78 0:00,1978,6,29,180,180,6/29/78, , , , , , , , , ,Adult, ,1, , ,Envelope,United States,California,Los Angeles, ,Santa Catalina,"Santa Catalina Island, Middle Canyon", , ,0,0, ,0,",", , , , , ,61, , , , ,10-200 feet, , , ,10/17/18 5:44,http://creativecommons.org/publicdomain/zero/1.0/, , ,urn:uuid:aa4b7487-096f-4040-9564-7a76fd475ef9,http://www.cal-ibis.org:80/collections/individual/index.php?occid=1558462
1566165,Cal-IBIS,EMEC,EMEC, ,b81c83d7-8ea1-475b-8c94-327913979a87,PreservedSpecimen,urn:catalog:EMEC:EMEC:1035828,EMEC1035828, ,Animalia,Arthropoda,Insecta,Odonata,Coenagrionidae,Coenagrionidae,Enallagma,40305,"Charpentier, 1840",Enallagma,Enallagma,, , , , , , , , ,0, ,Joan Ball, ,8/19/12 0:00,2012,8,19,232,0,8/19/12, , , , , , , , , ,adult, ,1, , ,envelope,United States,California,Santa Barbara County, ,Santa Cruz,"Santa Cruz Island, Prisoners Harbor, Central Valley Canyon",Santa Cruz, ,34.00153,-119.71461,WGS1984,3, , , , , , ,0, , , , , , , , ,10/12/20 7:43,http://creativecommons.org/publicdomain/zero/1.0/, , ,urn:uuid:f58eebf6-79a2-49dd-b795-5eaaacb1ba90,http://www.cal-ibis.org:80/collections/individual/index.php?occid=1566165
1566166,Cal-IBIS,EMEC,EMEC, ,b81c83d7-8ea1-475b-8c94-327913979a87,PreservedSpecimen,urn:catalog:EMEC:EMEC:1035829,EMEC1035829, ,Animalia,Arthropoda,Insecta,Odonata,Coenagrionidae,Coenagrionidae,Enallagma annexum,169511,"(Hagen, 1861)",Enallagma,Enallagma,Enallagma annexum,annexum, , , , , , , ,0, ,Joan Ball, ,8/19/12 0:00,2012,8,19,232,0,8/19/12, , , , , , , , , ,adult, ,1, , ,envelope,United States,California,Santa Barbara County, ,Santa Cruz,"Santa Cruz Island, Prisoners Harbor, Central Valley Canyon",Santa Cruz, ,34.00153,-119.71461,WGS1984,3, , , , , , ,0, , , , , , , , ,10/12/20 7:43,http://creativecommons.org/publicdomain/zero/1.0/, , ,urn:uuid:80c827ed-7ab4-47e4-a4e8-c086a13290ed,http://www.cal-ibis.org:80/collections/individual/index.php?occid=1566166
1566167,Cal-IBIS,EMEC,EMEC, ,b81c83d7-8ea1-475b-8c94-327913979a87,PreservedSpecimen,urn:catalog:EMEC:EMEC:1035830,EMEC1035830, ,Animalia,Arthropoda,Insecta,Odonata,Coenagrionidae,Coenagrionidae,Enallagma annexum,169511,"(Hagen, 1861)",Enallagma,Enallagma,Enallagma annexum,annexum, , , , , , , ,0, ,Joan Ball, ,8/19/12 0:00,2012,8,19,232,0,8/19/12, , , , , , , , , ,adult, ,1, , ,envelope,United States,California,Santa Barbara County, ,Santa Cruz,"Santa Cruz Island, Prisoners Harbor, Central Valley Canyon",Santa Cruz, ,34.00153,-119.71461,WGS1984,3, , , , , , ,0, , , , , , , , ,10/12/20 7:43,http://creativecommons.org/publicdomain/zero/1.0/, , ,urn:uuid:6e7b0907-0453-4cad-96ee-30ba894b8f9c,http://www.cal-ibis.org:80/collections/individual/index.php?occid=1566167
1566168,Cal-IBIS,EMEC,EMEC, ,b81c83d7-8ea1-475b-8c94-327913979a87,PreservedSpecimen,urn:catalog:EMEC:EMEC:1035831,EMEC1035831, ,Animalia,Arthropoda,Insecta,Odonata,Coenagrionidae,Coenagrionidae,Enallagma annexum,169511,"(Hagen, 1861)",Enallagma,Enallagma,Enallagma annexum,annexum, , , , , , , ,0, ,Joan Ball, ,8/19/12 0:00,2012,8,19,232,0,8/19/12, , , , , , , , , ,adult, ,1, , ,envelope,United States,California,Santa Barbara County, ,Santa Cruz,"Santa Cruz Island, Prisoners Harbor, Central Valley Canyon",Santa Cruz, ,34.00153,-119.71461,WGS1984,3, , , , , , ,0, , , , , , , , ,10/12/20 7:43,http://creativecommons.org/publicdomain/zero/1.0/, , ,urn:uuid:9781d236-c5ce-43ee-bf5a-c9833f4300ad,http://www.cal-ibis.org:80/collections/individual/index.php?occid=1566168
1566171,Cal-IBIS,EMEC,EMEC, ,b81c83d7-8ea1-475b-8c94-327913979a87,PreservedSpecimen,urn:catalog:EMEC:EMEC:1035834,EMEC1035834, ,Animalia,Arthropoda,Insecta,Odonata,Coenagrionidae,Coenagrionidae,Enallagma annexum,169511,"(Hagen, 1861)",Enallagma,Enallagma,Enallagma annexum,annexum, , , , , , , ,0, ,Joan Ball, ,8/19/12 0:00,2012,8,19,232,0,8/19/12, , , , , , , , , ,adult, ,1, , ,envelope,United States,California,Santa Barbara County, ,Santa Cruz,"Santa Cruz Island, Prisoners Harbor, pond",Santa Cruz, ,34.01834,-119.68271,WGS1984,3, , , , , , ,0, , , , , , , , ,10/12/20 7:43,http://creativecommons.org/publicdomain/zero/1.0/, , ,urn:uuid:29cdc83e-9325-4961-b562-eb8f3cef11e1,http://www.cal-ibis.org:80/collections/individual/index.php?occid=1566171
1566172,Cal-IBIS,EMEC,EMEC, ,b81c83d7-8ea1-475b-8c94-327913979a87,PreservedSpecimen,urn:catalog:EMEC:EMEC:1035835,EMEC1035835, ,Animalia,Arthropoda,Insecta,Odonata,Coenagrionidae,Coenagrionidae,Enallagma annexum,169511,"(Hagen, 1861)",Enallagma,Enallagma,Enallagma annexum,annexum, , , , , , , ,0, ,Joan Ball, ,8/19/12 0:00,2012,8,19,232,0,8/19/12, , , , , , , , , ,adult, ,1, , ,envelope,United States,California,Santa Barbara County, ,Santa Cruz,"Santa Cruz Island, Prisoners Harbor, pond",Santa Cruz, ,34.01834,-119.68271,WGS1984,3, , , , , , ,0, , , , , , , , ,10/12/20 7:43,http://creativecommons.org/publicdomain/zero/1.0/, , ,urn:uuid:9bd14af0-575b-424d-bab0-370274ce7fa0,http://www.cal-ibis.org:80/collections/individual/index.php?occid=1566172
1566173,Cal-IBIS,EMEC,EMEC, ,b81c83d7-8ea1-475b-8c94-327913979a87,PreservedSpecimen,urn:catalog:EMEC:EMEC:1035836,EMEC1035836, ,Animalia,Arthropoda,Insecta,Odonata,Coenagrionidae,Coenagrionidae,Enallagma annexum,169511,"(Hagen, 1861)",Enallagma,Enallagma,Enallagma annexum,annexum, , , , , , , ,0, ,Joan Ball, ,8/19/12 0:00,2012,8,19,232,0,8/19/12, , , , , , , , , ,adult, ,1, , ,envelope,United States,California,Santa Barbara County, ,Santa Cruz,"Santa Cruz Island, Prisoners Harbor, pond",Santa Cruz, ,34.01834,-119.68271,WGS1984,3, , , , , , ,0, , , , , , , , ,10/12/20 7:43,http://creativecommons.org/publicdomain/zero/1.0/, , ,urn:uuid:2ee9da7a-1d75-45ed-b90c-a65a62593bc0,http://www.cal-ibis.org:80/collections/individual/index.php?occid=1566173
1566174,Cal-IBIS,EMEC,EMEC, ,b81c83d7-8ea1-475b-8c94-327913979a87,PreservedSpecimen,urn:catalog:EMEC:EMEC:1035837,EMEC1035837, ,Animalia,Arthropoda,Insecta,Odonata,Coenagrionidae,Coenagrionidae,Enallagma annexum,169511,"(Hagen, 1861)",Enallagma,Enallagma,Enallagma annexum,annexum, , , , , , , ,0, ,Joan Ball, ,8/19/12 0:00,2012,8,19,232,0,8/19/12, , , , , , , , , ,adult, ,1, , ,envelope,United States,California,Santa Barbara County, ,Santa Cruz,"Santa Cruz Island, Prisoners Harbor, pond",Santa Cruz, ,34.01834,-119.68271,WGS1984,3, , , , , , ,0, , , , , , , , ,10/12/20 7:43,http://creativecommons.org/publicdomain/zero/1.0/, , ,urn:uuid:3d595b1c-983f-43b4-8293-20c4e9778e9c,http://www.cal-ibis.org:80/collections/individual/index.php?occid=1566174
1559531,Cal-IBIS,CAS,ENT, ,b81c83d7-8ea1-475b-8c94-327913979a87,PreservedSpecimen,756da591-5c11-48ff-9ecc-1e2d6e731472,8156852, ,Animalia,Arthropoda,Insecta,Odonata,Coenagrionidae,Coenagrionidae,Enallagma civile,169518,"(Hagen, 1861)",Enallagma,Enallagma,Enallagma civile,civile, , , , , , , ,0, ,David Weissman, ,8/8/69 0:00,1969,8,8,220,0,DMY: 8-8-1969, , , , , , , , , ,adult, ,1, , ,pinned,United States,California,Los Angeles, ,San Clemente,San Clemente Island,San Clemente, ,32.9,-118.5009, ,0,"32.9, -118.5009", , , , , ,0, , , , , , , ,Jessica E. Rothery,2012-00-00 00:00:00,http://creativecommons.org/publicdomain/zero/1.0/, , ,urn:uuid:b04f9547-2bbc-4980-ab0b-5e190fab866f,http://www.cal-ibis.org:80/collections/individual/index.php?occid=1559531
1559532,Cal-IBIS,CAS,ENT, ,b81c83d7-8ea1-475b-8c94-327913979a87,PreservedSpecimen,7c45e5f9-a0b4-4e4f-9dc4-9a4d3122f7b0,8156855, ,Animalia,Arthropoda,Insecta,Odonata,Coenagrionidae,Coenagrionidae,Enallagma civile,169518,"(Hagen, 1861)",Enallagma,Enallagma,Enallagma civile,civile, , , , , , , ,0, ,David Weissman, ,8/8/69 0:00,1969,8,8,220,0,DMY: 8-8-1969, , , , , , , , , ,adult, ,1, , ,pinned,United States,California,Los Angeles, ,San Clemente,San Clemente Island,San Clemente, ,32.9,-118.5009, ,0,"32.9, -118.5009", , , , , ,0, , , , , , , ,Jessica E. Rothery,2012-00-00 00:00:00,http://creativecommons.org/publicdomain/zero/1.0/, , ,urn:uuid:1e92a39a-16d4-492a-992f-c3a70b2608ff,http://www.cal-ibis.org:80/collections/individual/index.php?occid=1559532
1559533,Cal-IBIS,CAS,ENT, ,b81c83d7-8ea1-475b-8c94-327913979a87,PreservedSpecimen,f0309d55-95bf-4cc5-a2cb-c2f4f3c2a7e9,8156879, ,Animalia,Arthropoda,Insecta,Odonata,Coenagrionidae,Coenagrionidae,Enallagma civile,169518,"(Hagen, 1861)",Enallagma,Enallagma,Enallagma civile,civile, , , , , , , ,0, ,David Weissman, ,8/8/69 0:00,1969,8,8,220,0,DMY: 8-8-1969, , , , , , , , , ,adult, ,1, , ,pinned,United States,California,Los Angeles, ,San Clemente,San Clemente Island,San Clemente, ,32.9,-118.5009, ,0,"32.9, -118.5009", , , , , ,0, , , , , , , ,Jessica E. Rothery,2012-00-00 00:00:00,http://creativecommons.org/publicdomain/zero/1.0/, , ,urn:uuid:63806b9e-036e-4d3e-b3a0-42340a5c195f,http://www.cal-ibis.org:80/collections/individual/index.php?occid=1559533
1556454,Cal-IBIS,CAS,ENT, ,b81c83d7-8ea1-475b-8c94-327913979a87,PreservedSpecimen,c6cc02dd-4ccc-4882-8b80-00b0f71be04c,8156861, ,Animalia,Arthropoda,Insecta,Odonata,Coenagrionidae,Coenagrionidae,Enallagma civile,169518,"(Hagen, 1861)",Enallagma,Enallagma,Enallagma civile,civile, , , , , , , ,0, ,T. D. A. Cockerell, ,4/6/38 0:00,1938,4,6,96,0,DMY: 6-4-1938, , , , , , , , , ,adult, ,1, , ,pinned,United States,California,Los Angeles, ,Santa Catalina,"Santa Catalina Island, Middle Ranch",Santa Catalina, ,33.35389,-118.44056, ,0,"33.35389, -118.44056", , , , , ,0, , , , , , , ,Jessica E. Rothery,2012-00-00 00:00:00,http://creativecommons.org/publicdomain/zero/1.0/, , ,urn:uuid:b2234a5f-bd5c-411d-80e7-6d26005faaf1,http://www.cal-ibis.org:80/collections/individual/index.php?occid=1556454
1579447,Cal-IBIS,USNM,Entomology, ,b81c83d7-8ea1-475b-8c94-327913979a87,PreservedSpecimen,http://n2t.net/ark:/65665/3fe96fb8b-babd-4df3-a42e-9a12159450e1,USNMENT368160, ,Animalia,Arthropoda,Insecta,Odonata,Coenagrionidae,Coenagrionidae,Enallagma civile,169518,"(Hagen, 1861)",Enallagma,Enallagma,Enallagma civile,civile, , ,"Flint, Oliver S., Jr.", , , , ,0, ,"A. Menke, D. Miller & R. Rust", ,6/25/78 0:00,1978,6,25,176,176,6/25/78, , , , , , , , , ,Adult, ,1, , ,Envelope,United States,California,ventura, ,San Nicolas,"San Nicolas Island, Cat-tail Canyon", , ,0,0, ,0,",", , , , , ,30, , , , ,75-100 ft., , , ,10/17/18 5:44,http://creativecommons.org/publicdomain/zero/1.0/, , ,urn:uuid:a39735de-d237-4e20-b18c-ee1ad8510439,http://www.cal-ibis.org:80/collections/individual/index.php?occid=1579447
1561157,Cal-IBIS,USNM,Entomology, ,b81c83d7-8ea1-475b-8c94-327913979a87,PreservedSpecimen,http://n2t.net/ark:/65665/3125c72d7-6e4d-4ddf-b55f-a9d317405b9b,USNMENT346327, ,Animalia,Arthropoda,Insecta,Odonata,Coenagrionidae,Coenagrionidae,Ischnura ramburii,239896,"(Selys, 1850)",Ischnura,Ischnura,Ischnura ramburii,ramburii, , ,"Garrison, Rosser W.", , , , ,0, ,M. Davis & D. Davis, ,9/5/77 0:00,1977,9,5,248,248,9/5/77, , , , , , , , , ,Adult,Female,1, , ,Envelope,United States,Maryland,St. Mary's, ,San Clemente,St. Clement'sIsland. Pond, , ,0,0, ,0,",", , , , , ,0, , , , , , , , ,10/17/18 5:44,http://creativecommons.org/publicdomain/zero/1.0/, , ,urn:uuid:25d5a06d-56f0-48e6-ae98-8ab0b2901651,http://www.cal-ibis.org:80/collections/individual/index.php?occid=1561157
1564627,Cal-IBIS,YPM,ENT,YPM,b81c83d7-8ea1-475b-8c94-327913979a87,PreservedSpecimen,urn:uuid:49a73e91-4cb8-4c54-af70-fe90f0fccdd1,YPM ENT 152459, ,Animalia,Arthropoda,Insecta,Odonata,Lestidae,Lestidae,Archilestes californica,101991,"McLachlan, 1895",Archilestes,Archilestes,Archilestes californica,californica, , ,Philip Garman,1967, , ,Animals and Plants: Invertebrates - Insects,0, ,"Charles L. Remington, Sheldon T. Remington", ,7/31/67 0:00,1967,7,31,212,0,7/31/67,ENT number 152459; lot count 1; male, , , , ,"{ ""solr_long_lat"": ""-119.73291,33.99584"" }", , , , ,male,1, , , ,United States,California,Santa Barbara County, ,Santa Cruz,"Santa Cruz Island, Canada del Medio 1 mile W of Stanton Ranch",Santa Cruz, ,33.99584,-119.73291,WGS84,5241, , ,digital resource,GEOLocate, ,"Confidence: High, Score: 88, String: Distance West of STANTON RANCH, automated process by N. Rios and L. Gall",0, , , , , , ,en, ,6/18/18 23:17,http://creativecommons.org/publicdomain/zero/1.0/, , ,urn:uuid:df71f4c0-ecb1-4475-b3b9-3c81eb001ccc,http://www.cal-ibis.org:80/collections/individual/index.php?occid=1564627
1556452,Cal-IBIS,CAS,ENT, ,b81c83d7-8ea1-475b-8c94-327913979a87,PreservedSpecimen,64c27575-03ca-44e9-8a0a-90fa74a1c09f,8171686, ,Animalia,Arthropoda,Insecta,Odonata,Libellulidae,Libellulidae,Libellula saturata,253381,"Uhler, 1857",Libellula,Libellula,Libellula saturata,saturata, , , , , , , ,0, , , ,5/13/30 0:00,1930,5,13,133,0,DMY: 13-5-1930, , , , , , , , , ,adult, ,1, , ,pinned,United States,California,Los Angeles, ,Santa Catalina,"Santa Catalina Island, Cottonwood", , ,0,0, ,0,",", , , , , ,0, , , , , , , ,Skyler Valle,2012-00-00 00:00:00,http://creativecommons.org/publicdomain/zero/1.0/, , ,urn:uuid:1cc1016e-4916-4fac-a4a2-3a5d768f5f7d,http://www.cal-ibis.org:80/collections/individual/index.php?occid=1556452
1556453,Cal-IBIS,CAS,ENT, ,b81c83d7-8ea1-475b-8c94-327913979a87,PreservedSpecimen,ba103092-d139-4dcf-8bea-85f30da38025,8171688, ,Animalia,Arthropoda,Insecta,Odonata,Libellulidae,Libellulidae,Libellula saturata,253381,"Uhler, 1857",Libellula,Libellula,Libellula saturata,saturata, , , , , , , ,0, , , ,5/13/30 0:00,1930,5,13,133,0,DMY: 13-5-1930, , , , , , , , , ,adult, ,1, , ,pinned,United States,California,Los Angeles, ,Santa Catalina,"Santa Catalina Island, Cottonwood", , ,0,0, ,0,",", , , , , ,0, , , , , , , ,Skyler Valle,2012-00-00 00:00:00,http://creativecommons.org/publicdomain/zero/1.0/, , ,urn:uuid:5888fde2-4a4d-4dc0-8517-f47af162180b,http://www.cal-ibis.org:80/collections/individual/index.php?occid=1556453
1556451,Cal-IBIS,CAS,ENT, ,b81c83d7-8ea1-475b-8c94-327913979a87,PreservedSpecimen,dbb92f89-ab60-4bc4-bf21-dc4d4f41a571,8171684, ,Animalia,Arthropoda,Insecta,Odonata,Libellulidae,Libellulidae,Libellula saturata,253381,"Uhler, 1857",Libellula,Libellula,Libellula saturata,saturata, , , , , , , ,0, , , ,10/13/29 0:00,1929,10,13,286,0,DMY: 13-10-1929, , , , , , , , , ,adult, ,1, , ,pinned,United States,California,Los Angeles, ,Santa Catalina,"Santa Catalina Island, Little Harbor", , ,0,0, ,0,",", , , , , ,0, , , , , , , ,Skyler Valle,2012-00-00 00:00:00,http://creativecommons.org/publicdomain/zero/1.0/, , ,urn:uuid:8411d681-e1a7-49fe-b23a-aa15341a6c00,http://www.cal-ibis.org:80/collections/individual/index.php?occid=1556451
1566151,Cal-IBIS,EMEC,EMEC, ,b81c83d7-8ea1-475b-8c94-327913979a87,PreservedSpecimen,urn:catalog:EMEC:EMEC:1035814,EMEC1035814, ,Animalia,Arthropoda,Insecta,Odonata,Libellulidae,Libellulidae,Libellula saturata,253381,"Uhler, 1857",Libellula,Libellula,Libellula saturata,saturata, , , , , , , ,0, ,Joan Ball, ,8/19/12 0:00,2012,8,19,232,0,8/19/12, , , , , , , , , ,adult, ,1, , ,envelope,United States,California,Santa Barbara County, ,Santa Cruz,"Santa Cruz Island, Prisoners Harbor, Central Valley Canyon",Santa Cruz, ,34.00153,-119.71461,WGS1984,3, , , , , , ,0, , , , , , , , ,10/12/20 7:43,http://creativecommons.org/publicdomain/zero/1.0/, , ,urn:uuid:21739592-d3a7-468c-a54a-4003b41b8fc3,http://www.cal-ibis.org:80/collections/individual/index.php?occid=1566151
1566170,Cal-IBIS,EMEC,EMEC, ,b81c83d7-8ea1-475b-8c94-327913979a87,PreservedSpecimen,urn:catalog:EMEC:EMEC:1035833,EMEC1035833, ,Animalia,Arthropoda,Insecta,Odonata,Libellulidae,Libellulidae,Libellula saturata,253381,"Uhler, 1857",Libellula,Libellula,Libellula saturata,saturata, , , , , , , ,0, ,Joan Ball, ,8/19/12 0:00,2012,8,19,232,0,8/19/12, , , , , , , , , ,adult, ,1, , ,envelope,United States,California,Santa Barbara County, ,Santa Cruz,"Santa Cruz Island, Prisoners Harbor, pond",Santa Cruz, ,34.01834,-119.68271,WGS1984,3, , , , , , ,0, , , , , , , , ,10/12/20 7:43,http://creativecommons.org/publicdomain/zero/1.0/, , ,urn:uuid:f221c4c9-1c50-4990-bf78-bcedd9507dbf,http://www.cal-ibis.org:80/collections/individual/index.php?occid=1566170
1558360,Cal-IBIS,USNM,Entomology, ,b81c83d7-8ea1-475b-8c94-327913979a87,PreservedSpecimen,http://n2t.net/ark:/65665/319b35e33-e901-41f5-99b4-1c4831b0ab01,USNMENT294982, ,Animalia,Arthropoda,Insecta,Odonata,Libellulidae,Libellulidae,Libellula saturata,253381,"Uhler, 1857",Libellula,Libellula,Libellula saturata,saturata, , , , , , , ,0, ,"A. Menke, D. Miller & R. Rust", ,6/29/78 0:00,1978,6,29,180,180,6/29/78, , , , , , , , , ,Adult,Male,1, , ,Envelope,United States,California,Los Angeles, ,Santa Catalina,"Santa Catalina Island, Middle Canyon", , ,0,0, ,0,",", , , , , ,61, , , , ,10-200 feet, , , ,10/17/18 5:44,http://creativecommons.org/publicdomain/zero/1.0/, , ,urn:uuid:50e49cdf-e236-42a8-82f3-7bb73e36a471,http://www.cal-ibis.org:80/collections/individual/index.php?occid=1558360
1566152,Cal-IBIS,EMEC,EMEC, ,b81c83d7-8ea1-475b-8c94-327913979a87,PreservedSpecimen,urn:catalog:EMEC:EMEC:1035815,EMEC1035815, ,Animalia,Arthropoda,Insecta,Odonata,Libellulidae,Libellulidae,Paltothemis lineatipes,343001,"Karsch, 1890",Paltothemis,Paltothemis,Paltothemis lineatipes,lineatipes, , , , , , , ,0, ,Joan Ball, ,8/19/12 0:00,2012,8,19,232,0,8/19/12, , , , , , , , , ,adult, ,1, , ,envelope,United States,California,Santa Barbara County, ,Santa Cruz,"Santa Cruz Island, Prisoners Harbor, Central Valley Canyon",Santa Cruz, ,34.00153,-119.71461,WGS1984,3, , , , , , ,0, , , , , , , , ,10/12/20 7:43,http://creativecommons.org/publicdomain/zero/1.0/, , ,urn:uuid:3531cc0e-fb0b-4aca-bdde-b23490a170f1,http://www.cal-ibis.org:80/collections/individual/index.php?occid=1566152
1566153,Cal-IBIS,EMEC,EMEC, ,b81c83d7-8ea1-475b-8c94-327913979a87,PreservedSpecimen,urn:catalog:EMEC:EMEC:1035816,EMEC1035816, ,Animalia,Arthropoda,Insecta,Odonata,Libellulidae,Libellulidae,Paltothemis lineatipes,343001,"Karsch, 1890",Paltothemis,Paltothemis,Paltothemis lineatipes,lineatipes, , , , , , , ,0, ,Joan Ball, ,8/19/12 0:00,2012,8,19,232,0,8/19/12, , , , , , , , , ,adult, ,1, , ,envelope,United States,California,Santa Barbara County, ,Santa Cruz,"Santa Cruz Island, Prisoners Harbor, Central Valley Canyon",Santa Cruz, ,34.00153,-119.71461,WGS1984,3, , , , , , ,0, , , , , , , , ,10/12/20 7:43,http://creativecommons.org/publicdomain/zero/1.0/, , ,urn:uuid:c0263194-0eec-4a6e-8eae-b8bd03f2a56f,http://www.cal-ibis.org:80/collections/individual/index.php?occid=1566153
1566154,Cal-IBIS,EMEC,EMEC, ,b81c83d7-8ea1-475b-8c94-327913979a87,PreservedSpecimen,urn:catalog:EMEC:EMEC:1035817,EMEC1035817, ,Animalia,Arthropoda,Insecta,Odonata,Libellulidae,Libellulidae,Paltothemis lineatipes,343001,"Karsch, 1890",Paltothemis,Paltothemis,Paltothemis lineatipes,lineatipes, , , , , , , ,0, ,Joan Ball, ,8/19/12 0:00,2012,8,19,232,0,8/19/12, , , , , , , , , ,adult, ,1, , ,envelope,United States,California,Santa Barbara County, ,Santa Cruz,"Santa Cruz Island, Prisoners Harbor, Central Valley Canyon",Santa Cruz, ,34.00153,-119.71461,WGS1984,3, , , , , , ,0, , , , , , , , ,10/12/20 7:43,http://creativecommons.org/publicdomain/zero/1.0/, , ,urn:uuid:d94ed043-17a0-4b44-b915-d45f7b32e923,http://www.cal-ibis.org:80/collections/individual/index.php?occid=1566154
1575908,Cal-IBIS,UMMZ,ummzi, ,b81c83d7-8ea1-475b-8c94-327913979a87,PreservedSpecimen,15fe7879-f4f4-4015-9a65-a77aab6442fa,UMMZI-00212700, ,Animalia,Arthropoda,Insecta,Odonata,LIBELLULIDAE,Libellulidae,Paltothemis lineatipes,343001,"Karsch, 1890",Paltothemis,Paltothemis,Paltothemis lineatipes,lineatipes, , , , , , , ,0,|null|,C.H. Kennedy, ,7/28/15 0:00,1915,7,28,209,0,7/28/15, , , , , , , , , ,adult,F,0, , , ,United States,California,Santa Barbara Co., ,Santa Cruz,"Santa Cruz Island, Fry's Harbor",Santa Cruz, ,34.044982,-119.725853, ,0, , , , , , ,0, , , , , , , , ,8/4/15 0:00,http://creativecommons.org/publicdomain/zero/1.0/, , ,urn:uuid:906fb79b-0656-416b-93c5-80e10670ec38,http://www.cal-ibis.org:80/collections/individual/index.php?occid=1575908
1575910,Cal-IBIS,UMMZ,ummzi, ,b81c83d7-8ea1-475b-8c94-327913979a87,PreservedSpecimen,43e5dead-1862-473a-866d-8808d2188871,UMMZI-00212702, ,Animalia,Arthropoda,Insecta,Odonata,LIBELLULIDAE,Libellulidae,Paltothemis lineatipes,343001,"Karsch, 1890",Paltothemis,Paltothemis,Paltothemis lineatipes,lineatipes, , , , , , , ,0,|null|,C.H. Kennedy, ,7/29/15 0:00,1915,7,29,210,0,7/29/15, , , , , , , , , ,adult,M,0, , , ,United States,California,Santa Barbara Co., ,Santa Cruz,"Santa Cruz Island, Fry's Harbor",Santa Cruz, ,34.044982,-119.725853, ,0, , , , , , ,0, , , , , , , , ,8/4/15 0:00,http://creativecommons.org/publicdomain/zero/1.0/, , ,urn:uuid:9abced8b-1ba1-4f5e-ae8f-1b2d749a3331,http://www.cal-ibis.org:80/collections/individual/index.php?occid=1575910
1575921,Cal-IBIS,UMMZ,ummzi, ,b81c83d7-8ea1-475b-8c94-327913979a87,PreservedSpecimen,641e1f8c-a794-4e4b-ae91-dd988f2e74dc,UMMZI-00235752, ,Animalia,Arthropoda,Insecta,Odonata,LIBELLULIDAE,Libellulidae,Paltothemis lineatipes,343001,"Karsch, 1890",Paltothemis,Paltothemis,Paltothemis lineatipes,lineatipes, , , , , , , ,0,|null|,C.H. Kennedy, ,7/29/15 0:00,1915,7,29,210,0,7/29/15, , , , , , , , , ,adult,M,0, , , ,United States,California,Santa Barbara Co., ,Santa Cruz,"Santa Cruz Island, Fry's Harbor",Santa Cruz, ,34.044982,-119.725853, ,0, , , , , , ,0, , , , , , , , ,8/4/15 0:00,http://creativecommons.org/publicdomain/zero/1.0/, , ,urn:uuid:eee37a24-f6dd-440a-8745-9fbab22d1ae5,http://www.cal-ibis.org:80/collections/individual/index.php?occid=1575921
1575920,Cal-IBIS,UMMZ,ummzi, ,b81c83d7-8ea1-475b-8c94-327913979a87,PreservedSpecimen,76b887b8-57c6-4442-92cf-bbd695429a45,UMMZI-00235736, ,Animalia,Arthropoda,Insecta,Odonata,LIBELLULIDAE,Libellulidae,Paltothemis lineatipes,343001,"Karsch, 1890",Paltothemis,Paltothemis,Paltothemis lineatipes,lineatipes, , , , , , , ,0,|null|,C.H. Kennedy, ,7/29/15 0:00,1915,7,29,210,0,7/29/15, , , , , , , , , ,adult,M,0, , , ,United States,California,Santa Barbara Co., ,Santa Cruz,"Santa Cruz Island, Fry's Harbor",Santa Cruz, ,34.044982,-119.725853, ,0, , , , , , ,0, , , , , , , , ,8/4/15 0:00,http://creativecommons.org/publicdomain/zero/1.0/, , ,urn:uuid:03d48c27-6344-41c3-942d-f09a38337982,http://www.cal-ibis.org:80/collections/individual/index.php?occid=1575920
1575924,Cal-IBIS,UMMZ,ummzi, ,b81c83d7-8ea1-475b-8c94-327913979a87,PreservedSpecimen,873734af-dfda-4c72-a3ef-9943c51c302e,UMMZI-00236752, ,Animalia,Arthropoda,Insecta,Odonata,LIBELLULIDAE,Libellulidae,Paltothemis lineatipes,343001,"Karsch, 1890",Paltothemis,Paltothemis,Paltothemis lineatipes,lineatipes, , , , , , , ,0,|null|,C.H. Kennedy, ,7/29/15 0:00,1915,7,29,210,0,7/29/15, , , , , , , , , ,adult,M,0, , , ,United States,California,Santa Barbara Co., ,Santa Cruz,"Santa Cruz Island, Fry's Harbor",Santa Cruz, ,34.044982,-119.725853, ,0, , , , , , ,0, , , , , , , , ,8/4/15 0:00,http://creativecommons.org/publicdomain/zero/1.0/, , ,urn:uuid:c44fed04-ee75-4bdc-8c44-e75362648490,http://www.cal-ibis.org:80/collections/individual/index.php?occid=1575924
1575929,Cal-IBIS,UMMZ,ummzi, ,b81c83d7-8ea1-475b-8c94-327913979a87,PreservedSpecimen,883ae45f-956e-453e-8cfb-fa025381c818,UMMZODO-1190, ,Animalia,Arthropoda,Insecta,Odonata,LIBELLULIDAE,Libellulidae,Paltothemis lineatipes,343001,"Karsch, 1890",Paltothemis,Paltothemis,Paltothemis lineatipes,lineatipes, , ,E. Bright - 14 July 1997, , , , ,0,|null|,unknown, ,,,,0,0,0,unknown, , , , , , , , , ,Larvae, ,0, , ,Vial or Jar - 1,United States,California,Santa Cruz, ,Santa Cruz,"Frys Harbor Santa Cruz Island, 34?N 119?30?W",Santa Cruz, ,34.05508,-119.754939, ,0, , , , , , ,0, , , , , , , , ,11/4/20 17:35,http://creativecommons.org/publicdomain/zero/1.0/, , ,urn:uuid:1ae38ef1-146f-4976-9e1c-71dd2e9a0fe2,http://www.cal-ibis.org:80/collections/individual/index.php?occid=1575929
1575923,Cal-IBIS,UMMZ,ummzi, ,b81c83d7-8ea1-475b-8c94-327913979a87,PreservedSpecimen,c3cb0783-2e27-4195-b1b3-9579d3f91fe0,UMMZI-00236750, ,Animalia,Arthropoda,Insecta,Odonata,LIBELLULIDAE,Libellulidae,Paltothemis lineatipes,343001,"Karsch, 1890",Paltothemis,Paltothemis,Paltothemis lineatipes,lineatipes, , , , , , , ,0,|null|,C.H. Kennedy, ,7/29/15 0:00,1915,7,29,210,0,7/29/15, , , , , , , , , ,adult,M,0, , , ,United States,California,Santa Barbara Co., ,Santa Cruz,"Santa Cruz Island, Fry's Harbor",Santa Cruz, ,34.044982,-119.725853, ,0, , , , , , ,0, , , , , , , , ,8/4/15 0:00,http://creativecommons.org/publicdomain/zero/1.0/, , ,urn:uuid:daf442e6-ee5c-40e2-b28a-e1b722b1cc1a,http://www.cal-ibis.org:80/collections/individual/index.php?occid=1575923
1575909,Cal-IBIS,UMMZ,ummzi, ,b81c83d7-8ea1-475b-8c94-327913979a87,PreservedSpecimen,d64e237e-4bc3-4c05-8160-6eaf854df7d6,UMMZI-00212701, ,Animalia,Arthropoda,Insecta,Odonata,LIBELLULIDAE,Libellulidae,Paltothemis lineatipes,343001,"Karsch, 1890",Paltothemis,Paltothemis,Paltothemis lineatipes,lineatipes, , , , , , , ,0,|null|,C.H. Kennedy, ,7/29/15 0:00,1915,7,29,210,0,7/29/15, , , , , , , , , ,adult,M,0, , , ,United States,California,Santa Barbara Co., ,Santa Cruz,"Santa Cruz Island, Fry's Harbor",Santa Cruz, ,34.044982,-119.725853, ,0, , , , , , ,0, , , , , , , , ,8/4/15 0:00,http://creativecommons.org/publicdomain/zero/1.0/, , ,urn:uuid:00858770-8a4a-4595-a076-02510206f62a,http://www.cal-ibis.org:80/collections/individual/index.php?occid=1575909
1575922,Cal-IBIS,UMMZ,ummzi, ,b81c83d7-8ea1-475b-8c94-327913979a87,PreservedSpecimen,eb63ec53-2a35-4298-961a-6ee0ad2d77d4,UMMZI-00235758, ,Animalia,Arthropoda,Insecta,Odonata,LIBELLULIDAE,Libellulidae,Paltothemis lineatipes,343001,"Karsch, 1890",Paltothemis,Paltothemis,Paltothemis lineatipes,lineatipes, , , , , , , ,0,|null|,C.H. Kennedy, ,7/29/15 0:00,1915,7,29,210,0,7/29/15, , , , , , , , , ,adult,M,0, , , ,United States,California,Santa Barbara Co., ,Santa Cruz,"Santa Cruz Island, Fry's Harbor",Santa Cruz, ,34.044982,-119.725853, ,0, , , , , , ,0, , , , , , , , ,8/4/15 0:00,http://creativecommons.org/publicdomain/zero/1.0/, , ,urn:uuid:2e08dbb8-7fc9-4c74-a00b-f427bad3606a,http://www.cal-ibis.org:80/collections/individual/index.php?occid=1575922
1565630,Cal-IBIS,CAS,ENT, ,b81c83d7-8ea1-475b-8c94-327913979a87,PreservedSpecimen,9699a781-6dd1-4d03-9bb2-01325ef62a3c,8177265, ,Animalia,Arthropoda,Insecta,Odonata,Libellulidae,Libellulidae,Pantala hymenaea,343717,"(Say, 1839)",Pantala,Pantala,Pantala hymenaea,hymenaea, , , , , , , ,0, , , ,7/6/38 0:00,1938,7,6,187,0,DMY: 6-7-1938,"locality unclear: """"Bet. Prisoners and Pelican""""", , , , , , , , , , ,1, , , ,United States,California,Santa Barbara, ,Santa Cruz,Santa Cruz Island,Santa Cruz, ,34.00414,-119.72901, ,0,"34.00414, -119.72901", , , , , ,0, , , , , , , ,Mengsha Gong,2012-00-00 00:00:00,http://creativecommons.org/publicdomain/zero/1.0/, , ,urn:uuid:23e01d08-b950-49c6-a011-82d98b4bdd2b,http://www.cal-ibis.org:80/collections/individual/index.php?occid=1565630
1575911,Cal-IBIS,UMMZ,ummzi, ,b81c83d7-8ea1-475b-8c94-327913979a87,PreservedSpecimen,37bb1f63-7d93-4dc7-8c0a-8d0e190fb033,UMMZI-00212712, ,Animalia,Arthropoda,Insecta,Odonata,LIBELLULIDAE,Libellulidae,Pantala hymenaea,343717,"(Say, 1839)",Pantala,Pantala,Pantala hymenaea,hymenaea, , , , , , , ,0,|null|,R. Spot, ,8/2/15 0:00,1915,8,2,214,0,8/2/15, , , , , , , , , ,adult,M,0, , , ,United States,California,Santa Barbara Co., ,Santa Cruz,"S. Cruz I., Prisoners' HaR",Santa Cruz, ,34.01866,-119.683651, ,0, , , , , , ,0, , , , , , , , ,8/4/15 0:00,http://creativecommons.org/publicdomain/zero/1.0/, , ,urn:uuid:f39433e9-9128-49be-a5c7-2db1a217f585,http://www.cal-ibis.org:80/collections/individual/index.php?occid=1575911
1564061,Cal-IBIS,YPM,ENT,YPM,b81c83d7-8ea1-475b-8c94-327913979a87,PreservedSpecimen,urn:uuid:5ee32d3a-767e-4c93-95ab-0d10f688dd7d,YPM ENT 150970, ,Animalia,Arthropoda,Insecta,Odonata,Libellulidae,Libellulidae,Pantala hymenaea,343717,"(Say, 1839)",Pantala,Pantala,Pantala hymenaea,hymenaea, , ,Fred C. Sibley, , , ,Animals and Plants: Invertebrates - Insects,0, ,Charles L. Remington, ,8/2/70 0:00,1970,8,2,214,0,8/2/70,ENT number 150970; lot count 1; male, , , , ,"{ ""solr_long_lat"": ""-119.917831,34.0584194"" }", , , , ,male,1, , , ,United States,California,Santa Barbara County, ,Santa Cruz,"Santa Cruz Island, Forney Cove",Santa Cruz, ,34.0584194,-119.917831,WGS84,676, , ,digital resource,VertNet, ,"provisional matching georeference from VertNet, 6 Feb 2015, LFG",0, , , , , , ,en, ,2/27/20 23:26,http://creativecommons.org/publicdomain/zero/1.0/, , ,urn:uuid:5b8cdae2-533a-42f0-bed7-708f4c86c206,http://www.cal-ibis.org:80/collections/individual/index.php?occid=1564061
1575913,Cal-IBIS,UMMZ,ummzi, ,b81c83d7-8ea1-475b-8c94-327913979a87,PreservedSpecimen,8a30b482-22f2-4d8d-9435-c3dee7c82203,UMMZI-00212739, ,Animalia,Arthropoda,Insecta,Odonata,LIBELLULIDAE,Libellulidae,Sympetrum corruptum,411020,"(Hagen, 1861)",Sympetrum,Sympetrum,Sympetrum corruptum,corruptum, , , , , , , ,0,|null|,C.H. Kennedy, ,8/2/15 0:00,1915,8,2,214,0,8/2/15, , , , , , , , , ,adult,F,0, , , ,United States,California,Santa Barbara Co., ,Santa Cruz,"Santa Cruz Island, Prisoner's Harbor",Santa Cruz, ,34.018597,-119.683651, ,0, , , , , , ,0, , , , , , , , ,8/4/15 0:00,http://creativecommons.org/publicdomain/zero/1.0/, , ,urn:uuid:ab70a9b0-2646-4423-813c-34c5117584b0,http://www.cal-ibis.org:80/collections/individual/index.php?occid=1575913
1575919,Cal-IBIS,UMMZ,ummzi, ,b81c83d7-8ea1-475b-8c94-327913979a87,PreservedSpecimen,af2953bd-7190-4509-b808-7809a1020c15,UMMZI-00233865, ,Animalia,Arthropoda,Insecta,Odonata,LIBELLULIDAE,Libellulidae,Sympetrum corruptum,411020,"(Hagen, 1861)",Sympetrum,Sympetrum,Sympetrum corruptum,corruptum, , , , , , , ,0,|null|,C.H. Kennedy, ,8/2/15 0:00,1915,8,2,214,0,8/2/15, , , , , , , , , ,adult,M,0, , , ,United States,California,Santa Barbara Co., ,Santa Cruz,"Santa Cruz Island, Prisoner's Harbor",Santa Cruz, ,34.018597,-119.683651, ,0, , , , , , ,0, , , , , , , , ,8/4/15 0:00,http://creativecommons.org/publicdomain/zero/1.0/, , ,urn:uuid:d72e2d99-8f51-4705-a0eb-64be1de1f467,http://www.cal-ibis.org:80/collections/individual/index.php?occid=1575919
1575912,Cal-IBIS,UMMZ,ummzi, ,b81c83d7-8ea1-475b-8c94-327913979a87,PreservedSpecimen,c1709e99-9d16-4cdd-8d10-133c2bd718f4,UMMZI-00212738, ,Animalia,Arthropoda,Insecta,Odonata,LIBELLULIDAE,Libellulidae,Sympetrum corruptum,411020,"(Hagen, 1861)",Sympetrum,Sympetrum,Sympetrum corruptum,corruptum, , , , , , , ,0,|null|,C.H. Kennedy, ,8/2/15 0:00,1915,8,2,214,0,8/2/15, , , , , , , , , ,adult,F,0, , , ,United States,California,Santa Barbara Co., ,Santa Cruz,"Santa Cruz Island, Prisoner's Harbor",Santa Cruz, ,34.018597,-119.683651, ,0, , , , , , ,0, , , , , , , , ,8/4/15 0:00,http://creativecommons.org/publicdomain/zero/1.0/, , ,urn:uuid:092c598c-4ecc-4414-9e96-44876e7e0786,http://www.cal-ibis.org:80/collections/individual/index.php?occid=1575912
1566155,Cal-IBIS,EMEC,EMEC, ,b81c83d7-8ea1-475b-8c94-327913979a87,PreservedSpecimen,urn:catalog:EMEC:EMEC:1035818,EMEC1035818, ,Animalia,Arthropoda,Insecta,Odonata,Libellulidae,Libellulidae,Sympetrum illotum,411025,"(Hagen, 1861)",Sympetrum,Sympetrum,Sympetrum illotum,illotum, , , , , , , ,0, ,Joan Ball, ,8/19/12 0:00,2012,8,19,232,0,8/19/12, , , , , , , , , ,adult, ,1, , ,envelope,United States,California,Santa Barbara County, ,Santa Cruz,"Santa Cruz Island, Prisoners Harbor, Central Valley Canyon",Santa Cruz, ,34.00153,-119.71461,WGS1984,3, , , , , , ,0, , , , , , , , ,10/12/20 7:43,http://creativecommons.org/publicdomain/zero/1.0/, , ,urn:uuid:a34904cf-117b-410d-9d82-0b7a2f035cf7,http://www.cal-ibis.org:80/collections/individual/index.php?occid=1566155
1566156,Cal-IBIS,EMEC,EMEC, ,b81c83d7-8ea1-475b-8c94-327913979a87,PreservedSpecimen,urn:catalog:EMEC:EMEC:1035819,EMEC1035819, ,Animalia,Arthropoda,Insecta,Odonata,Libellulidae,Libellulidae,Sympetrum illotum,411025,"(Hagen, 1861)",Sympetrum,Sympetrum,Sympetrum illotum,illotum, , , , , , , ,0, ,Joan Ball, ,8/19/12 0:00,2012,8,19,232,0,8/19/12, , , , , , , , , ,adult, ,1, , ,envelope,United States,California,Santa Barbara County, ,Santa Cruz,"Santa Cruz Island, Prisoners Harbor, Central Valley Canyon",Santa Cruz, ,34.00153,-119.71461,WGS1984,3, , , , , , ,0, , , , , , , , ,10/12/20 7:43,http://creativecommons.org/publicdomain/zero/1.0/, , ,urn:uuid:0ccd316d-5e3e-47d5-94c9-445a85d88514,http://www.cal-ibis.org:80/collections/individual/index.php?occid=1566156
1575918,Cal-IBIS,UMMZ,ummzi, ,b81c83d7-8ea1-475b-8c94-327913979a87,PreservedSpecimen,624314e9-61ee-48f5-91de-86392a4bba30,UMMZI-00232201, ,Animalia,Arthropoda,Insecta,Odonata,LIBELLULIDAE,Libellulidae,Sympetrum illotum,411025,"(Hagen, 1861)",Sympetrum,Sympetrum,Sympetrum illotum,illotum, , , , , , , ,0,|null|,C.H. Kennedy, ,8/2/15 0:00,1915,8,2,214,0,8/2/15, , , , , , , , , ,adult,M,0, , , ,United States,California,Santa Barbara Co., ,Santa Cruz,"Santa Cruz Island, Prisoner's Harbor",Santa Cruz, ,34.018597,-119.683651, ,0, , , , , , ,0, , , , , , , , ,8/4/15 0:00,http://creativecommons.org/publicdomain/zero/1.0/, , ,urn:uuid:b34342b7-f6fb-4120-b051-4381c905762e,http://www.cal-ibis.org:80/collections/individual/index.php?occid=1575918
1575914,Cal-IBIS,UMMZ,ummzi, ,b81c83d7-8ea1-475b-8c94-327913979a87,PreservedSpecimen,9dd439bb-56e1-4bb8-85a6-0b987104644c,UMMZI-00212822, ,Animalia,Arthropoda,Insecta,Odonata,LIBELLULIDAE,Libellulidae,Sympetrum illotum,411025,"(Hagen, 1861)",Sympetrum,Sympetrum,Sympetrum illotum,illotum, , , , , , , ,0,|null|,C.H. Kennedy, ,8/2/15 0:00,1915,8,2,214,0,8/2/15, , , , , , , , , ,adult,M,0, , , ,United States,California,Santa Barbara Co., ,Santa Cruz,"Santa Cruz Island, Prisoner's Harbor",Santa Cruz, ,34.018597,-119.683651, ,0, , , , , , ,0, , , , , , , , ,8/4/15 0:00,http://creativecommons.org/publicdomain/zero/1.0/, , ,urn:uuid:d129778b-7d0d-41d7-b453-4a6ac76fe6b4,http://www.cal-ibis.org:80/collections/individual/index.php?occid=1575914
1575915,Cal-IBIS,UMMZ,ummzi, ,b81c83d7-8ea1-475b-8c94-327913979a87,PreservedSpecimen,b1868e8d-cc5f-4815-bcbd-a4d6a136bde2,UMMZI-00212823, ,Animalia,Arthropoda,Insecta,Odonata,LIBELLULIDAE,Libellulidae,Sympetrum illotum,411025,"(Hagen, 1861)",Sympetrum,Sympetrum,Sympetrum illotum,illotum, , , , , , , ,0,|null|,C.H. Kennedy, ,8/2/15 0:00,1915,8,2,214,0,8/2/15, , , , , , , , , ,adult,M,0, , , ,United States,California,Santa Barbara Co., ,Santa Cruz,"Santa Cruz Island, Prisoner's Harbor",Santa Cruz, ,34.018597,-119.683651, ,0, , , , , , ,0, , , , , , , , ,8/4/15 0:00,http://creativecommons.org/publicdomain/zero/1.0/, , ,urn:uuid:ea8382fc-123d-4def-a6cf-14a6fa117416,http://www.cal-ibis.org:80/collections/individual/index.php?occid=1575915