Institution Accession Number ,Country,State,County,Island,Locality Detail,Collector(s),Order,Family,Subfamily,Genus,Subgenus,Species,Subspecies,scientificName,original_date,month,day_arabic,year,TO Date Collected,day_messy,month_messy,Drawer,Survey,Sex,Collecting Remarks,Type,Curation Remarks,Stage,Elevation
LACM ENT 424496,USA,CA,Santa Barbara,Santa Cruz,,,Orthoptera,Tetrigidae,,Paratettix,,mexicanus,,Paratettix mexicanus ,16.viii.1939,8,16,1939,,16,viii,26P-04616,Channel Islands Survey,,,,,,
LACM ENT 424497,USA,CA,Santa Barbara,Santa Cruz,,L.M. Martin,Orthoptera,Tetrigidae,,Paratettix,,mexicanus,,Paratettix mexicanus ,15.viii.1939,8,15,1939,,15,viii,26P-04616,Channel Islands Survey,,,,,,
LACM ENT 424498,USA,CA,Santa Barbara,Santa Cruz,,,Orthoptera,Tetrigidae,,Paratettix,,mexicanus,,Paratettix mexicanus ,14.viii.1939,8,14,1939,,14,viii,26P-04616,Channel Islands Survey,,,,,,
LACM ENT 424499,USA,CA,Santa Barbara,Santa Cruz,,,Orthoptera,Tetrigidae,,Paratettix,,mexicanus,,Paratettix mexicanus ,13.viii.1939,8,13,1939,,13,viii,26P-04616,Channel Islands Survey,,,,,,
LACM ENT 424500,USA,CA,Santa Barbara,Santa Cruz,,,Orthoptera,Tetrigidae,,Paratettix,,mexicanus,,Paratettix mexicanus ,16.viii.1939,8,16,1939,,16,viii,26P-04616,Channel Islands Survey,,,,,,
LACM ENT 424501,USA,CA,Santa Barbara,Santa Cruz,,,Orthoptera,Tetrigidae,,Paratettix,,mexicanus,,Paratettix mexicanus ,16.viii.1939,8,16,1939,,16,viii,26P-04616,Channel Islands Survey,,,,,,
LACM ENT 424502,USA,CA,Santa Barbara,Santa Cruz,,,Orthoptera,Tetrigidae,,Paratettix,,mexicanus,,Paratettix mexicanus ,14.viii.1939,8,14,1939,,14,viii,26P-04616,Channel Islands Survey,,,,,,
LACM ENT 424503,USA,CA,Los Angeles,Santa Catalina,Ben Weston Beach,"CD Nagano, JN Hogue",Orthoptera,Tetrigidae,,Paratettix,,mexicanus,,Paratettix mexicanus ,8.viii.1980,8,8,1980,10.viii.1980,8,viii,26P-04616,Channel Islands Survey,,,,,,
LACM ENT 424504,USA,CA,Los Angeles,Santa Catalina,Ben Weston Beach,"CD Nagano, JN Hogue",Orthoptera,Tetrigidae,,Paratettix,,mexicanus,,Paratettix mexicanus ,8.viii.1980,8,8,1980,10.viii.1980,8,viii,26P-04616,Channel Islands Survey,,,,,,
LACM ENT 424505,USA,CA,Los Angeles,Santa Catalina,Ben Weston Beach,"CD Nagano, JN Hogue",Orthoptera,Tetrigidae,,Paratettix,,mexicanus,,Paratettix mexicanus ,8.viii.1980,8,8,1980,10.viii.1980,8,viii,26P-04616,Channel Islands Survey,,,,,,
LACM ENT 424506,USA,CA,Los Angeles,Santa Catalina,Ben Weston Beach,"CD Nagano, JN Hogue",Orthoptera,Tetrigidae,,Paratettix,,mexicanus,,Paratettix mexicanus ,8.viii.1980,8,8,1980,10.viii.1980,8,viii,26P-04616,Channel Islands Survey,,,,,,
LACM ENT 424507,USA,CA,Los Angeles,Santa Catalina,Ben Weston Beach,"CD Nagano, JN Hogue",Orthoptera,Tetrigidae,,Paratettix,,mexicanus,,Paratettix mexicanus ,8.viii.1980,8,8,1980,10.viii.1980,8,viii,26P-04616,Channel Islands Survey,,,,,,
LACM ENT 424508,USA,CA,Los Angeles,Santa Catalina,Ben Weston Beach,"CD Nagano, JN Hogue",Orthoptera,Tetrigidae,,Paratettix,,mexicanus,,Paratettix mexicanus ,8.viii.1980,8,8,1980,10.viii.1980,8,viii,26P-04616,Channel Islands Survey,,,,,,
LACM ENT 424509,USA,CA,Los Angeles,Santa Catalina,Ben Weston Beach,"CD Nagano, JN Hogue",Orthoptera,Tetrigidae,,Paratettix,,mexicanus,,Paratettix mexicanus ,8.viii.1980,8,8,1980,10.viii.1980,8,viii,26P-04616,Channel Islands Survey,,,,,,
LACM ENT 424510,USA,CA,Los Angeles,Santa Catalina,Ben Weston Beach,"CD Nagano, JN Hogue",Orthoptera,Tetrigidae,,Paratettix,,mexicanus,,Paratettix mexicanus ,8.viii.1980,8,8,1980,10.viii.1980,8,viii,26P-04616,Channel Islands Survey,,,,,,
LACM ENT 424511,USA,CA,Los Angeles,Santa Catalina,Ben Weston Beach,"CD Nagano, JN Hogue",Orthoptera,Tetrigidae,,Paratettix,,mexicanus,,Paratettix mexicanus ,8.viii.1980,8,8,1980,10.viii.1980,8,viii,26P-04616,Channel Islands Survey,,,,,,
LACM ENT 424512,USA,CA,Los Angeles,Santa Catalina,Ben Weston Beach,"CD Nagano, JN Hogue",Orthoptera,Tetrigidae,,Paratettix,,mexicanus,,Paratettix mexicanus ,8.viii.1980,8,8,1980,10.viii.1980,8,viii,26P-04616,Channel Islands Survey,,,,,,
LACM ENT 424513,USA,CA,Los Angeles,Santa Catalina,Ben Weston Beach,"CD Nagano, JN Hogue",Orthoptera,Tetrigidae,,Paratettix,,mexicanus,,Paratettix mexicanus ,8.viii.1980,8,8,1980,10.viii.1980,8,viii,26P-04616,Channel Islands Survey,,,,,,
LACM ENT 424514,USA,CA,Los Angeles,Santa Catalina,Ben Weston Beach,"CD Nagano, JN Hogue",Orthoptera,Tetrigidae,,Paratettix,,mexicanus,,Paratettix mexicanus ,8.viii.1980,8,8,1980,10.viii.1980,8,viii,26P-04616,Channel Islands Survey,,,,,,
LACM ENT 424515,USA,CA,Los Angeles,Santa Catalina,Ben Weston Beach,"CD Nagano, JN Hogue",Orthoptera,Tetrigidae,,Paratettix,,mexicanus,,Paratettix mexicanus ,8.viii.1980,8,8,1980,10.viii.1980,8,viii,26P-04616,Channel Islands Survey,,,,,,
LACM ENT 424516,USA,CA,Los Angeles,Santa Catalina,Ben Weston Beach,"CD Nagano, JN Hogue",Orthoptera,Tetrigidae,,Paratettix,,mexicanus,,Paratettix mexicanus ,8.viii.1980,8,8,1980,10.viii.1980,8,viii,26P-04616,Channel Islands Survey,,,,,,
LACM ENT 424517,USA,CA,Los Angeles,Santa Catalina,Ben Weston Beach,"CD Nagano, JN Hogue",Orthoptera,Tetrigidae,,Paratettix,,mexicanus,,Paratettix mexicanus ,8.viii.1980,8,8,1980,10.viii.1980,8,viii,26P-04616,Channel Islands Survey,,,,,,
LACM ENT 424518,USA,CA,Los Angeles,Santa Catalina,Ben Weston Beach,"CD Nagano, JN Hogue",Orthoptera,Tetrigidae,,Paratettix,,mexicanus,,Paratettix mexicanus ,8.viii.1980,8,8,1980,10.viii.1980,8,viii,26P-04616,Channel Islands Survey,,,,,,
LACM ENT 424519,USA,CA,Los Angeles,Santa Catalina,Ben Weston Beach,"CD Nagano, JN Hogue",Orthoptera,Tetrigidae,,Paratettix,,mexicanus,,Paratettix mexicanus ,8.viii.1980,8,8,1980,10.viii.1980,8,viii,26P-04616,Channel Islands Survey,,,,,,
LACM ENT 424520,USA,CA,Los Angeles,Santa Catalina,Ben Weston Beach,"CD Nagano, JN Hogue",Orthoptera,Tetrigidae,,Paratettix,,mexicanus,,Paratettix mexicanus ,8.viii.1980,8,8,1980,10.viii.1980,8,viii,26P-04616,Channel Islands Survey,,,,,,
LACM ENT 424521,USA,CA,Los Angeles,Santa Catalina,Ben Weston Beach,"CD Nagano, JN Hogue",Orthoptera,Tetrigidae,,Paratettix,,mexicanus,,Paratettix mexicanus ,8.viii.1980,8,8,1980,10.viii.1980,8,viii,26P-04616,Channel Islands Survey,,,,,,
LACM ENT 424522,USA,CA,Los Angeles,Santa Catalina,Ben Weston Beach,"CD Nagano, JN Hogue",Orthoptera,Tetrigidae,,Paratettix,,mexicanus,,Paratettix mexicanus ,8.viii.1980,8,8,1980,10.viii.1980,8,viii,26P-04616,Channel Islands Survey,,,,,,
LACM ENT 424523,USA,CA,Los Angeles,Santa Catalina,Ben Weston Beach,"CD Nagano, JN Hogue",Orthoptera,Tetrigidae,,Paratettix,,mexicanus,,Paratettix mexicanus ,8.viii.1980,8,8,1980,10.viii.1980,8,viii,26P-04616,Channel Islands Survey,,,,,,
LACM ENT 424524,USA,CA,Los Angeles,Santa Catalina,Toyon Canyon,S. Bennett,Orthoptera,Tetrigidae,,Paratettix,,mexicanus,,Paratettix mexicanus ,4.x.1983,10,4,1983,,4,x,26P-04616,Channel Islands Survey,,,,,,
LACM ENT 424525,USA,CA,Los Angeles,Santa Catalina,Toyon Bay,S. Bennett,Orthoptera,Tetrigidae,,Paratettix,,mexicanus,,Paratettix mexicanus ,22.v.1982,5,22,1982,,22,v,26P-04616,Channel Islands Survey,,,,,,
LACM ENT 424526,USA,CA,Los Angeles,Santa Catalina,"Catalina Island Marine Institute, Toyon Bay",S. Bennett,Orthoptera,Tetrigidae,,Paratettix,,mexicanus,,Paratettix mexicanus ,9.x.1983,10,9,1983,,9,x,26P-04616,Channel Islands Survey,,Blacklight,,,,
LACM ENT 424527,USA,CA,Los Angeles,Santa Catalina,Toyon Canyon,S. Bennett,Orthoptera,Acrididae,,Schistocerca,,nitens,nitens,Schistocerca nitens nitens,13.xi.1981,11,13,1981,,13,xi,26P-04616,Channel Islands Survey,F,,,,,
LACM ENT 424528,USA,CA,Ventura,San Nicolas,Sea Lion Beach,"S Miller, K Cheesman",Orthoptera,Acrididae,,Schistocerca,,nitens,nitens,Schistocerca nitens nitens,29.xii.1979,12,29,1979,,29,xii,26P-04616,Channel Islands Survey,F,,,,,
LACM ENT 424529,USA,CA,Los Angeles,Santa Catalina,Toyon Bay,S. Bennett,Orthoptera,Acrididae,,Schistocerca,,nitens,nitens,Schistocerca nitens nitens,25.viii.1981,8,25,1981,,25,viii,26P-04616,Channel Islands Survey,F,,,,,
LACM ENT 424530,USA,CA,Los Angeles,Santa Catalina,Avalon,S. Bennett,Orthoptera,Acrididae,,Schistocerca,,nitens,nitens,Schistocerca nitens nitens,19.ix.1985,9,19,1985,,19,ix,26P-04616,Channel Islands Survey,,,,,,
LACM ENT 424531,USA,CA,Santa Barbara,Santa Cruz,Pelican Bay,J.C. von Bloeker,Orthoptera,Acrididae,,Schistocerca,,nitens,nitens,Schistocerca nitens nitens,22.iii.1941,3,22,1941,29.iii.1941,22,iii,26P-04616,Channel Islands Survey,,,,,,
LACM ENT 424532,USA,CA,Ventura,Anacapa,,C. Henne,Orthoptera,Acrididae,,Schistocerca,,nitens,nitens,Schistocerca nitens nitens,23.viii.1940,8,23,1940,,23,viii,26P-04616,Channel Islands Survey,,On grass,,,,
LACM ENT 424533,USA,CA,Ventura,Anacapa,,C. Henne,Orthoptera,Acrididae,,Schistocerca,,nitens,nitens,Schistocerca nitens nitens,20.viii.1940,8,20,1940,,20,viii,26P-04616,Channel Islands Survey,,On grass,,,,
LACM ENT 424534,USA,CA,Ventura,Anacapa,,C. Henne,Orthoptera,Acrididae,,Schistocerca,,nitens,nitens,Schistocerca nitens nitens,22.viii.1940,8,22,1940,,22,viii,26P-04616,Channel Islands Survey,,On grass,,,,
LACM ENT 424535,USA,CA,Ventura,Anacapa,,C. Henne,Orthoptera,Acrididae,,Schistocerca,,nitens,nitens,Schistocerca nitens nitens,22.viii.1940,8,22,1940,,22,viii,26P-04616,Channel Islands Survey,,,,,,
LACM ENT 424536,USA,CA,Santa Barbara,Santa Rosa,Beechers Bay,J.C. von Bloeker,Orthoptera,Acrididae,,Melanoplus,,cinereus,cyanipes,Melanoplus cinereus cyanipes,1.iv.1941,4,1,1941,3.iv.1941,1,iv,26P-04616,Channel Islands Survey,M,,,,,
LACM ENT 424537,USA,CA,Santa Barbara,Santa Rosa,Beechers Bay,J.C. von Bloeker,Orthoptera,Acrididae,,Melanoplus,,cinereus,cyanipes,Melanoplus cinereus cyanipes,1.iv.1941,4,1,1941,3.iv.1941,1,iv,26P-04616,Channel Islands Survey,M,,,,,
LACM ENT 424538,USA,CA,Ventura,Anacapa,,C. Henne,Orthoptera,Acrididae,,Melanoplus,,cinereus,cyanipes,Melanoplus cinereus cyanipes,16.viii.1940,8,16,1940,,16,viii,26P-04616,Channel Islands Survey,M,,,,,
LACM ENT 424539,USA,CA,Ventura,Anacapa,,C. Henne,Orthoptera,Acrididae,,Melanoplus,,cinereus,cyanipes,Melanoplus cinereus cyanipes,16.viii.1940,8,16,1940,,16,viii,26P-04616,Channel Islands Survey,M,,,,,
LACM ENT 424540,USA,CA,Ventura,Anacapa,,C. Henne,Orthoptera,Acrididae,,Melanoplus,,cinereus,cyanipes,Melanoplus cinereus cyanipes,16.viii.1940,8,16,1940,,16,viii,26P-04616,Channel Islands Survey,M,,,,,
LACM ENT 424541,USA,CA,Ventura,Anacapa,,C. Henne,Orthoptera,Acrididae,,Melanoplus,,cinereus,cyanipes,Melanoplus cinereus cyanipes,16.viii.1940,8,16,1940,,16,viii,26P-04616,Channel Islands Survey,M,,,,,
LACM ENT 424542,USA,CA,Santa Barbara,San Miguel,,,Orthoptera,Acrididae,,Melanoplus,,devastator,,Melanoplus devastator ,29.vii.1939,7,29,1939,,29,vii,26P-04616,Channel Islands Survey,,,,,,
LACM ENT 424543,USA,CA,Santa Barbara,San Miguel,,,Orthoptera,Acrididae,,Melanoplus,,devastator,,Melanoplus devastator ,29.vii.1939,7,29,1939,,29,vii,26P-04616,Channel Islands Survey,,,,,,
LACM ENT 424544,USA,CA,Santa Barbara,San Miguel,,,Orthoptera,Acrididae,,Melanoplus,,devastator,,Melanoplus devastator ,29.vii.1939,7,29,1939,,29,vii,26P-04616,Channel Islands Survey,,,,,,
LACM ENT 424545,USA,CA,Santa Barbara,San Miguel,,,Orthoptera,Acrididae,,Melanoplus,,devastator,,Melanoplus devastator ,31.vii.1939,7,31,1939,,31,vii,26P-04616,Channel Islands Survey,,,,,,
LACM ENT 424546,USA,CA,Santa Barbara,San Miguel,,,Orthoptera,Acrididae,,Melanoplus,,devastator,,Melanoplus devastator ,29.vii.1939,7,29,1939,,29,vii,26P-04616,Channel Islands Survey,,,,,,
LACM ENT 424547,USA,CA,Santa Barbara,San Miguel,,,Orthoptera,Acrididae,,Melanoplus,,devastator,,Melanoplus devastator ,31.vii.1939,7,31,1939,,31,vii,26P-04616,Channel Islands Survey,,,,,,
LACM ENT 424548,USA,CA,Santa Barbara,San Miguel,,,Orthoptera,Acrididae,,Melanoplus,,devastator,,Melanoplus devastator ,1.viii.1939,8,1,1939,,1,viii,26P-04616,Channel Islands Survey,,,,,,
LACM ENT 424549,USA,CA,Santa Barbara,San Miguel,,,Orthoptera,Acrididae,,Melanoplus,,devastator,,Melanoplus devastator ,25.vii.1939,7,25,1939,,25,vii,26P-04616,Channel Islands Survey,,,,,,
LACM ENT 424550,USA,CA,Santa Barbara,San Miguel,,,Orthoptera,Acrididae,,Melanoplus,,devastator,,Melanoplus devastator ,29.vii.1939,7,29,1939,,29,vii,26P-04616,Channel Islands Survey,,,,,,
LACM ENT 424551,USA,CA,Santa Barbara,San Miguel,,,Orthoptera,Acrididae,,Melanoplus,,devastator,,Melanoplus devastator ,30.vii.1939,7,30,1939,,30,vii,26P-04616,Channel Islands Survey,,,,,,
LACM ENT 424552,USA,CA,Santa Barbara,San Miguel,,,Orthoptera,Acrididae,,Melanoplus,,devastator,,Melanoplus devastator ,29.vii.1939,7,29,1939,,29,vii,26P-04616,Channel Islands Survey,,,,,,
LACM ENT 424553,USA,CA,Santa Barbara,San Miguel,,,Orthoptera,Acrididae,,Melanoplus,,devastator,,Melanoplus devastator ,1.viii.1939,8,1,1939,,1,viii,26P-04616,Channel Islands Survey,,,,,,
LACM ENT 424554,USA,CA,Santa Barbara,San Miguel,,,Orthoptera,Acrididae,,Melanoplus,,devastator,,Melanoplus devastator ,1.viii.1939,8,1,1939,,1,viii,26P-04616,Channel Islands Survey,,,,,,
LACM ENT 424555,USA,CA,Santa Barbara,San Miguel,,,Orthoptera,Acrididae,,Melanoplus,,devastator,,Melanoplus devastator ,1.viii.1939,8,1,1939,,1,viii,26P-04616,Channel Islands Survey,,,,,,
LACM ENT 424556,USA,CA,Santa Barbara,San Miguel,,,Orthoptera,Acrididae,,Melanoplus,,devastator,,Melanoplus devastator ,1.viii.1939,8,1,1939,,1,viii,26P-04616,Channel Islands Survey,,,,,,
LACM ENT 424557,USA,CA,Santa Barbara,San Miguel,,,Orthoptera,Acrididae,,Melanoplus,,devastator,,Melanoplus devastator ,1.viii.1939,8,1,1939,,1,viii,26P-04616,Channel Islands Survey,,,,,,
LACM ENT 424558,USA,CA,Santa Barbara,San Miguel,,,Orthoptera,Acrididae,,Melanoplus,,devastator,,Melanoplus devastator ,1.viii.1939,8,1,1939,,1,viii,26P-04616,Channel Islands Survey,,,,,,
LACM ENT 424559,USA,CA,Santa Barbara,San Miguel,,,Orthoptera,Acrididae,,Melanoplus,,devastator,,Melanoplus devastator ,1.viii.1939,8,1,1939,,1,viii,26P-04616,Channel Islands Survey,,,,,,
LACM ENT 424560,USA,CA,Santa Barbara,San Miguel,,,Orthoptera,Acrididae,,Melanoplus,,devastator,,Melanoplus devastator ,1.viii.1939,8,1,1939,,1,viii,26P-04616,Channel Islands Survey,,,,,,
LACM ENT 424561,USA,CA,Santa Barbara,Santa Rosa,,,Orthoptera,Acrididae,,Melanoplus,,devastator,,Melanoplus devastator ,7.vii.1939,7,7,1939,,7,vii,26P-04616,Channel Islands Survey,,,,,,
LACM ENT 424562,USA,CA,Santa Barbara,Santa Rosa,,,Orthoptera,Acrididae,,Melanoplus,,devastator,,Melanoplus devastator ,5.vii.1939,7,5,1939,,5,vii,26P-04616,Channel Islands Survey,,,,,,
LACM ENT 424563,USA,CA,Santa Barbara,Santa Rosa,,,Orthoptera,Acrididae,,Melanoplus,,devastator,,Melanoplus devastator ,7.vii.1939,7,7,1939,,7,vii,26P-04616,Channel Islands Survey,,,,,,
LACM ENT 424564,USA,CA,Santa Barbara,Santa Rosa,,,Orthoptera,Acrididae,,Melanoplus,,devastator,,Melanoplus devastator ,8.vii.1939,7,8,1939,,8,vii,26P-04616,Channel Islands Survey,,,,,,
LACM ENT 424565,USA,CA,Santa Barbara,Santa Rosa,,,Orthoptera,Acrididae,,Melanoplus,,devastator,,Melanoplus devastator ,5.vii.1939,7,5,1939,,5,vii,26P-04616,Channel Islands Survey,,,,,,
LACM ENT 424566,USA,CA,Santa Barbara,Santa Rosa,,,Orthoptera,Acrididae,,Melanoplus,,devastator,,Melanoplus devastator ,5.vii.1939,7,5,1939,,5,vii,26P-04616,Channel Islands Survey,,,,,,
LACM ENT 424567,USA,CA,Santa Barbara,Santa Rosa,,,Orthoptera,Acrididae,,Melanoplus,,devastator,,Melanoplus devastator ,7.vii.1939,7,7,1939,,7,vii,26P-04616,Channel Islands Survey,,,,,,
LACM ENT 424568,USA,CA,Santa Barbara,Santa Rosa,,,Orthoptera,Acrididae,,Melanoplus,,devastator,,Melanoplus devastator ,6.vii.1939,7,6,1939,,6,vii,26P-04616,Channel Islands Survey,,,,,,
LACM ENT 424569,USA,CA,Santa Barbara,Santa Rosa,,,Orthoptera,Acrididae,,Melanoplus,,devastator,,Melanoplus devastator ,7.vii.1939,7,7,1939,,7,vii,26P-04616,Channel Islands Survey,,,,No head,,
LACM ENT 424570,USA,CA,Santa Barbara,San Miguel,,J.C. von Bloeker,Orthoptera,Acrididae,,Melanoplus,,devastator,,Melanoplus devastator ,3.viii.1939,8,3,1939,,3,viii,26P-04616,Channel Islands Survey,M,,,,,
LACM ENT 424571,USA,CA,Santa Barbara,San Miguel,,J.P. Donahue,Orthoptera,Acrididae,,Melanoplus,,devastator,,Melanoplus devastator ,17.viii.1970,8,17,1970,,17,viii,26P-04616,Channel Islands Survey,M,,,,,
LACM ENT 424572,USA,CA,Santa Barbara,San Miguel,,J.P. Donahue,Orthoptera,Acrididae,,Melanoplus,,devastator,,Melanoplus devastator ,17.viii.1970,8,17,1970,,17,viii,26P-04616,Channel Islands Survey,M,,,,,
LACM ENT 424573,USA,CA,Los Angeles,Santa Catalina,Isthmus,F.R. Fosberg,Orthoptera,Acrididae,,Melanoplus,,devastator,,Melanoplus devastator ,vii.1931,6,7,1931,,vii,,26P-04616,Channel Islands Survey,M,,,,,
LACM ENT 424574,USA,CA,Los Angeles,Santa Catalina,USC Marine Science Center,"CD Nagano, JN Hogue",Orthoptera,Acrididae,,Melanoplus,,devastator,,Melanoplus devastator ,10.viii.1980,8,10,1980,,10,viii,26P-04616,Channel Islands Survey,M,,,,,
LACM ENT 424575,USA,CA,Los Angeles,Santa Catalina,"Catalina Island Marine Institute, Toyon Bay",S. Bennett,Orthoptera,Acrididae,,Melanoplus,,devastator,,Melanoplus devastator ,9.x.1983,10,9,1983,,9,x,26P-04616,Channel Islands Survey,M,,,,,
LACM ENT 424576,USA,CA,Los Angeles,Santa Catalina,Whites Landing,J.P. Donahue,Orthoptera,Acrididae,,Melanoplus,,devastator,,Melanoplus devastator ,22.viii.1970,8,22,1970,,22,viii,26P-04616,Channel Islands Survey,M,,,,,
LACM ENT 424577,USA,CA,Santa Barbara,Santa Rosa,,J.C. von Bloeker,Orthoptera,Acrididae,,Melanoplus,,,,Melanoplus  ,2.iv.1941,4,2,1941,,2,iv,26P-04616,Channel Islands Survey,,,,,,
LACM ENT 424578,USA,CA,Santa Barbara,Santa Rosa,,J.C. von Bloeker,Orthoptera,Acrididae,,Melanoplus,,,,Melanoplus  ,2.iv.1941,4,2,1941,,2,iv,26P-04616,Channel Islands Survey,,,,,,
LACM ENT 424579,USA,CA,Santa Barbara,San Miguel,,J.C. von Bloeker,Orthoptera,Acrididae,,Melanoplus,,,,Melanoplus  ,3.viii.1939,8,3,1939,,3,viii,26P-04616,Channel Islands Survey,,,,,,
LACM ENT 424580,USA,CA,Santa Barbara,Santa Rosa,,G.P. Kanakoff,Orthoptera,Acrididae,,Melanoplus,,,,Melanoplus  ,5.iv.1941,4,5,1941,,5,iv,26P-04616,Channel Islands Survey,,,,,,
LACM ENT 424581,USA,CA,Santa Barbara,Santa Rosa,Beechers Bay,W.D. Pierce,Orthoptera,Acrididae,,Melanoplus,,,,Melanoplus  ,4.iv.1941,4,4,1941,,4,iv,26P-04616,Channel Islands Survey,,,,,,
LACM ENT 424582,USA,CA,Santa Barbara,San Miguel,,J.C. von Bloeker,Orthoptera,Acrididae,,Melanoplus,,,,Melanoplus  ,3.viii.1939,8,3,1939,,3,viii,26P-04616,Channel Islands Survey,,,,,,
LACM ENT 424583,USA,CA,Ventura,Anacapa,,C. Henne,Orthoptera,Acrididae,,Melanoplus,,,,Melanoplus  ,16.viii.1940,8,16,1940,,16,viii,26P-04616,Channel Islands Survey,,,,,,
LACM ENT 424584,USA,CA,Ventura,Anacapa,,C. Henne,Orthoptera,Acrididae,,Melanoplus,,,,Melanoplus  ,16.viii.1940,8,16,1940,,16,viii,26P-04616,Channel Islands Survey,,,,,,
LACM ENT 424585,USA,CA,Santa Barbara,San Miguel,,,Orthoptera,Acrididae,,Camnula,,pellucida,,Camnula pellucida ,31.vii.1939,7,31,1939,,31,vii,26P-04616,Channel Islands Survey,,,,,,
LACM ENT 424586,USA,CA,Santa Barbara,San Miguel,,,Orthoptera,Acrididae,,Camnula,,pellucida,,Camnula pellucida ,31.vii.1939,7,31,1939,,31,vii,26P-04616,Channel Islands Survey,,,,,,
LACM ENT 424587,USA,CA,Santa Barbara,San Miguel,,,Orthoptera,Acrididae,,Camnula,,pellucida,,Camnula pellucida ,25.viii.1939,8,25,1939,,25,viii,26P-04616,Channel Islands Survey,,,,,,
LACM ENT 424588,USA,CA,Santa Barbara,San Miguel,,,Orthoptera,Acrididae,,Camnula,,pellucida,,Camnula pellucida ,1.viii.1939,8,1,1939,,1,viii,26P-04616,Channel Islands Survey,,,,,,
LACM ENT 424589,USA,CA,Santa Barbara,San Miguel,,,Orthoptera,Acrididae,,Camnula,,pellucida,,Camnula pellucida ,1.viii.1939,8,1,1939,,1,viii,26P-04616,Channel Islands Survey,,,,,,
LACM ENT 424590,USA,CA,Santa Barbara,San Miguel,,,Orthoptera,Acrididae,,Camnula,,pellucida,,Camnula pellucida ,30.vii.1939,7,30,1939,,30,vii,26P-04616,Channel Islands Survey,,,,,,
LACM ENT 424591,USA,CA,Santa Barbara,San Miguel,,,Orthoptera,Acrididae,,Camnula,,pellucida,,Camnula pellucida ,29.vii.1939,7,29,1939,,29,vii,26P-04616,Channel Islands Survey,,,,,,
LACM ENT 424592,USA,CA,Santa Barbara,San Miguel,,,Orthoptera,Acrididae,,Camnula,,pellucida,,Camnula pellucida ,29.vii.1939,7,29,1939,,29,vii,26P-04616,Channel Islands Survey,,,,,,
LACM ENT 424593,USA,CA,Santa Barbara,San Miguel,,,Orthoptera,Acrididae,,Camnula,,pellucida,,Camnula pellucida ,31.vii.1939,7,31,1939,,31,vii,26P-04616,Channel Islands Survey,,,,,,
LACM ENT 424594,USA,CA,Santa Barbara,San Miguel,,,Orthoptera,Acrididae,,Camnula,,pellucida,,Camnula pellucida ,31.vii.1939,7,31,1939,,31,vii,26P-04616,Channel Islands Survey,,,,,,
LACM ENT 424595,USA,CA,Santa Barbara,San Miguel,,,Orthoptera,Acrididae,,Camnula,,pellucida,,Camnula pellucida ,1.viii.1939,8,1,1939,,1,viii,26P-04616,Channel Islands Survey,,,,,,
LACM ENT 424596,USA,CA,Santa Barbara,San Miguel,,,Orthoptera,Acrididae,,Camnula,,pellucida,,Camnula pellucida ,30.vii.1939,7,30,1939,,30,vii,26P-04616,Channel Islands Survey,,,,,,
LACM ENT 424597,USA,CA,Santa Barbara,San Miguel,,,Orthoptera,Acrididae,,Camnula,,pellucida,,Camnula pellucida ,31.vii.1939,7,31,1939,,31,vii,26P-04616,Channel Islands Survey,,,,,,
LACM ENT 424598,USA,CA,Santa Barbara,San Miguel,,,Orthoptera,Acrididae,,Camnula,,pellucida,,Camnula pellucida ,2.viii.1939,8,2,1939,,2,viii,26P-04616,Channel Islands Survey,,,,,,
LACM ENT 424599,USA,CA,Santa Barbara,San Miguel,,,Orthoptera,Acrididae,,Camnula,,pellucida,,Camnula pellucida ,25.vii.1939,7,25,1939,,25,vii,26P-04616,Channel Islands Survey,,,,,,
LACM ENT 424600,USA,CA,Santa Barbara,San Miguel,,,Orthoptera,Acrididae,,Camnula,,pellucida,,Camnula pellucida ,29.vii.1939,7,29,1939,,29,vii,26P-04616,Channel Islands Survey,,,,,,
LACM ENT 424601,USA,CA,Santa Barbara,San Miguel,,,Orthoptera,Acrididae,,Camnula,,pellucida,,Camnula pellucida ,11.viii.1939,8,11,1939,,11,viii,26P-04616,Channel Islands Survey,,,,,,
LACM ENT 424602,USA,CA,Santa Barbara,Santa Rosa,,,Orthoptera,Acrididae,,Camnula,,pellucida,,Camnula pellucida ,5.vii.1939,7,5,1939,,5,vii,26P-04616,Channel Islands Survey,,,,,,
LACM ENT 424603,USA,CA,Santa Barbara,San Miguel,,J.P. Donahue,Orthoptera,Acrididae,,Camnula,,pellucida,,Camnula pellucida ,17.viii.1970,8,17,1970,,17,viii,26P-04616,Channel Islands Survey,F,,,,,
LACM ENT 424604,USA,CA,Santa Barbara,Santa Rosa,,,Orthoptera,Acrididae,,Camnula,,pellucida,,Camnula pellucida ,7.vii.1939,7,7,1939,,7,vii,26P-04616,Channel Islands Survey,,,,,,
LACM ENT 424605,USA,CA,Santa Barbara,Santa Rosa,,,Orthoptera,Acrididae,,Camnula,,pellucida,,Camnula pellucida ,7.vii.1939,7,7,1939,,7,vii,26P-04616,Channel Islands Survey,,,,,,
LACM ENT 424606,USA,CA,Santa Barbara,Santa Barbara,,,Orthoptera,Acrididae,,Camnula,,pellucida,,Camnula pellucida ,28.v.1939,5,28,1939,,28,v,26P-04616,Channel Islands Survey,,,,,,
LACM ENT 424607,USA,CA,Santa Barbara,Santa Rosa,,,Orthoptera,Acrididae,,Camnula,,pellucida,,Camnula pellucida ,5.vii.1939,7,5,1939,,5,vii,26P-04616,Channel Islands Survey,,,,,,
LACM ENT 424608,USA,CA,Ventura,San Nicolas,,,Orthoptera,Acrididae,,Camnula,,pellucida,,Camnula pellucida ,26.vii.1939,7,26,1939,,26,vii,26P-04616,Channel Islands Survey,F,,,,,
LACM ENT 424609,USA,CA,Santa Barbara,San Miguel,,J.P. Donahue,Orthoptera,Acrididae,,Camnula,,pellucida,,Camnula pellucida ,17.viii.1970,8,17,1970,,17,viii,26P-04616,Channel Islands Survey,F,,,,,
LACM ENT 424610,USA,CA,Santa Barbara,San Miguel,,J.P. Donahue,Orthoptera,Acrididae,,Camnula,,pellucida,,Camnula pellucida ,17.viii.1970,8,17,1970,,17,viii,26P-04616,Channel Islands Survey,M,,,,,
LACM ENT 424611,USA,CA,Santa Barbara,San Miguel,,J.P. Donahue,Orthoptera,Acrididae,,Camnula,,pellucida,,Camnula pellucida ,17.viii.1970,8,17,1970,,17,viii,26P-04616,Channel Islands Survey,,,,,,
LACM ENT 424612,USA,CA,Santa Barbara,San Miguel,,J.P. Donahue,Orthoptera,Acrididae,,Camnula,,pellucida,,Camnula pellucida ,17.viii.1970,8,17,1970,,17,viii,26P-04616,Channel Islands Survey,,,,,,
LACM ENT 424613,USA,CA,Santa Barbara,San Miguel,,J.P. Donahue,Orthoptera,Acrididae,,Camnula,,pellucida,,Camnula pellucida ,17.viii.1970,8,17,1970,,17,viii,26P-04616,Channel Islands Survey,,,,,,
LACM ENT 424614,USA,CA,Santa Barbara,San Miguel,,J.P. Donahue,Orthoptera,Acrididae,,Camnula,,pellucida,,Camnula pellucida ,16.viii.1970,8,16,1970,,16,viii,26P-04616,Channel Islands Survey,,,,,,
LACM ENT 424615,USA,CA,Santa Barbara,Santa Cruz,,,Orthoptera,Acrididae,,Dissosteira,,pictipennis,,Dissosteira pictipennis ,16.viii.1939,8,16,1939,,16,viii,26P-04616,Channel Islands Survey,,,,,,
LACM ENT 424616,USA,CA,Santa Barbara,Santa Cruz,,L.M. Martin,Orthoptera,Acrididae,,Dissosteira,,pictipennis,,Dissosteira pictipennis ,17.viii.1939,8,17,1939,,17,viii,26P-04616,Channel Islands Survey,,,,,,
LACM ENT 424617,USA,CA,Santa Barbara,Santa Cruz,,,Orthoptera,Acrididae,,Dissosteira,,pictipennis,,Dissosteira pictipennis ,14.viii.1939,8,14,1939,,14,viii,26P-04616,Channel Islands Survey,,,,,,
LACM ENT 424618,USA,CA,Santa Barbara,Santa Rosa,,,Orthoptera,Acrididae,,Dissosteira,,pictipennis,,Dissosteira pictipennis ,5.vii.1939,7,5,1939,,5,vii,26P-04616,Channel Islands Survey,,,,,,
LACM ENT 424619,USA,CA,Santa Barbara,Santa Rosa,,,Orthoptera,Acrididae,,Dissosteira,,pictipennis,,Dissosteira pictipennis ,9.vii.1939,7,9,1939,,9,vii,26P-04616,Channel Islands Survey,,,,,,
LACM ENT 424620,USA,CA,Los Angeles,San Clemente,,,Orthoptera,Acrididae,,Leprus,,intermedius,,Leprus intermedius ,7.iv.1939,4,7,1939,,7,iv,26P-04616,Channel Islands Survey,,,,,,
LACM ENT 424621,USA,CA,Los Angeles,San Clemente,,,Orthoptera,Acrididae,,Leprus,,intermedius,,Leprus intermedius ,5.iv.1939,4,5,1939,,5,iv,26P-04616,Channel Islands Survey,,,,,,
LACM ENT 424622,USA,CA,Los Angeles,San Clemente,,,Orthoptera,Acrididae,,Leprus,,intermedius,,Leprus intermedius ,3.iv.1939,4,3,1939,,3,iv,26P-04616,Channel Islands Survey,,,,,,
LACM ENT 424623,USA,CA,Santa Barbara,San Miguel,,,Orthoptera,Acrididae,,Microtes,,occidentalis,,Microtes occidentalis ,2.viii.1939,8,2,1939,,2,viii,26P-04616,Channel Islands Survey,,,,,,
LACM ENT 424624,USA,CA,Santa Barbara,San Miguel,,,Orthoptera,Acrididae,,Microtes,,occidentalis,,Microtes occidentalis ,31.vii.1939,7,31,1939,,31,vii,26P-04616,Channel Islands Survey,,,,,,
LACM ENT 424625,USA,CA,Santa Barbara,San Miguel,,,Orthoptera,Acrididae,,Microtes,,occidentalis,,Microtes occidentalis ,31.vii.1939,7,31,1939,,31,vii,26P-04616,Channel Islands Survey,,,,,,
LACM ENT 424626,USA,CA,Santa Barbara,San Miguel,,,Orthoptera,Acrididae,,Microtes,,occidentalis,,Microtes occidentalis ,3.viii.1939,8,3,1939,,3,viii,26P-04616,Channel Islands Survey,,,,,,
LACM ENT 424627,USA,CA,Santa Barbara,San Miguel,,,Orthoptera,Acrididae,,Microtes,,occidentalis,,Microtes occidentalis ,31.vii.1939,7,31,1939,,31,vii,26P-04616,Channel Islands Survey,,,,,,
LACM ENT 424628,USA,CA,Santa Barbara,San Miguel,,,Orthoptera,Acrididae,,Microtes,,occidentalis,,Microtes occidentalis ,31.vii.1939,7,31,1939,,31,vii,26P-04616,Channel Islands Survey,,,,,,
LACM ENT 424629,USA,CA,Santa Barbara,San Miguel,,,Orthoptera,Acrididae,,Microtes,,occidentalis,,Microtes occidentalis ,31.vii.1939,7,31,1939,,31,vii,26P-04616,Channel Islands Survey,,,,,,
LACM ENT 424630,USA,CA,Santa Barbara,Santa Rosa,,,Orthoptera,Acrididae,,Microtes,,occidentalis,,Microtes occidentalis ,6.vii.1939,7,6,1939,,6,vii,26P-04616,Channel Islands Survey,,,,,,
LACM ENT 424631,USA,CA,Santa Barbara,Santa Rosa,,,Orthoptera,Acrididae,,Microtes,,occidentalis,,Microtes occidentalis ,6.vii.1939,7,6,1939,,6,vii,26P-04616,Channel Islands Survey,,,,,,
LACM ENT 424632,USA,CA,Santa Barbara,Santa Rosa,,,Orthoptera,Acrididae,,Microtes,,occidentalis,,Microtes occidentalis ,6.vii.1939,7,6,1939,,6,vii,26P-04616,Channel Islands Survey,,,,,,
LACM ENT 424633,USA,CA,Santa Barbara,Santa Rosa,,,Orthoptera,Acrididae,,Microtes,,occidentalis,,Microtes occidentalis ,6.vii.1939,7,6,1939,,6,vii,26P-04616,Channel Islands Survey,,,,,,
LACM ENT 424634,USA,CA,Santa Barbara,Santa Rosa,,,Orthoptera,Acrididae,,Microtes,,occidentalis,,Microtes occidentalis ,6.vii.1939,7,6,1939,,6,vii,26P-04616,Channel Islands Survey,,,,,,
LACM ENT 424635,USA,CA,Ventura,San Nicolas,,,Orthoptera,Acrididae,,Conozoa,,nicola,,Conozoa nicola ,25.vii.1939,7,25,1939,,25,vii,26P-04616,Channel Islands Survey,,,,,,
LACM ENT 424636,USA,CA,Santa Barbara,Santa Rosa,,,Orthoptera,Acrididae,,Psoloessa,,texana,,Psoloessa texana ,9.vii.1939,7,9,1939,,9,vii,26P-04616,Channel Islands Survey,,,,,,
LACM ENT 424637,USA,CA,Santa Barbara,San Miguel,,,Orthoptera,Acrididae,,Psoloessa,,texana,,Psoloessa texana ,1.viii.1939,8,1,1939,,1,viii,26P-04616,Channel Islands Survey,,,,,,
LACM ENT 424638,USA,CA,Santa Barbara,San Miguel,,,Orthoptera,Acrididae,,Psoloessa,,texana,,Psoloessa texana ,i.viii.1939,8,1,1939,,i,viii,26P-04616,Channel Islands Survey,,,,,,
LACM ENT 424639,USA,CA,Santa Barbara,Santa Cruz,,,Orthoptera,Acrididae,,Trimerotropis,,pallidipennis,pallidipennis,Trimerotropis pallidipennis pallidipennis,12.viii.1939,8,12,1939,,12,viii,26P-04616,Channel Islands Survey,,,,,,
LACM ENT 424640,USA,CA,Santa Barbara,Santa Cruz,,,Orthoptera,Acrididae,,Trimerotropis,,pallidipennis,pallidipennis,Trimerotropis pallidipennis pallidipennis,15.viii.1939,8,15,1939,,15,viii,26P-04616,Channel Islands Survey,,,,,,
LACM ENT 424641,USA,CA,Santa Barbara,Santa Cruz,,,Orthoptera,Acrididae,,Trimerotropis,,pallidipennis,pallidipennis,Trimerotropis pallidipennis pallidipennis,12.viii.1939,8,12,1939,,12,viii,26P-04616,Channel Islands Survey,,,,,,
LACM ENT 424642,USA,CA,Santa Barbara,Santa Cruz,,,Orthoptera,Acrididae,,Trimerotropis,,pallidipennis,pallidipennis,Trimerotropis pallidipennis pallidipennis,15.viii.1939,8,15,1939,,15,viii,26P-04616,Channel Islands Survey,,,,,,
LACM ENT 424643,USA,CA,Santa Barbara,Santa Cruz,,,Orthoptera,Acrididae,,Trimerotropis,,pallidipennis,pallidipennis,Trimerotropis pallidipennis pallidipennis,15.viii.1939,8,15,1939,,15,viii,26P-04616,Channel Islands Survey,,,,,,
LACM ENT 424644,USA,CA,Santa Barbara,Santa Cruz,,,Orthoptera,Acrididae,,Trimerotropis,,pallidipennis,pallidipennis,Trimerotropis pallidipennis pallidipennis,15.viii.1939,8,15,1939,,15,viii,26P-04616,Channel Islands Survey,,,,,,
LACM ENT 424645,USA,CA,Santa Barbara,Santa Cruz,,,Orthoptera,Acrididae,,Trimerotropis,,pallidipennis,pallidipennis,Trimerotropis pallidipennis pallidipennis,16.viii.1939,8,16,1939,,16,viii,26P-04616,Channel Islands Survey,,,,,,
LACM ENT 424646,USA,CA,Santa Barbara,Santa Cruz,,,Orthoptera,Acrididae,,Trimerotropis,,pallidipennis,pallidipennis,Trimerotropis pallidipennis pallidipennis,15.viii.1939,8,15,1939,,15,viii,26P-04616,Channel Islands Survey,,,,,,
LACM ENT 424647,USA,CA,Santa Barbara,Santa Cruz,,,Orthoptera,Acrididae,,Trimerotropis,,pallidipennis,pallidipennis,Trimerotropis pallidipennis pallidipennis,16.viii.1939,8,16,1939,,16,viii,26P-04616,Channel Islands Survey,,,,,,
LACM ENT 424648,USA,CA,Santa Barbara,Santa Rosa,,,Orthoptera,Acrididae,,Trimerotropis,,pallidipennis,pallidipennis,Trimerotropis pallidipennis pallidipennis,12.vii.1939,7,12,1939,,12,vii,26P-04616,Channel Islands Survey,,,,,,
LACM ENT 424649,USA,CA,Santa Barbara,Santa Cruz,,,Orthoptera,Acrididae,,Trimerotropis,,pallidipennis,pallidipennis,Trimerotropis pallidipennis pallidipennis,12.vii.1939,7,12,1939,,12,vii,26P-04616,Channel Islands Survey,,,,,,
LACM ENT 424650,USA,CA,Santa Barbara,Santa Cruz,,,Orthoptera,Acrididae,,Trimerotropis,,pallidipennis,pallidipennis,Trimerotropis pallidipennis pallidipennis,12.vii.1939,7,12,1939,,12,vii,26P-04616,Channel Islands Survey,,,,,,
LACM ENT 424651,USA,CA,Los Angeles,San Clemente,Mosquito Cove,L.M. Martin,Orthoptera,Acrididae,,Trimerotropis,,pallidipennis,pallidipennis,Trimerotropis pallidipennis pallidipennis,24.xi.1939,11,24,1939,,24,xi,26P-04616,Channel Islands Survey,,,,,,
LACM ENT 424652,USA,CA,Santa Barbara,Santa Cruz,,,Orthoptera,Acrididae,,Trimerotropis,,pallidipennis,pallidipennis,Trimerotropis pallidipennis pallidipennis,13.viii.1939,8,13,1939,,13,viii,26P-04616,Channel Islands Survey,,,,,,
LACM ENT 424653,USA,CA,Los Angeles,San Clemente,Mosquito Cove,D. Meadows,Orthoptera,Acrididae,,Trimerotropis,,pallidipennis,pallidipennis,Trimerotropis pallidipennis pallidipennis,25.xi.1939,11,25,1939,,25,xi,26P-04616,Channel Islands Survey,,,,,,
LACM ENT 424654,USA,CA,Los Angeles,San Clemente,Mosquito Cove,L.M. Martin,Orthoptera,Acrididae,,Trimerotropis,,pallidipennis,pallidipennis,Trimerotropis pallidipennis pallidipennis,25.xi.1939,11,25,1939,,25,xi,26P-04616,Channel Islands Survey,,,,,,
LACM ENT 424655,USA,CA,Los Angeles,San Clemente,Mosquito Cove,L.M. Martin,Orthoptera,Acrididae,,Trimerotropis,,pallidipennis,pallidipennis,Trimerotropis pallidipennis pallidipennis,25.xi.1939,11,25,1939,,25,xi,26P-04616,Channel Islands Survey,,,,,,
LACM ENT 424656,USA,CA,Ventura,San Nicolas,,,Orthoptera,Acrididae,,Trimerotropis,,pseudofasciata,,Trimerotropis pseudofasciata ,26.vii.1939,7,26,1939,,26,vii,26P-04616,Channel Islands Survey,,,,,,
LACM ENT 424657,USA,CA,Ventura,San Nicolas,,,Orthoptera,Acrididae,,Trimerotropis,,pseudofasciata,,Trimerotropis pseudofasciata ,26.vii.1939,7,26,1939,,26,vii,26P-04616,Channel Islands Survey,,,,,,
LACM ENT 424658,USA,CA,Ventura,San Nicolas,,,Orthoptera,Acrididae,,Trimerotropis,,pseudofasciata,,Trimerotropis pseudofasciata ,26.vii.1939,7,26,1939,,26,vii,26P-04616,Channel Islands Survey,,,,,,
LACM ENT 424659,USA,CA,Ventura,San Nicolas,,,Orthoptera,Acrididae,,Trimerotropis,,pseudofasciata,,Trimerotropis pseudofasciata ,26.vii.1939,7,26,1939,,26,vii,26P-04616,Channel Islands Survey,,,,,,
LACM ENT 424660,USA,CA,Ventura,San Nicolas,,,Orthoptera,Acrididae,,Trimerotropis,,pseudofasciata,,Trimerotropis pseudofasciata ,24.vii.1939,7,24,1939,,24,vii,26P-04616,Channel Islands Survey,,,,,,
LACM ENT 424661,USA,CA,Ventura,San Nicolas,,,Orthoptera,Acrididae,,Trimerotropis,,pseudofasciata,,Trimerotropis pseudofasciata ,26.vii.1939,7,26,1939,,26,vii,26P-04616,Channel Islands Survey,,,,,,
LACM ENT 424662,USA,CA,Ventura,San Nicolas,,,Orthoptera,Acrididae,,Trimerotropis,,pseudofasciata,,Trimerotropis pseudofasciata ,26.vii.1939,7,26,1939,,26,vii,26P-04616,Channel Islands Survey,,,,,,
LACM ENT 424663,USA,CA,Ventura,San Nicolas,,,Orthoptera,Acrididae,,Trimerotropis,,pseudofasciata,,Trimerotropis pseudofasciata ,24.vii.1939,7,24,1939,,24,vii,26P-04616,Channel Islands Survey,,,,,,
LACM ENT 424664,USA,CA,Ventura,San Nicolas,,,Orthoptera,Acrididae,,Trimerotropis,,pseudofasciata,,Trimerotropis pseudofasciata ,26.vii.1939,7,26,1939,,26,vii,26P-04616,Channel Islands Survey,,,,,,
LACM ENT 424665,USA,CA,Ventura,San Nicolas,,,Orthoptera,Acrididae,,Trimerotropis,,pseudofasciata,,Trimerotropis pseudofasciata ,26.vii.1939,7,26,1939,,26,vii,26P-04616,Channel Islands Survey,,,,,,
LACM ENT 424666,USA,CA,Ventura,San Nicolas,,,Orthoptera,Acrididae,,Trimerotropis,,pseudofasciata,,Trimerotropis pseudofasciata ,24.vii.1939,7,24,1939,,24,vii,26P-04616,Channel Islands Survey,,,,,,
LACM ENT 424667,USA,CA,Ventura,San Nicolas,,,Orthoptera,Acrididae,,Trimerotropis,,pseudofasciata,,Trimerotropis pseudofasciata ,24.vii.1939,7,24,1939,,24,vii,26P-04616,Channel Islands Survey,,,,,,
LACM ENT 424668,USA,CA,Los Angeles,San Clemente,Mosquito Cove,D. Meadows,Orthoptera,Acrididae,,Trimerotropis,,pseudofasciata,,Trimerotropis pseudofasciata ,25.xi.1939,11,25,1939,,25,xi,26P-04616,Channel Islands Survey,,,,,,
LACM ENT 424669,USA,CA,Santa Barbara,Santa Cruz,,,Orthoptera,Acrididae,,Trimerotropis,,pseudofasciata,,Trimerotropis pseudofasciata ,16.viii.1939,8,16,1939,,16,viii,26P-04616,Channel Islands Survey,,,,,,
LACM ENT 424670,USA,CA,Santa Barbara,Santa Cruz,,,Orthoptera,Acrididae,,Trimerotropis,,pseudofasciata,,Trimerotropis pseudofasciata ,14.viii.1939,8,14,1939,,14,viii,26P-04616,Channel Islands Survey,,,,,,
LACM ENT 424671,USA,CA,Santa Barbara,Santa Cruz,,,Orthoptera,Acrididae,,Trimerotropis,,pseudofasciata,,Trimerotropis pseudofasciata ,16.viii.1939,8,16,1939,,16,viii,26P-04616,Channel Islands Survey,,,,,,
LACM ENT 424672,USA,CA,Santa Barbara,Santa Cruz,,,Orthoptera,Acrididae,,Trimerotropis,,pseudofasciata,,Trimerotropis pseudofasciata ,13.viii.1939,8,13,1939,,13,viii,26P-04616,Channel Islands Survey,,,,,,
LACM ENT 424673,USA,CA,Santa Barbara,Santa Cruz,,,Orthoptera,Acrididae,,Trimerotropis,,pseudofasciata,,Trimerotropis pseudofasciata ,13.viii.1939,8,13,1939,,13,viii,26P-04616,Channel Islands Survey,,,,,,
LACM ENT 424674,USA,CA,Santa Barbara,Santa Cruz,,,Orthoptera,Acrididae,,Trimerotropis,,pseudofasciata,,Trimerotropis pseudofasciata ,13.viii.1939,8,13,1939,,13,viii,26P-04616,Channel Islands Survey,,,,,,
LACM ENT 424675,USA,CA,Santa Barbara,Santa Cruz,,,Orthoptera,Acrididae,,Trimerotropis,,pseudofasciata,,Trimerotropis pseudofasciata ,13.viii.1939,8,13,1939,,13,viii,26P-04616,Channel Islands Survey,,,,,,
LACM ENT 424676,USA,CA,Santa Barbara,Santa Cruz,,,Orthoptera,Acrididae,,Trimerotropis,,pseudofasciata,,Trimerotropis pseudofasciata ,13.viii.1939,8,13,1939,,13,viii,26P-04616,Channel Islands Survey,,,,,,
LACM ENT 424677,USA,CA,Santa Barbara,Santa Cruz,,,Orthoptera,Acrididae,,Trimerotropis,,pseudofasciata,,Trimerotropis pseudofasciata ,13.viii.1939,8,13,1939,,13,viii,26P-04616,Channel Islands Survey,,,,,,
LACM ENT 424678,USA,CA,Santa Barbara,Santa Cruz,,,Orthoptera,Acrididae,,Trimerotropis,,pseudofasciata,,Trimerotropis pseudofasciata ,13.viii.1939,8,13,1939,,13,viii,26P-04616,Channel Islands Survey,,,,,,
LACM ENT 424679,USA,CA,Los Angeles,San Clemente,Mosquito Cove,L.M. Martin,Orthoptera,Acrididae,,Trimerotropis,,pseudofasciata,,Trimerotropis pseudofasciata ,24.xi.1939,11,24,1939,,24,xi,26P-04616,Channel Islands Survey,,,,,,
LACM ENT 424680,USA,CA,Santa Barbara,Santa Cruz,,,Orthoptera,Acrididae,,Trimerotropis,,pseudofasciata,,Trimerotropis pseudofasciata ,12.viii.1939,8,12,1939,,12,viii,26P-04616,Channel Islands Survey,,,,,,
LACM ENT 424681,USA,CA,Santa Barbara,Santa Cruz,,,Orthoptera,Acrididae,,Trimerotropis,,pseudofasciata,,Trimerotropis pseudofasciata ,16.viii.1939,8,16,1939,,16,viii,26P-04616,Channel Islands Survey,,,,,,
LACM ENT 424682,USA,CA,Santa Barbara,Santa Rosa,,,Orthoptera,Acrididae,,Trimerotropis,,pseudofasciata,,Trimerotropis pseudofasciata ,8.vii.1939,7,8,1939,,8,vii,26P-04616,Channel Islands Survey,,,,,,
LACM ENT 424683,USA,CA,Santa Barbara,Santa Rosa,,,Orthoptera,Acrididae,,Trimerotropis,,pseudofasciata,,Trimerotropis pseudofasciata ,5.vii.1939,7,5,1939,,5,vii,26P-04616,Channel Islands Survey,,,,,,
LACM ENT 424684,USA,CA,Santa Barbara,Santa Rosa,,,Orthoptera,Acrididae,,Trimerotropis,,pseudofasciata,,Trimerotropis pseudofasciata ,12.vii.1939,7,12,1939,,12,vii,26P-04616,Channel Islands Survey,,,,,,
LACM ENT 424685,USA,CA,Santa Barbara,Santa Rosa,,,Orthoptera,Acrididae,,Trimerotropis,,pseudofasciata,,Trimerotropis pseudofasciata ,5.vii.1939,7,5,1939,,5,vii,26P-04616,Channel Islands Survey,,,,,,
LACM ENT 424686,USA,CA,Santa Barbara,Santa Rosa,,,Orthoptera,Acrididae,,Trimerotropis,,pseudofasciata,,Trimerotropis pseudofasciata ,6.vii.1939,7,6,1939,,6,vii,26P-04616,Channel Islands Survey,,,,,,
LACM ENT 424687,USA,CA,Santa Barbara,Santa Rosa,,,Orthoptera,Acrididae,,Trimerotropis,,pseudofasciata,,Trimerotropis pseudofasciata ,5.vii.1939,7,5,1939,,5,vii,26P-04616,Channel Islands Survey,,,,,,
LACM ENT 424688,USA,CA,Santa Barbara,Santa Rosa,,,Orthoptera,Acrididae,,Trimerotropis,,pseudofasciata,,Trimerotropis pseudofasciata ,5.vii.1939,7,5,1939,,5,vii,26P-04616,Channel Islands Survey,,,,,,
LACM ENT 424689,USA,CA,Santa Barbara,Santa Rosa,,,Orthoptera,Acrididae,,Trimerotropis,,pseudofasciata,,Trimerotropis pseudofasciata ,5.vii.1939,7,5,1939,,5,vii,26P-04616,Channel Islands Survey,,,,,,
LACM ENT 424690,USA,CA,Santa Barbara,Santa Rosa,,,Orthoptera,Acrididae,,Trimerotropis,,pseudofasciata,,Trimerotropis pseudofasciata ,7.vii.1939,7,7,1939,,7,vii,26P-04616,Channel Islands Survey,,,,,,
LACM ENT 424691,USA,CA,Santa Barbara,Santa Rosa,,,Orthoptera,Acrididae,,Trimerotropis,,pseudofasciata,,Trimerotropis pseudofasciata ,9.vii.1939,7,9,1939,,9,vii,26P-04616,Channel Islands Survey,,,,,,
LACM ENT 424692,USA,CA,Santa Barbara,Santa Barbara,,,Orthoptera,Acrididae,,Trimerotropis,,santabarbara,,Trimerotropis santabarbara ,28.v.1939,5,28,1939,,28,v,26P-04616,Channel Islands Survey,,,Paratype,,,
LACM ENT 424693,USA,CA,Santa Barbara,Santa Barbara,,,Orthoptera,Acrididae,,Trimerotropis,,santabarbara,,Trimerotropis santabarbara ,28.v.1939,5,28,1939,,28,v,26P-04616,Channel Islands Survey,,,Paratype,,,
LACM ENT 424694,USA,CA,Santa Barbara,Santa Barbara,,,Orthoptera,Acrididae,,Trimerotropis,,santabarbara,,Trimerotropis santabarbara ,28.v.1939,5,28,1939,,28,v,26P-04616,Channel Islands Survey,,,Paratype,,,
LACM ENT 424695,USA,CA,Santa Barbara,Santa Barbara,,,Orthoptera,Acrididae,,Trimerotropis,,santabarbara,,Trimerotropis santabarbara ,28.v.1939,5,28,1939,,28,v,26P-04616,Channel Islands Survey,,,,,,
LACM ENT 424696,USA,CA,Santa Barbara,Santa Barbara,,,Orthoptera,Acrididae,,Trimerotropis,,santabarbara,,Trimerotropis santabarbara ,28.v.1939,5,28,1939,,28,v,26P-04616,Channel Islands Survey,,,,,,
LACM ENT 424697,USA,CA,Santa Barbara,Santa Barbara,,,Orthoptera,Acrididae,,Trimerotropis,,santabarbara,,Trimerotropis santabarbara ,28.v.1939,5,28,1939,,28,v,26P-04616,Channel Islands Survey,,,,,,
LACM ENT 424698,USA,CA,Santa Barbara,Santa Barbara,,,Orthoptera,Acrididae,,Trimerotropis,,santabarbara,,Trimerotropis santabarbara ,28.v.1939,5,28,1939,,28,v,26P-04616,Channel Islands Survey,,,,,,
LACM ENT 424699,USA,CA,Ventura,San Nicolas,,L. Kartman,Orthoptera,Gryllidae,,Gryllus,,,,Gryllus  ,iv.1940,4,4,1940,,iv,,26P-04617,Channel Islands Survey,,,,,,
LACM ENT 424700,USA,CA,Santa Barbara,Santa Cruz,,,Orthoptera,Gryllidae,,Gryllus,,,,Gryllus  ,15.viii.1939,8,8,1939,,15,viii,26P-04617,Channel Islands Survey,,,,,,
LACM ENT 424701,USA,CA,Los Angeles,San Clemente,,J.C. von Bloeker,Orthoptera,Gryllidae,,Gryllus,,,,Gryllus  ,6.iv.1939,4,6,1939,,6,iv,26P-04617,Channel Islands Survey,,,,,,
LACM ENT 424702,USA,CA,Los Angeles,San Clemente,Mosquito Cove,D. Meadows,Orthoptera,Gryllidae,,Gryllus,,,,Gryllus  ,24.xi.1939,11,11,1939,,24,xi,26P-04617,Channel Islands Survey,,,,,,
LACM ENT 424703,USA,CA,Los Angeles,Santa Catalina,,G.P. Kanakoff,Orthoptera,Gryllidae,,Gryllus,,,,Gryllus  ,25.ii.1941,2,2,1941,,25,ii,26P-04617,Channel Islands Survey,,,,,,
LACM ENT 424704,USA,CA,Los Angeles,San Clemente,Mosquito Cove,G.P. Kanakoff,Orthoptera,Gryllidae,,Gryllus,,,,Gryllus  ,24.xi.1939,11,11,1939,,24,xi,26P-04617,Channel Islands Survey,,,,,,
LACM ENT 424705,USA,CA,Los Angeles,San Clemente,Mosquito Cove,G.P. Kanakoff,Orthoptera,Gryllidae,,Gryllus,,,,Gryllus  ,24.xi.1939,11,11,1939,,24,xi,26P-04617,Channel Islands Survey,,,,,,
LACM ENT 424706,USA,CA,Los Angeles,San Clemente,Mosquito Cove,L.M. Martin,Orthoptera,Gryllidae,,Gryllus,,,,Gryllus  ,24.xi.1939,11,11,1939,,24,xi,26P-04617,Channel Islands Survey,,,,,,
LACM ENT 424707,USA,CA,Los Angeles,San Clemente,Mosquito Cove,L.M. Martin,Orthoptera,Gryllidae,,Gryllus,,,,Gryllus  ,24.xi.1939,11,11,1939,,24,xi,26P-04617,Channel Islands Survey,,,,,,
LACM ENT 424708,USA,CA,Santa Barbara,Santa Barbara,,,Orthoptera,Gryllidae,,Gryllus,,,,Gryllus  ,3.iv.1939,4,3,1939,,3,iv,26P-04617,Channel Islands Survey,,,,,,
LACM ENT 424709,USA,CA,Ventura,Anacapa,,W.D. Pierce,Orthoptera,Gryllidae,,Gryllus,,,,Gryllus  ,16.iii.1941,3,16,1941,,16,iii,26P-04617,Channel Islands Survey,,,,,,
LACM ENT 424710,USA,CA,Santa Barbara,Santa Cruz,,,Orthoptera,Gryllidae,,Gryllus,,,,Gryllus  ,12.viii.1939,8,8,1939,,12,viii,26P-04617,Channel Islands Survey,,,,,,
LACM ENT 424711,USA,CA,Ventura,San Nicolas,,,Orthoptera,Gryllidae,,Gryllus,,,,Gryllus  ,20.vii.1939,7,7,1939,,20,vii,26P-04617,Channel Islands Survey,,,,,,
LACM ENT 424712,USA,CA,Santa Barbara,Santa Cruz,,,Orthoptera,Gryllidae,,Gryllus,,,,Gryllus  ,19.viii.1939,8,8,1939,,19,viii,26P-04617,Channel Islands Survey,,,,,,
LACM ENT 424713,USA,CA,Santa Barbara,Santa Cruz,,,Orthoptera,Gryllidae,,Gryllus,,,,Gryllus  ,,,,,,,,26P-04617,Channel Islands Survey,,,,"Wings only, in geletin capsule",,
LACM ENT 424714,USA,CA,Santa Barbara,Santa Barbara,,,Orthoptera,Gryllidae,,Gryllus,,,,Gryllus  ,,,,,,,,26P-04617,Channel Islands Survey,,,,"Wings only, in geletin capsule",,
LACM ENT 424715,USA,CA,Santa Barbara,Santa Cruz,,,Orthoptera,Gryllidae,,Gryllus,,,,Gryllus  ,11.vii.1939,7,7,1939,,11,vii,26P-04617,Channel Islands Survey,,,,,,
LACM ENT 424716,USA,CA,Santa Barbara,Santa Cruz,,,Orthoptera,Gryllidae,,Gryllus,,,,Gryllus  ,19.viii.1939,8,8,1939,,19,viii,26P-04617,Channel Islands Survey,,,,,,
LACM ENT 424717,USA,CA,Ventura,San Nicolas,,,Orthoptera,Gryllidae,,Gryllus,,,,Gryllus  ,25.vii.1939,7,7,1939,,25,vii,26P-04617,Channel Islands Survey,,,,,,
LACM ENT 424718,USA,CA,Los Angeles,San Clemente,,,Orthoptera,Gryllidae,,Gryllus,,,,Gryllus  ,3.iv.1939,4,3,1939,,3,iv,26P-04617,Channel Islands Survey,,,,,,
LACM ENT 424719,USA,CA,Ventura,San Nicolas,,,Orthoptera,Gryllidae,,Gryllus,,,,Gryllus  ,23.iv.1940,4,23,1940,,23,iv,26P-04617,Channel Islands Survey,,Under Opuntia littoralis,,,,
LACM ENT 424720,USA,CA,Los Angeles,San Clemente,,,Orthoptera,Gryllidae,,Gryllus,,,,Gryllus  ,4.iv.1939,4,4,1939,,4,iv,26P-04617,Channel Islands Survey,,,,,,
LACM ENT 424721,USA,CA,Los Angeles,Santa Catalina,Parson's Landing,S. Bennett,Orthoptera,Gryllidae,,Gryllus,,,,Gryllus  ,29.iii.1985,3,29,1985,,29,iii,26P-04617,Channel Islands Survey,,,,,,
LACM ENT 424722,USA,CA,Los Angeles,Santa Catalina,Parson's Landing,S. Bennett,Orthoptera,Gryllidae,,Gryllus,,,,Gryllus  ,29.iii.1985,3,29,1985,,29,iii,26P-04617,Channel Islands Survey,,,,,,
LACM ENT 424723,USA,CA,Los Angeles,Santa Catalina,Parson's Landing,S. Bennett,Orthoptera,Gryllidae,,Gryllus,,,,Gryllus  ,29.iii.1985,3,29,1985,,29,iii,26P-04617,Channel Islands Survey,,,,,,
LACM ENT 424724,USA,CA,Ventura,San Nicolas,,J.C. von Bloeker,Orthoptera,Gryllidae,,Gryllus,,,,Gryllus  ,19.iii.1941,3,19,1941,21.iii.1941,19,iii,26P-04617,Channel Islands Survey,,On talus slope,,,,
LACM ENT 424725,USA,CA,Los Angeles,Santa Catalina,Toyon Canyon,S. Bennett,Orthoptera,Gryllidae,,Gryllus,,,,Gryllus  ,13.xi.1981,11,11,1981,,13,xi,26P-04617,Channel Islands Survey,,,,,,
LACM ENT 424726,USA,CA,Los Angeles,Santa Catalina,Ben Weston Beach,"CD Nagano, JN Hogue",Orthoptera,Gryllidae,,Gryllus,,,,Gryllus  ,8.viii.1980,8,8,1980,10.viii.1980,8,viii,26P-04617,Channel Islands Survey,,UV light trap,,,,
LACM ENT 424727,USA,CA,Los Angeles,Santa Catalina,Ben Weston Beach,"CD Nagano, JN Hogue",Orthoptera,Gryllidae,,Gryllus,,,,Gryllus  ,8.viii.1980,8,8,1980,10.viii.1980,8,viii,26P-04617,Channel Islands Survey,,UV light trap,,,,
LACM ENT 424728,USA,CA,Los Angeles,Santa Catalina,Ben Weston Beach,"CD Nagano, JN Hogue",Orthoptera,Gryllidae,,Gryllus,,,,Gryllus  ,8.viii.1980,8,8,1980,10.viii.1980,8,viii,26P-04617,Channel Islands Survey,,,,,,
LACM ENT 424729,USA,CA,Los Angeles,Santa Catalina,,G.P. Kanakoff,Orthoptera,Gryllidae,,Gryllus,,,,Gryllus  ,1941,,,1941,,,,26P-04617,Channel Islands Survey,,,,,,
LACM ENT 424730,USA,CA,Los Angeles,San Clemente,Horse Beach Cove,J.C. von Bloeker,Orthoptera,Gryllidae,,Gryllus,,,,Gryllus  ,30.xi.1939,11,11,1939,,30,xi,26P-04617,Channel Islands Survey,,,,,,
LACM ENT 424731,USA,CA,Santa Barbara,Santa Rosa,Beechers Bay,J.C. von Bloeker,Orthoptera,Gryllidae,,Gryllus,,,,Gryllus  ,1.iv.1941,4,1,1941,3.iv.1941,1,iv,26P-04617,Channel Islands Survey,,,,,,
LACM ENT 424732,USA,CA,Los Angeles,Santa Catalina,Ben Weston Beach,"CD Nagano, JN Hogue",Orthoptera,Trigonidiidae,,Eunemobius,,carolinus,,Eunemobius carolinus ,8.viii.1980,8,8,1980,10.viii.1980,8,viii,26P-04617,Channel Islands Survey,F,UV light trap,,,,
LACM ENT 424733,USA,CA,Ventura,Anacapa,,C. Henne,Orthoptera,Gryllidae,,Oecanthus,,argentinus,,Oecanthus argentinus ,22.viii.1940,8,8,1940,,22,viii,26P-04617,Channel Islands Survey,,,,,,
LACM ENT 424734,USA,CA,Santa Barbara,Santa Rosa,Black Mtn,W.D. Pierce,Orthoptera,Gryllidae,,Oecanthus,,californicus,,Oecanthus californicus ,5.iv.1941,4,5,1941,,5,iv,26P-04617,Channel Islands Survey,,,,,,"1,500 ft"
LACM ENT 424735,USA,CA,Los Angeles,Santa Catalina,"Catalina Island Marine Institute, Toyon Bay",S. Bennett,Orthoptera,Tettigoniidae,,Scudderia,,mexicana,,Scudderia mexicana ,6.x.1981,10,10,1981,,6,x,26P-04617,Channel Islands Survey,M,Porch light,,,,
LACM ENT 424736,USA,CA,Los Angeles,Santa Catalina,Toyon Bay,S. Bennett,Orthoptera,Tettigoniidae,,Aglaothorax,,propsti,,Aglaothorax propsti ,15.vi.1985,6,6,1985,,15,vi,26P-04617,Channel Islands Survey,F,,,,,
LACM ENT 424737,USA,CA,Los Angeles,Santa Catalina,"Catalina Island Marine Institute, Toyon Bay",S. Bennett,Orthoptera,Tettigoniidae,,Aglaothorax,,propsti,,Aglaothorax propsti ,7.vii.1986,7,7,1986,,7,vii,26P-04617,Channel Islands Survey,F,Mercury vapor light,,,,
LACM ENT 424738,USA,CA,Santa Barbara,Santa Cruz,Pelican Bay,J.C. von Bloeker,Orthoptera,Tettigoniidae,,Idiostatus,,aequalis,,Idiostatus aequalis ,22.iii.1941,3,22,1941,29.iii.1941,22,iii,26P-04617,Channel Islands Survey,F,,,,,
LACM ENT 424739,USA,CA,Santa Barbara,San Miguel,,,Orthoptera,Rhaphidophoridae,,Ceuthophilus,,californianus,,Ceuthophilus californianus ,30.vii.1939,7,7,1939,,30,vii,26P-04617,Channel Islands Survey,,,,,,
LACM ENT 424740,USA,CA,Santa Barbara,Santa Rosa,,,Orthoptera,Rhaphidophoridae,,Ceuthophilus,,californianus,,Ceuthophilus californianus ,7.vii.1939,7,7,1939,,7,vii,26P-04617,Channel Islands Survey,,,,,,
LACM ENT 424741,USA,CA,Santa Barbara,Santa Rosa,,,Orthoptera,Rhaphidophoridae,,Ceuthophilus,,californianus,,Ceuthophilus californianus ,7.viii.1939,8,8,1939,,7,viii,26P-04617,Channel Islands Survey,,,,,,
LACM ENT 424742,USA,CA,Los Angeles,San Clemente,,,Orthoptera,Rhaphidophoridae,,Pristoceuthophilus,,marmoratus,,Pristoceuthophilus marmoratus ,4.iv.1939,4,4,1939,,4,iv,26P-04617,Channel Islands Survey,,,,,,
LACM ENT 424743,USA,CA,Los Angeles,San Clemente,,G.P. Kanakoff,Orthoptera,Rhaphidophoridae,,Pristoceuthophilus,,marmoratus,,Pristoceuthophilus marmoratus ,24.xi.1939,11,11,1939,,24,xi,26P-04617,Channel Islands Survey,,,,,,
LACM ENT 424744,USA,CA,Los Angeles,Santa Catalina,,G.P. Kanakoff,Orthoptera,Rhaphidophoridae,,Pristoceuthophilus,,marmoratus,,Pristoceuthophilus marmoratus ,6.iii.1941,3,6,1941,,6,iii,26P-04617,Channel Islands Survey,,,,,,
LACM ENT 424745,USA,CA,Los Angeles,Santa Catalina,Toyon Canyon,S. Bennett,Orthoptera,Rhaphidophoridae,,Pristoceuthophilus,,marmoratus,,Pristoceuthophilus marmoratus ,28.xi.1986,11,11,1986,,28,xi,26P-04617,Channel Islands Survey,M,,,,,
LACM ENT 424746,USA,CA,Santa Barbara,Santa Rosa,,L.M. Martin,Orthoptera,Anostostomatidae,,Cnemotettix,,caudulus,,Cnemotettix caudulus ,10.viii.1939,8,8,1939,,10,viii,26P-04617,Channel Islands Survey,,,,,,
LACM ENT 424747,USA,CA,Santa Barbara,San Miguel,,,Orthoptera,Anostostomatidae,,Cnemotettix,,caudulus,,Cnemotettix caudulus ,30.vii.1939,7,7,1939,,30,vii,26P-04617,Channel Islands Survey,,,,,,
LACM ENT 424748,USA,CA,Santa Barbara,San Miguel,,,Orthoptera,Anostostomatidae,,Cnemotettix,,caudulus,,Cnemotettix caudulus ,30.vii.1939,7,7,1939,,30,vii,26P-04617,Channel Islands Survey,,,,,,
LACM ENT 424749,USA,CA,Ventura,San Nicolas,,G.P. Kanakoff,Orthoptera,Anostostomatidae,,Cnemotettix,,spinulus,,Cnemotettix spinulus ,21.iv.1940,4,21,1940,,21,iv,26P-04617,Channel Islands Survey,,,,,,
LACM ENT 424750,USA,CA,Santa Barbara,Santa Rosa,,,Orthoptera,Anostostomatidae,,Cnemotettix,,spinulus,,Cnemotettix spinulus ,8.vii.1939,7,7,1939,,8,vii,26P-04617,Channel Islands Survey,,,,,,
LACM ENT 424751,USA,CA,Ventura,Anacapa,,G.P. Kanakoff,Orthoptera,Stenopelmatidae,,Stenopelmatus,,fuscus,,Stenopelmatus fuscus ,19.viii.1940,8,8,1940,,19,viii,26P-04617,Channel Islands Survey,,,,,,
LACM ENT 424752,USA,CA,Santa Barbara,Santa Rosa,,,Orthoptera,Stenopelmatidae,,Stenopelmatus,,fuscus,,Stenopelmatus fuscus ,7.vii.1939,7,7,1939,,7,vii,26P-04617,Channel Islands Survey,,,,,,
LACM ENT 424753,USA,CA,Ventura,Anacapa,,G.P. Kanakoff,Orthoptera,Stenopelmatidae,,Stenopelmatus,,fuscus,,Stenopelmatus fuscus ,19.viii.1940,8,8,1940,,19,viii,26P-04617,Channel Islands Survey,,,,,,
LACM ENT 424754,USA,CA,Ventura,Anacapa,,G.P. Kanakoff,Orthoptera,Stenopelmatidae,,Stenopelmatus,,fuscus,,Stenopelmatus fuscus ,26.iii.1940,3,26,1940,,26,iii,26P-04617,Channel Islands Survey,,,,,,
LACM ENT 424755,USA,CA,Santa Barbara,Santa Cruz,,,Orthoptera,Stenopelmatidae,,Stenopelmatus,,,,Stenopelmatus  ,12.viii.1939,8,8,1939,,12,viii,26P-04617,Channel Islands Survey,,,,,,
LACM ENT 424756,USA,CA,Los Angeles,Santa Catalina,Toyon Bay,S. Bennett,Orthoptera,Stenopelmatidae,,Pseudosermyle,,straminea,,Pseudosermyle straminea ,22.v.1982,5,5,1982,,22,v,26P-04617,Channel Islands Survey,F,,,,,
LACM ENT 424796,USA,CA,Ventura,San Nicolas,,C.L. Hogue,Orthoptera,,,,,,,Orthoptera,24.v.1977,5,5,1977,26.v.1977,24,v,26P-04617,Channel Islands Survey,,,,,,
LACM ENT 424797,USA,CA,Ventura,San Nicolas,,C.L. Hogue,Orthoptera,,,,,,,Orthoptera,24.v.1977,5,5,1977,26.v.1977,24,v,26P-04617,Channel Islands Survey,,,,,,
LACM ENT 424798,USA,CA,Santa Barbara,Santa Rosa,Beechers Bay,J.C. von Bloeker,Orthoptera,,,,,,,Orthoptera,1.iv.1941,4,1,1941,3.iv.1941,1,iv,26P-04617,Channel Islands Survey,,,,,,
LACM ENT 424799,USA,CA,Santa Barbara,Santa Rosa,Beechers Bay,J.C. von Bloeker,Orthoptera,,,,,,,Orthoptera,1.iv.1941,4,1,1941,3.iv.1941,1,iv,26P-04617,Channel Islands Survey,,,,,,
LACM ENT 424800,USA,CA,Los Angeles,Santa Catalina,Toyon Canyon,S. Bennett,Orthoptera,,,,,,,Orthoptera,7.vii.1983,7,7,1983,,7,vii,26P-04617,Channel Islands Survey,,,,,,
LACM ENT 424801,USA,CA,Los Angeles,Santa Catalina,Toyon Bay,S. Bennett,Orthoptera,,,,,,,Orthoptera,6.ix.1982,9,9,1982,,6,ix,26P-04617,Channel Islands Survey,,,,,,
LACM ENT 424802,USA,CA,Los Angeles,Santa Catalina,USC Marine Science Center,"CD Nagano, JN Hogue",Orthoptera,,,,,,,Orthoptera,10.viii.1980,8,8,1980,,10,viii,26P-04617,Channel Islands Survey,,,,,,
LACM ENT 424803,USA,CA,Los Angeles,Santa Catalina,Cottonwood Canyon,"Bennett, Gill, Miller, Paddock, Johnson, Mercer, Moody, Chao",Orthoptera,,,,,,,Orthoptera,30.v.1981,5,5,1981,,30,v,26P-04617,Channel Islands Survey,,,,,,
LACM ENT 424805,USA,CA,Los Angeles,Santa Catalina,Toyon Canyon,S. Bennett,Orthoptera,,,,,,,Orthoptera,13.x.1982,10,10,1982,,13,x,26P-04617,Channel Islands Survey,,Blacklight,,,,
LACM ENT 424806,USA,CA,Los Angeles,Santa Catalina,USC Marine Science Center,"CD Nagano, JN Hogue",Orthoptera,,,,,,,Orthoptera,10.viii.1980,8,8,1980,,10,viii,26P-04617,Channel Islands Survey,,,,,,
LACM ENT 424808,USA,CA,Santa Barbara,Santa Rosa,Beechers Bay,J.C. von Bloeker,Orthoptera,,,,,,,Orthoptera,1.iv.1941,4,1,1941,3.iv.1941,1,iv,26P-04617,Channel Islands Survey,,,,,,
LACM ENT 424809,USA,CA,Los Angeles,Santa Catalina,"Area 1, Isthmus",S.E. Miller,Orthoptera,,,,,,,Orthoptera,ii.1981,2,2,1981,,ii,,26P-04617,Channel Islands Survey,,,,,,
LACM ENT 424810,USA,CA,Los Angeles,Santa Catalina,Toyon Canyon,S. Bennett,Orthoptera,,,,,,,Orthoptera,24.vii.1982,7,24,1982,,24,vii,26P-04617,Channel Islands Survey,,,,,,
LACM ENT 424811,USA,CA,Los Angeles,Santa Catalina,Toyon Bay,"Bennett, Gill, Miller, Paddock, Johnson, Mercer, Moody, Chao",Orthoptera,,,,,,,Orthoptera,29.v.1981,5,29,1981,31.v.1981,29,v,26P-04617,Channel Islands Survey,,,,,,
LACM ENT 424812,USA,CA,Los Angeles,Santa Catalina,Toyon Bay,S. Bennett,Orthoptera,,,,,,,Orthoptera,15.viii.1981,8,15,1981,,15,viii,26P-04617,Channel Islands Survey,,,,,,
LACM ENT 424813,USA,CA,Los Angeles,Santa Catalina,Toyon Canyon,S. Bennett,Orthoptera,,,,,,,Orthoptera,15.iii.1982,3,15,1982,,15,iii,26P-04617,Channel Islands Survey,,,,,,
LACM ENT 424814,USA,CA,Los Angeles,Santa Catalina,Cottonwood Canyon,"Bennett, Gill, Miller, Paddock, Johnson, Mercer, Moody, Chao",Orthoptera,,,,,,,Orthoptera,30.v.1981,5,30,1981,,30,v,26P-04617,Channel Islands Survey,,,,,,
LACM ENT 424815,USA,CA,Los Angeles,Santa Catalina,Toyon Canyon,S. Bennett,Orthoptera,,,,,,,Orthoptera,13.x.1982,10,13,1982,,13,x,26P-04617,Channel Islands Survey,,Blacklight,,,,
LACM ENT 424817,USA,CA,Los Angeles,Santa Catalina,Ben Weston Beach,"CD Nagano, JN Hogue",Orthoptera,,,,,,,Orthoptera,8.viii.1980,8,8,1980,10.viii.1980,8,viii,26P-04617,Channel Islands Survey,,,,,,
LACM ENT 424818,USA,CA,Los Angeles,Santa Catalina,Toyon Bay,S. Bennett,Orthoptera,,,,,,,Orthoptera,15.viii.1981,8,15,1981,,15,viii,26P-04617,Channel Islands Survey,,,,,,
LACM ENT 424819,USA,CA,Los Angeles,Santa Catalina,Lemon Tank,S.E. Miller,Orthoptera,,,,,,,Orthoptera,6.xii.1981,12,6,1981,,6,xii,26P-04617,Channel Islands Survey,,,,,,
LACM ENT 424820,USA,CA,Ventura,Anacapa,West Anacapa,G.P. Kanakoff,Orthoptera,,,,,,,Orthoptera,29.vii.1940,7,29,1940,,29,vii,26P-04617,Channel Islands Survey,,,,,,
LACM ENT 424821,USA,CA,Santa Barbara,San Miguel,,J.P. Donahue,Orthoptera,,,,,,,Orthoptera,17.viii.1970,8,17,1970,,17,viii,26P-04617,Channel Islands Survey,,,,,,
LACM ENT 424822,USA,CA,Santa Barbara,San Miguel,,J.P. Donahue,Orthoptera,,,,,,,Orthoptera,17.viii.1970,8,17,1970,,17,viii,26P-04617,Channel Islands Survey,,,,,,
LACM ENT 424823,USA,CA,Santa Barbara,Santa Cruz,,,Orthoptera,Acrididae,,Dissosteira,,pictipennis,,Dissosteira pictipennis ,16.viii.1939,8,16,1939,,16,viii,26P-04617,Channel Islands Survey,,,,,,
LACM ENT 424824,USA,CA,Santa Barbara,San Miguel,,J.C. von Bloeker,Orthoptera,,,,,,,Orthoptera,3.viii.1939,8,3,1939,,3,viii,26P-04617,Channel Islands Survey,,,,,,
LACM ENT 424825,USA,CA,Santa Barbara,San Miguel,,J.C. von Bloeker,Orthoptera,,,,,,,Orthoptera,3.viii.1939,8,3,1939,,3,viii,26P-04617,Channel Islands Survey,,,,,,
LACM ENT 424826,USA,CA,Santa Barbara,San Miguel,,J.C. von Bloeker,Orthoptera,,,,,,,Orthoptera,3.viii.1939,8,3,1939,,3,viii,26P-04617,Channel Islands Survey,,,,,,
LACM ENT 424827,USA,CA,Santa Barbara,San Miguel,,J.P. Donahue,Orthoptera,,,,,,,Orthoptera,16.viii.1970,8,16,1970,,16,viii,26P-04617,Channel Islands Survey,,,,,,
LACM ENT 424828,USA,CA,Santa Barbara,San Miguel,,J.P. Donahue,Orthoptera,,,,,,,Orthoptera,16.viii.1970,8,16,1970,,16,viii,26P-04617,Channel Islands Survey,,,,,,
LACM ENT 424829,USA,CA,Santa Barbara,San Miguel,,J.P. Donahue,Orthoptera,,,,,,,Orthoptera,16.viii.1970,8,16,1970,,16,viii,26P-04617,Channel Islands Survey,,,,,,
LACM ENT 424830,USA,CA,Santa Barbara,Santa Barbara,,G.P. Kanakoff,Orthoptera,Acrididae,,Trimerotropis,,pallidipennis,pallidipennis,Trimerotropis pallidipennis pallidipennis,20.iii.1940,3,20,1940,,20,iii,26P-04617,Channel Islands Survey,,,,,,
LACM ENT 424831,USA,CA,Ventura,San Nicolas,,G.P. Kanakoff,Orthoptera,,,,,,,Orthoptera,24.vii.1939,7,24,1939,,24,vii,26P-04617,Channel Islands Survey,,,,,,
LACM ENT 424832,USA,CA,Ventura,San Nicolas,,C. Henne,Orthoptera,,,,,,,Orthoptera,18.iv.1940,4,18,1940,,18,iv,26P-04617,Channel Islands Survey,,,,,,
LACM ENT 424833,USA,CA,Ventura,San Nicolas,,C. Henne,Orthoptera,Gryllidae,,Gryllus,,,,Gryllus  ,24.iv.1940,4,24,1940,,24,iv,26P-04617,Channel Islands Survey,,,,,,
LACM ENT 424834,USA,CA,Ventura,San Nicolas,,C. Henne,Orthoptera,,,,,,,Orthoptera,24.iv.1940,4,24,1940,,24,iv,26P-04617,Channel Islands Survey,,,,,,
LACM ENT 424835,USA,CA,Santa Barbara,San Miguel,,J.C. von Bloeker,Orthoptera,,,,,,,Orthoptera,3.viii.1939,8,3,1939,,3,viii,26P-04617,Channel Islands Survey,,,,,,
LACM ENT 424836,USA,CA,Santa Barbara,San Miguel,,J.C. von Bloeker,Orthoptera,,,,,,,Orthoptera,3.viii.1939,8,3,1939,,3,viii,26P-04617,Channel Islands Survey,,,,,,
LACM ENT 424837,USA,CA,Ventura,Anacapa,,G.P. Kanakoff,Orthoptera,,,,,,,Orthoptera,23.viii.1940,8,23,1940,,23,viii,26P-04617,Channel Islands Survey,,,,,,
LACM ENT 424838,USA,CA,Santa Barbara,San Miguel,,J.C. von Bloeker,Orthoptera,Stenopelmatidae,,Stenopelmatus,,,,Stenopelmatus  ,3.viii.1939,8,3,1939,,3,viii,26P-04617,Channel Islands Survey,,,,,,
LACM ENT 424839,USA,CA,Santa Barbara,Santa Cruz,,L.M. Martin,Orthoptera,,,,,,,Orthoptera,15.viii.1939,8,15,1939,,15,viii,26P-04617,Channel Islands Survey,,,,,,
LACM ENT 424840,USA,CA,Santa Barbara,Santa Rosa,Skunk Point,J.C. von Bloeker,Orthoptera,,,,,,,Orthoptera,2.iv.1941,4,2,1941,3.iv.1941,2,iv,26P-04617,Channel Islands Survey,,,,,,
LACM ENT 424841,USA,CA,Santa Barbara,Santa Rosa,Skunk Point,J.C. von Bloeker,Orthoptera,,,,,,,Orthoptera,2.iv.1941,4,2,1941,3.iv.1941,2,iv,26P-04617,Channel Islands Survey,,,,,,
LACM ENT 424842,USA,CA,Santa Barbara,San Miguel,,J.C. von Bloeker,Orthoptera,,,,,,,Orthoptera,3.viii.1939,8,3,1939,,3,viii,26P-04617,Channel Islands Survey,,,,,,
LACM ENT 424843,USA,CA,Santa Barbara,San Miguel,,J.C. von Bloeker,Orthoptera,,,,,,,Orthoptera,3.viii.1939,8,3,1939,,3,viii,26P-04617,Channel Islands Survey,,,,,,
LACM ENT 424844,USA,CA,Santa Barbara,San Miguel,,J.P. Donahue,Orthoptera,,,,,,,Orthoptera,17.viii.1970,8,17,1970,,17,viii,26P-04617,Channel Islands Survey,,,,,,
LACM ENT 424845,USA,CA,Santa Barbara,San Miguel,,J.P. Donahue,Orthoptera,,,,,,,Orthoptera,17.viii.1970,8,17,1970,,17,viii,26P-04617,Channel Islands Survey,,,,,,
LACM ENT 424846,USA,CA,Santa Barbara,San Miguel,,J.P. Donahue,Orthoptera,,,,,,,Orthoptera,17.viii.1970,8,17,1970,,17,viii,26P-04617,Channel Islands Survey,,,,,,
LACM ENT 424847,USA,CA,Santa Barbara,San Miguel,,J.P. Donahue,Orthoptera,,,,,,,Orthoptera,17.viii.1970,8,17,1970,,17,viii,26P-04617,Channel Islands Survey,,,,,,
LACM ENT 424848,USA,CA,Santa Barbara,San Miguel,,J.P. Donahue,Orthoptera,,,,,,,Orthoptera,16.viii.1970,8,16,1970,,16,viii,26P-04617,Channel Islands Survey,,,,,,
LACM ENT 424849,USA,CA,Santa Barbara,San Miguel,,J.P. Donahue,Orthoptera,Acrididae,,Microtes,,occidentalis,,Microtes occidentalis ,17.viii.1970,8,17,1970,,17,viii,26P-04617,Channel Islands Survey,,,,,,
LACM ENT 424850,USA,CA,Ventura,Anacapa,,C. Henne,Orthoptera,,,,,,,Orthoptera,16.viii.1970,8,16,1970,,16,viii,26P-04617,Channel Islands Survey,,,,,,
LACM ENT 424851,USA,CA,Ventura,Anacapa,,C. Henne,Orthoptera,,,,,,,Orthoptera,16.viii.1970,8,16,1970,,16,viii,26P-04617,Channel Islands Survey,,,,,,
LACM ENT 424852,USA,CA,Los Angeles,San Clemente,Horse Beach Cove,J.C. von Bloeker,Orthoptera,,,,,,,Orthoptera,30.xi.1939,11,30,1939,,30,xi,26P-04617,Channel Islands Survey,,,,,,
