Family,Taxa_name,Syn,Eliminate,assign_by_island,SMI,SR,SCR,A,SBA,SNI,SCL,SCA
Adoxaceae,Sambucus nigra subsp. caerulea,,,,,1,1,,,,1,1
Agavaceae,Agave americana,,,,,1,1,,,1,1,1
Agavaceae,Chlorogalum pomeridianum var. pomeridianum,,,,,1,,,,,,1
Aizoaceae,Aptenia cordifolia,,,,,,,1,,,,1
Aizoaceae,Carpobrotus chilensis,,,,1,1,1,1,,1,1,1
Aizoaceae,Carpobrotus edulis,,,,1,1,1,1,,1,1,1
Aizoaceae,Delosperma litorale,,,,,,,,,1,,
Aizoaceae,Malephora crocea,,,,,,,1,,1,1,
Aizoaceae,Mesembryanthemum crystallinum,,,,1,1,1,1,1,1,1,1
Aizoaceae,Mesembryanthemum nodiflorum,,,,1,1,1,1,1,1,1,1
Aizoaceae,Sesuvium verrucosum,,,,,,,,,,1,
Aizoaceae,Tetragonia tetragonioides,,,,1,1,1,1,,1,,1
Alliaceae,Allium lacunosum var. lacunosum,,,,,1,1,,,,,
Alliaceae,Allium peninsulare var. peninsulare,,elim,,,,,,,,,
Alliaceae,Allium praecox,,,,1,1,1,,,,1,1
Amaranthaceae,Amaranthus albus,,,,,1,1,1,,,,1
Amaranthaceae,Amaranthus blitoides,,,,,1,1,,,,,
Amaranthaceae,Amaranthus deflexus,,,,,,1,,,,,1
Amaranthaceae,Amaranthus powellii,,,,,,1,1,,,,
Amaryllidaceae,Narcissus tazetta,,elim,,,,,,,,,
Anacardiaceae,Malosma laurina,,,,,,,,,,1,1
Anacardiaceae,Rhus integrifolia,,,,1,1,1,1,,,1,1
Anacardiaceae,Rhus ovata,,,,,,1,,,,1,1
Anacardiaceae,Schinus molle,,,,,1,1,,,1,1,1
Anacardiaceae,Toxicodendron diversilobum,,,,1,1,1,1,,1,1,1
Apiaceae,Apiastrum angustifolium,,,,1,1,1,1,1,1,1,1
Apiaceae,Apium graveolens,,,,,1,1,,,1,1,
Apiaceae,Berula erecta,,,,1,,1,,,1,,
Apiaceae,Bowlesia incana,,,,,1,1,,,,1,1
Apiaceae,Conium maculatum,,,,,,1,,,1,1,
Apiaceae,Daucus carota,,,,,,,,,1,,
Apiaceae,Daucus pusillus,,,,1,1,1,1,1,1,1,1
Apiaceae,Foeniculum vulgare,,,,1,1,1,,,1,1,1
Apiaceae,Lomatium caruifolium var. caruifolium,,,,1,1,1,,,,,
Apiaceae,Lomatium insulare,,,,,,,,,1,1,
Apiaceae,Lomatium utriculatum,,,,1,1,1,,,,,
Apiaceae,Sanicula arguta,,,,1,1,1,1,,1,1,1
Apiaceae,Sanicula crassicaulis,,,,,,,,,,,1
Apiaceae,Sanicula hoffmannii,,,,,1,1,,,,,
Apiaceae,Torilis arvensis,,,,,,1,,,,,1
Apiaceae,Torilis nodosa,,,,1,1,1,,,1,,1
Apiaceae,Yabea microcarpa,,,,,,1,,,,1,1
Apocynaceae,Asclepias fascicularis,,,,,1,1,,,,,1
Apocynaceae,Funastrum cynanchoides  var. hartwegii ,,,,,,,,,,,1
Apocynaceae,Vinca major,,,,,,1,,,,,1
Araceae,Zantedeschia aethiopica,,elim,,1,,,,,,,
Arecaceae,Phoenix canariensis,,,,,,,,,,,1
Arecaceae,Washingtonia filifera ,,,,1,,1,,,,,1
Arecaceae,Washingtonia robusta,,,,,,,,,,,1
Asparagaceae,Asparagus asparagoides,,,,,,,,,1,,1
Asparagaceae,Asparagus officinalis subsp. officinalis,,,,,,,,,,,1
Asphodelaceae,Asphodelus fistulosus,,,,,,,,,,1,
Asteraceae,Achillea millefolium,,,,1,1,1,1,1,1,1,1
Asteraceae,Achyrachaena mollis,,,,,1,1,,,,1,1
Asteraceae,Acourtia microcephala,,,,,1,1,,,,,1
Asteraceae,Agoseris apargioides,,,,,1,,,,,,
Asteraceae,Agoseris grandiflora,Agoseris grandiflora var. grandiflora,,,1,1,1,,,,,
Asteraceae,Agoseris grandiflora var. grandiflora,,,,1,1,1,,,,,
Asteraceae,Agoseris heterophylla,,,,,1,,,,,,
Asteraceae,Amblyopappus pusillus,,,,1,1,1,1,1,1,1,1
Asteraceae,Ambrosia acanthicarpa,,,,,,,,,,,1
Asteraceae,Ambrosia chamissonis,,,,1,1,1,1,,1,1,1
Asteraceae,Ambrosia psilostachya,,,,1,1,1,,,1,1,1
Asteraceae,Anthemis cotula,,,,,1,1,,,,,1
Asteraceae,Arctium minus,,,,,1,,,,,,
Asteraceae,Artemisia californica,,,,1,1,1,1,1,1,1,1
Asteraceae,Artemisia douglasiana,,,,,1,1,,,,,1
Asteraceae,Artemisia dracunculus,,,,,,,,,,,1
Asteraceae,Artemisia nesiotica,,,,,,,,1,1,1,
Asteraceae,Baccharis glutinosa,,,,1,1,1,,,,1,1
Asteraceae,Baccharis pilularis subsp. consanguinea,,,,1,1,1,1,1,1,1,1
Asteraceae,Baccharis plummerae subsp. plummerae,,,,,,1,1,,,,
Asteraceae,Baccharis salicifolia,,,,1,1,1,1,,1,1,1
Asteraceae,Baccharis salicina,,,,,,,,1,,1,1
Asteraceae,Baccharis sarothroides,,,,,,,,,,,1
Asteraceae,Bahiopsis laciniata,,,,,,,,,,1,
Asteraceae,Blennosperma nanum,Blennosperma nanum var. nanum,,,,,1,,,,,
Asteraceae,Blennosperma nanum var. nanum,,,,,,1,,,,,
Asteraceae,Brickellia californica,,,,,1,1,1,,,1,1
Asteraceae,Calendula officinalis,,,,,,,,,,,
Asteraceae,Carduus pycnocephalus subsp. pycnocephalus,,,,1,1,1,,,,,1
Asteraceae,Centaurea benedicta,,,,,,1,,,,,
Asteraceae,Centaurea cineraria,,,,,,,,,,,1
Asteraceae,Centaurea cyanus,,elim,,,,,,,,,
Asteraceae,Centaurea melitensis,,,,1,1,1,1,1,1,1,1
Asteraceae,Centaurea solstitialis,,,,,1,1,,,1,,1
Asteraceae,Centromadia fitchii,,,,,,1,,,,,
Asteraceae,Centromadia pungens subsp. pungens,,,,,,,,,,,1
Asteraceae,Chaenactis glabriuscula,,,,,1,,,,,,
Asteraceae,Cichorium intybus,,,,,,1,,,,,
Asteraceae,Cirsium brevistylum,,,,,,1,,,,,
Asteraceae,Cirsium occidentale,,,,,,,,,,,
Asteraceae,Cirsium occidentale var. californicum,,,,,1,1,,,,,1
Asteraceae,Cirsium occidentale var. coulteri,,,,,,,,,,1,
Asteraceae,Cirsium occidentale var. occidentale,,,,1,1,1,,,1,1,1
Asteraceae,Cirsium ochrocentrum var. ochrocentrum,,,,,1,,,,,,
Asteraceae,Cirsium undulatum,,elim,,,,,,,,,
Asteraceae,Cirsium vulgare,,,,1,1,1,,,,,1
Asteraceae,Constancea nevinii,,,,,,,,1,,1,1
Asteraceae,Corethrogyne filaginifolia,,,,1,1,1,1,,,,1
Asteraceae,Cotula australis,,,,1,1,1,1,1,,1,1
Asteraceae,Cotula coronopifolia,,,,1,1,1,1,,1,,1
Asteraceae,Crepis setosa,,,,,,,,,,,1
Asteraceae,Cynara cardunculus,Cynara cardunculus subsp. flavescens,,,,,1,,,1,1,1
Asteraceae,Cynara cardunculus subsp. flavescens,,,,,,1,,,1,1,1
Asteraceae,Deinandra clementina,,,,,,1,1,1,1,1,1
Asteraceae,Deinandra fasciculata,,,,,1,1,1,1,,1,1
Asteraceae,Deinandra increscens subsp. increscens,,,,,1,1,,,,,
Asteraceae,Delairea odorata,,,,,1,,1,,,,1
Asteraceae,Encelia californica,,,,,,1,1,1,1,1,1
Asteraceae,Ericameria ericoides,,,,,,1,,,,,
Asteraceae,Ericameria palmeri var. pachylepis,,,,,,,,,,,1
Asteraceae,Erigeron bonariensis,,,,1,1,1,1,1,1,1,1
Asteraceae,Erigeron canadensis,,,,1,1,1,1,1,1,1,1
Asteraceae,Erigeron foliosus var. foliosus,,,,1,1,1,1,,,,1
Asteraceae,Erigeron glaucus,,,,1,1,1,1,,,,
Asteraceae,Erigeron sanctarum,,,,,1,1,,,,,
Asteraceae,Erigeron sumatrensis,,,,1,,1,,,,,
Asteraceae,Eriophyllum confertiflorum var. confertiflorum,,,,1,1,1,1,,,1,1
Asteraceae,Eriophyllum staechadifolium,,,,1,1,1,1,,,,
Asteraceae,Eurybia radulina,,,,,1,1,,,,,
Asteraceae,Euthamia occidentalis,,,,,,,1,,,,1
Asteraceae,Gamochaeta ustulata,,,,1,1,1,1,,,,1
Asteraceae,Glebionis coronaria,,,,,,1,,,1,1,1
Asteraceae,Gnaphalium palustre,,,,,,1,,,1,1,1
Asteraceae,Grindelia camporum,,,,,1,1,1,,1,1,1
Asteraceae,Grindelia hirsutula,,,,,1,,,,1,,
Asteraceae,Grindelia stricta var. platyphylla,,,,,1,1,1,,,,
Asteraceae,Hazardia cana,,,,,,,,,,1,
Asteraceae,Hazardia detonsa,,,,,1,1,1,,,,
Asteraceae,Hazardia squarrosa,Hazardia squarrosa var. grindelioides,,,1,1,1,1,,,,1
Asteraceae,Hazardia squarrosa var. grindelioides,,,,1,1,1,1,,,,1
Asteraceae,Hedypnois rhagadioloides,Hedypnois cretica,,,,,,,1,,1,1
Asteraceae,Helenium puberulum,,,,,,,,,,,1
Asteraceae,Helianthus annuus,,,,,,1,1,,1,1,1
Asteraceae,Helminthotheca echioides,,,,,,1,,,1,,1
Asteraceae,Hesperevax sparsiflora,,,,,1,,,,,1,
Asteraceae,Heterotheca grandiflora,,,,,1,1,,,1,1,1
Asteraceae,Hieracium argutum,,,,,1,1,,,,,
Asteraceae,Hypochaeris glabra,,,,1,1,1,1,,,1,1
Asteraceae,Hypochaeris radicata,,,,,,,,,1,1,1
Asteraceae,Isocoma menziesii,,,,1,1,1,1,,1,1,1
Asteraceae,Isocoma menziesii var. decumbens,Isocoma menziesii,,,1,1,1,1,,1,1,1
Asteraceae,Isocoma menziesii var. menziesii,Isocoma menziesii,,,1,1,1,1,,1,1,1
Asteraceae,Isocoma menziesii var. sedoides,Isocoma menziesii,,,1,1,1,1,,1,1,1
Asteraceae,Isocoma menziesii var. vernonioides,Isocoma menziesii,,,1,1,1,1,,1,1,1
Asteraceae,Jaumea carnosa,,,,1,1,1,,,,,1
Asteraceae,Lactuca saligna,,,,1,1,1,,,1,,1
Asteraceae,Lactuca serriola,,,,1,1,1,1,,1,1,1
Asteraceae,Laennecia coulteri,,,,,1,1,,1,,1,1
Asteraceae,Lasthenia californica subsp. californica,Lasthenia glabrata subsp. coulteri,,,,1,,,,,,
Asteraceae,Lasthenia glabrata,Lasthenia glabrata subsp. coulteri,,,,1,,,,,,
Asteraceae,Lasthenia glabrata subsp. coulteri,,,,,1,,,,,,
Asteraceae,Lasthenia gracilis,,,,1,1,1,1,1,1,1,1
Asteraceae,Layia platyglossa,,,,1,1,1,,,,1,1
Asteraceae,Lepidospartum squamatum,,,,,,1,,,,,
Asteraceae,Leptosyne gigantea,,,,1,1,1,1,1,1,1,1
Asteraceae,Logfia arizonica,,,,,,1,,1,,1,1
Asteraceae,Logfia filaginoides,,,,1,1,1,1,1,1,1,1
Asteraceae,Logfia gallica,,,,,1,1,,,,1,1
Asteraceae,Madia exigua,,,,,,1,,,,,1
Asteraceae,Madia gracilis,,,,,,1,,,,,1
Asteraceae,Madia sativa,,,,,1,1,,,,1,1
Asteraceae,Malacothrix clevelandii,,,,,1,,,,,,1
Asteraceae,Malacothrix coulteri,,,,,1,1,,,,,
Asteraceae,Malacothrix foliosa,,elim,,,,,,,,,
Asteraceae,Malacothrix foliosa subsp. crispifolia,,,,,,,1,,,,
Asteraceae,Malacothrix foliosa subsp. foliosa,,,,,,,,,,1,
Asteraceae,Malacothrix foliosa subsp. philbrickii,,,,,,,,1,,,
Asteraceae,Malacothrix foliosa subsp. polycephala,,,,,,,,,1,,
Asteraceae,Malacothrix incana,,,,1,1,,,,1,1,
Asteraceae,Malacothrix indecora,,,,1,1,1,,,,,
Asteraceae,Malacothrix junakii,,,,,,,1,,,,
Asteraceae,Malacothrix saxatilis,,elim,,,,,,,,,
Asteraceae,Malacothrix saxatilis var. implicata,,,,1,1,1,1,1,1,,
Asteraceae,Malacothrix saxatilis var. tenuifolia,,,,,,,,,1,1,1
Asteraceae,Malacothrix similis,,,,1,,1,,,,,
Asteraceae,Malacothrix squalida,,,,,,1,1,,,,
Asteraceae,Matricaria discoidea,,,,,1,1,1,,,,1
Asteraceae,Matricaria occidentalis,,,,,,,,,,,1
Asteraceae,Micropus californicus var. californicus,,,,,1,1,,,,,1
Asteraceae,Microseris douglasii,,,,,,,,,1,1,1
Asteraceae,Microseris douglasii subsp. douglasii,,,,,,,,,1,1,
Asteraceae,Microseris douglasii subsp. platycarpha,,,,,,,,,,1,1
Asteraceae,Microseris douglasii subsp. tenella,,,,1,1,1,,,1,,
Asteraceae,Microseris elegans,,,,1,,1,,,1,1,
Asteraceae,Munzothamnus blairii,,,,,,,,,,1,
Asteraceae,Pentachaeta lyonii,,,,,,,,,,,1
Asteraceae,Perityle emoryi,,,,,1,1,1,1,,1,1
Asteraceae,Pluchea odorata var. odorata,,,,,1,1,,,,,1
Asteraceae,Pluchea sericea,,,,,,,,,,,1
Asteraceae,Pseudognaphalium beneolens,,,,,1,1,,,,1,1
Asteraceae,Pseudognaphalium biolettii,,,,1,1,1,1,1,1,1,1
Asteraceae,Pseudognaphalium californicum,,,,1,1,1,1,1,1,1,1
Asteraceae,Pseudognaphalium canescens,,,,,1,1,1,1,1,1,1
Asteraceae,Pseudognaphalium luteoalbum,,,,1,1,1,1,1,1,1,1
Asteraceae,Pseudognaphalium microcephalum,,,,,1,1,1,1,,1,1
Asteraceae,Pseudognaphalium ramosissimum,,,,,,1,,,,,
Asteraceae,Pseudognaphalium stramineum,,,,1,1,1,1,,1,1,1
Asteraceae,Psilocarphus brevissimus var. brevissimus,,,,,,,,,,1,
Asteraceae,Psilocarphus tenellus,,,,,1,1,,,,1,1
Asteraceae,Pulicaria paludosa,,,,,,,,,,,1
Asteraceae,Rafinesquia californica,,,,,1,1,1,1,,1,1
Asteraceae,Senecio aphanactis,,,,,1,1,,,,,1
Asteraceae,Senecio flaccidus var. douglasii,,,,,,1,,,,1,1
Asteraceae,Senecio glomeratus,,,,1,1,1,,,,,
Asteraceae,Senecio lyonii,,,,,,,,,,1,1
Asteraceae,Senecio vulgaris,,,,1,1,1,1,,1,1,1
Asteraceae,Silybum marianum,,,,,1,1,,1,1,,1
Asteraceae,Solidago velutina subsp. californica,,,,,1,1,,,,,1
Asteraceae,Soliva sessilis,,,,,,,,,,,1
Asteraceae,Sonchus asper subsp. asper,,,,1,1,1,1,,1,1,1
Asteraceae,Sonchus oleraceus,,,,1,1,1,1,1,1,1,1
Asteraceae,Sonchus tenerrimus,,,,,,,,1,1,1,1
Asteraceae,Stebbinsoseris heterocarpa,,,,,1,1,1,,1,1,1
Asteraceae,Stephanomeria cichoriacea,,,,,1,1,,,,,
Asteraceae,Stephanomeria diegensis,,,,,1,1,,,,1,1
Asteraceae,Stephanomeria exigua subsp. coronaria,,,,1,1,1,,,,,1
Asteraceae,Stephanomeria virgata,Stephanomeria virgata subsp. virgata,,,,1,1,,,,1,1
Asteraceae,Stephanomeria virgata subsp. pleurocarpa,Stephanomeria virgata subsp. virgata,,,,1,1,,,,1,1
Asteraceae,Stephanomeria virgata subsp. virgata,,,,,1,1,,,,1,1
Asteraceae,Stylocline gnaphaloides,,,,,1,1,,,,1,1
Asteraceae,Symphyotrichum chilense,,,,,1,1,,,,,
Asteraceae,Symphyotrichum subulatum,,,,,1,1,,,,1,
Asteraceae,Taraxacum erythrospermum,,,,,,1,,,,,1
Asteraceae,Taraxacum officinale,,,,,1,1,,,1,,1
Asteraceae,Tragopogon porrifolius,,,,,,1,,,1,1,1
Asteraceae,Uropappus lindleyi,,,,1,1,1,1,1,1,1,1
Asteraceae,Urospermum picroides,,,,,,1,,,,,
Asteraceae,Venegasia carpesioides,,,,,1,1,,,,,
Asteraceae,Xanthium spinosum,,,,1,1,1,,1,,,1
Asteraceae,Xanthium strumarium,,,,,1,1,,,1,1,1
Athyriaceae,Athyrium filix-femina var. cyclosorum,,,,,1,1,,,,,
Azollaceae,Azolla filiculoides,,,,,,,,,,,1
Bataceae,Batis maritima,,,,,,,,,,1,1
Berberidaceae,Berberis pinnata,Berberis pinnata subsp. insularis,,,,1,1,1,,,,
Berberidaceae,Berberis pinnata subsp. insularis,,,,,1,1,1,,,,
Boraginaceae,Amsinckia intermedia,,,,1,1,1,1,1,1,1,1
Boraginaceae,Amsinckia menziesii,,,,1,,1,1,,,1,1
Boraginaceae,Amsinckia spectabilis var. spectabilis,,,,1,1,1,1,1,1,1,1
Boraginaceae,Cryptantha clevelandii,,,,1,1,1,1,1,1,1,1
Boraginaceae,Cryptantha hipidissima,,,,1,1,,,,,,
Boraginaceae,Cryptantha intermedia,,,,,,,,,,1,1
Boraginaceae,Cryptantha leiocarpa,,,,,1,1,,,,,
Boraginaceae,Cryptantha maritima,,,,,,,,1,1,1,1
Boraginaceae,Cryptantha micromeres,,,,,1,1,,,,,1
Boraginaceae,Cryptantha microstachys,,,,,,,,,,,1
Boraginaceae,Cryptantha muricata,,,,,,1,,,,,
Boraginaceae,Cryptantha traskiae,,,,,,,,,1,1,1
Boraginaceae,Cryptantha wigginsii,,,,,,,,,,,1
Boraginaceae,Echium candicans,,,,,,,,,,,1
Boraginaceae,Harpagonella palmeri,,,,,,,,,,,1
Boraginaceae,Pectocarya,,elim,,,,,,,,,
Boraginaceae,Pectocarya heterocarpa,,,,,,1,,,,,
Boraginaceae,Pectocarya linearis subsp. ferocula,,,,,1,1,1,,1,1,1
Boraginaceae,Pectocarya penicillata,,,,,,1,,,,,1
Boraginaceae,Plagiobothrys acanthocarpus,,,,,,1,,,,,1
Boraginaceae,Plagiobothrys canescens var. catalinensis,,,,,?,1,1,,,1,1
Boraginaceae,Plagiobothrys collinus,,,,,,,,,,,
Boraginaceae,Plagiobothrys collinus var. californicus,,,,,,1,,,,1,1
Boraginaceae,Plagiobothrys collinus var. fulvescens,,,,,,,,,,,1
Boraginaceae,Plagiobothrys collinus var. gracilis,,,,1,,1,1,,,1,1
Brassicaceae,Athysanus pusillus,,,,,,1,,,,1,1
Brassicaceae,Boechera hoffmannii,,,,,1,1,,,,,
Brassicaceae,Brassica nigra,,,,,1,1,1,1,1,1,1
Brassicaceae,Brassica rapa,,,,1,1,1,,,,1,1
Brassicaceae,Brassica tournefortii,,,,,,,,,1,1,
Brassicaceae,Cakile edentula,,,,1,1,,,,1,,
Brassicaceae,Cakile maritima,Cakile maritima subsp. maritima,,,1,1,1,1,,1,1,1
Brassicaceae,Cakile maritima subsp. maritima,,,,1,1,1,1,,1,1,1
Brassicaceae,Capsella bursa-pastoris,,,,1,1,1,,,,1,1
Brassicaceae,Cardamine californica,,,,1,1,1,1,,,,1
Brassicaceae,Cardamine oligosperma,,,,,,1,,,,,1
Brassicaceae,Caulanthus lasiophyllus,,,,1,1,1,1,1,,1,1
Brassicaceae,Descurainia pinnata,,,,,1,1,1,,,1,1
Brassicaceae,Dithyrea maritima,,,,1,,,,,1,,1
Brassicaceae,Draba cuneifolia,,,,,,1,,,1,1,1
Brassicaceae,Erysimum ammophilum,,,,1,1,,,,,,
Brassicaceae,Erysimum cheiri,,,,,,,,,,,1
Brassicaceae,Erysimum insulare,,,,1,1,1,1,,,,
Brassicaceae,Hirschfeldia incana,,,,1,1,1,,,1,1,1
Brassicaceae,Hornungia procumbens,,,,1,1,1,1,1,1,1,
Brassicaceae,Lepidium didymum,,,,,,,1,,,1,1
Brassicaceae,Lepidium draba,,,,,1,1,,,,,1
Brassicaceae,Lepidium lasiocarpum subsp. lasiocarpum,,,,,,,,,1,1,1
Brassicaceae,Lepidium latipes,,,,,,1,,,,1,1
Brassicaceae,Lepidium nitidum,,,,1,1,1,1,1,1,1,1
Brassicaceae,Lepidium oblongum,,,,1,1,1,1,,1,1,1
Brassicaceae,Lepidium strictum,,,,,,,,,,,1
Brassicaceae,Lepidium virginicum,Lepidium virginicum subsp. menziesii,,,,,1,,,,1,1
Brassicaceae,Lepidium virginicum subsp. menziesii,,,,,,1,,,,1,1
Brassicaceae,Lobularia maritima,,,,,,,,,1,1,1
Brassicaceae,Nasturtium officinale,,,,,,1,,,1,,1
Brassicaceae,Raphanus raphanistrum,,,,,1,1,,,,1,1
Brassicaceae,Raphanus sativus,,,,1,1,1,,,1,1,1
Brassicaceae,Sibara filifolia,,,,,,1,,,,1,1
Brassicaceae,Sinapis arvensis,,,,,,1,,,,,1
Brassicaceae,Sisymbrium altissimum,,,,,,,,,,,1
Brassicaceae,Sisymbrium irio,,,,,,,1,,1,1,1
Brassicaceae,Sisymbrium officinale,,,,,1,1,,,,,1
Brassicaceae,Sisymbrium orientale,,,,,,,1,,1,1,1
Brassicaceae,Thysanocarpus conchuliferus,,,,,,1,,,,,
Brassicaceae,Thysanocarpus curvipes,,,,,,1,,,,1,1
Brassicaceae,Thysanocarpus laciniatus,,,,,1,1,,,,1,1
Brassicaceae,Tropidocarpum gracile,,,,,,,,,,1,1
Brassicaceae,Turritis glabra,,,,,,1,,,,,1
Cactaceae,Bergerocactus emoryi,,,,,,,,,,1,1
Cactaceae,Cylindropuntia prolifera,,,,,1,1,1,1,1,1,1
Cactaceae,Echinopsis candicans,,elim,,,,,,,,,
Cactaceae,Opuntia ficus-indica,,,,,,1,1,,1,1,1
Cactaceae,Opuntia littoralis,,,,1,1,1,1,1,1,1,1
Cactaceae,Opuntia oricola,,,,1,1,1,1,1,1,1,1
Cactaceae,Opuntia X occidentalis,,elim,,,,,,,,,
Campanulaceae,Githopsis diffusa subsp. diffusa,,,,,,1,,,,,
Campanulaceae,Lobelia dunnii var. serrata,,,,,,,,,,,1
Campanulaceae,Triodanis biflora,,,,,1,1,,,,1,1
Caprifoliaceae,Lonicera hispidula,,,,,1,1,,,,1,1
Caprifoliaceae,Lonicera interrupta,,,,,,1,,,,,?
Caprifoliaceae,Lonicera subspicata,,,,,,1,,,,,1
Caprifoliaceae,Lonicera subspicata var. denudata,,,,,,1,,,,,1
Caprifoliaceae,Lonicera subspicata var. subspicata,,,,,1,1,,,,,1
Caprifoliaceae,Symphoricarpos mollis,,,,,1,1,,,,,1
Caryophyllaceae,Cardionema ramosissimum,,,,1,1,1,,,,1,
Caryophyllaceae,Cerastium glomeratum,,,,1,1,1,1,,,1,1
Caryophyllaceae,Herniaria hirsuta,Herniaria hirsuta var. cinerea,,,1,1,,,1,1,1,1
Caryophyllaceae,Herniaria hirsuta var. cinerea,,,,1,1,,,1,1,1,1
Caryophyllaceae,Loeflingia squarrosa,,,,,,,,,1,,
Caryophyllaceae,Minuartia douglasii,,,,,1,1,,,,1,1
Caryophyllaceae,Polycarpon depressum,,,,1,,1,,,,1,1
Caryophyllaceae,Polycarpon tetraphyllum,,,,1,1,1,1,1,,1,1
Caryophyllaceae,Sagina apetala,,,,1,1,1,,,1,,1
Caryophyllaceae,Sagina decumbens subsp. occidentalis,,,,1,1,1,,,,,1
Caryophyllaceae,Silene antirrhina,,,,1,1,1,,,,1,1
Caryophyllaceae,Silene gallica,,,,1,1,1,1,1,1,1,1
Caryophyllaceae,Silene laciniata,Silene laciniata subsp. laciniata,,,1,1,1,1,,,1,1
Caryophyllaceae,Silene laciniata subsp. laciniata,,,,1,1,1,1,,,1,1
Caryophyllaceae,Silene multinervia,,,,,,1,,,,,1
Caryophyllaceae,Spergula arvensis,,,,,1,,,,,,1
Caryophyllaceae,Spergularia bocconi,,,,1,1,1,1,1,1,1,1
Caryophyllaceae,Spergularia macrotheca,,,,1,1,1,1,1,1,1,1
Caryophyllaceae,Spergularia macrotheca var. leucantha,Spergularia macrotheca,,,1,1,1,1,1,1,1,1
Caryophyllaceae,Spergularia macrotheca var. macrotheca,Spergularia macrotheca,,,1,1,1,1,1,1,1,1
Caryophyllaceae,Spergularia marina,,,,,1,1,1,1,1,1,1
Caryophyllaceae,Spergularia villosa,,,,,1,1,,,1,1,1
Caryophyllaceae,Stellaria media,,,,1,1,1,1,,,1,1
Caryophyllaceae,Stellaria nitens,,,,,1,1,,,,,1
Caryophyllaceae,Stellaria pallida,,,,,,1,,,,1,1
Chenopodiaceae,Aphanisma blitoides,,,,1,1,1,1,1,1,1,1
Chenopodiaceae,Arthrocnemum subterminale,,,,1,1,1,,,,1,1
Chenopodiaceae,Atriplex argentea var. expansa,,,,,1,1,,,1,1,1
Chenopodiaceae,Atriplex canescens,,,,,,,,,1,,
Chenopodiaceae,Atriplex coulteri,,,,1,1,1,1,,,1,1
Chenopodiaceae,Atriplex lentiformis,,,,,,1,1,,1,1,1
Chenopodiaceae,Atriplex leucophylla,,,,1,1,1,1,,1,1,1
Chenopodiaceae,Atriplex pacifica,,,,,1,1,1,1,1,1,1
Chenopodiaceae,Atriplex parishii,,elim,,,,,,,,,
Chenopodiaceae,Atriplex prostrata,,,,1,,1,,,1,,1
Chenopodiaceae,Atriplex rosea,,,,,,,,,,,1
Chenopodiaceae,Atriplex semibaccata,,,,1,1,1,1,1,1,1,1
Chenopodiaceae,Atriplex serenana,,elim,,,,,,,,,
Chenopodiaceae,Atriplex serenana var. davidsonii,,,,,1,,,,,,1
Chenopodiaceae,Atriplex serenana var. serenana,,,,,,1,,,,,1
Chenopodiaceae,Atriplex suberecta,,,,,,,1,,,,1
Chenopodiaceae,Atriplex watsonii,,,,1,1,1,1,,1,1,1
Chenopodiaceae,Bassia hyssopifolia ,,,,,,,,,1,1,1
Chenopodiaceae,Beta vulgaris,Beta vulgaris subsp. maritima,,,1,1,1,1,,,1,1
Chenopodiaceae,Beta vulgaris subsp. maritima,,,,1,1,1,1,,,1,1
Chenopodiaceae,Chenopodium berlandieri,,,,,1,1,1,,1,,1
Chenopodiaceae,Chenopodium californicum,,,,1,1,1,1,1,1,1,1
Chenopodiaceae,Chenopodium macrospermum,,,,,,,,,1,1,1
Chenopodiaceae,Chenopodium murale,,,,1,1,1,1,1,1,1,1
Chenopodiaceae,Dysphania ambrosioides,,,,,1,1,,,1,1,1
Chenopodiaceae,Dysphania multifida,,,,,1,,,,,1,
Chenopodiaceae,Dysphania pumilio,,,,,,,,,,,1
Chenopodiaceae,Extriplex californica,,,,1,1,1,1,1,1,1,1
Chenopodiaceae,Monolepis nuttalliana,,,,1,1,1,,1,,1,
Chenopodiaceae,Salicornia pacifica,,,,1,1,1,1,,1,1,1
Chenopodiaceae,Salsola australis,,,,,1,1,,,1,1,1
Chenopodiaceae,Salsola tragus,,,,,,,1,,,,1
Chenopodiaceae,Suaeda calceoliformis,,,,,,,,,,,1
Chenopodiaceae,Suaeda californica,,elim,,,,,,,,,
Chenopodiaceae,Suaeda taxifolia,,,,1,1,1,1,1,1,1,1
Cistaceae,Crocanthemum greenei,,,,1,1,1,,,,,1
Cistaceae,Crocanthemum scoparium,,,,,1,1,,,,1,1
Cleomaceae,Peritoma arborea,,,,,1,,,,,1,1
Convolvulaceae,Calystegia macrostegia,,elim,,,,,,,,,
Convolvulaceae,Calystegia macrostegia subsp. amplissima,,,,,,,,1,1,1,
Convolvulaceae,Calystegia macrostegia subsp. cyclostegia,,,,,,,,,,,1
Convolvulaceae,Calystegia macrostegia subsp. intermedia,,,,,,,,,,,1
Convolvulaceae,Calystegia macrostegia subsp. macrostegia,,,,1,1,1,1,,,,1
Convolvulaceae,Calystegia soldanella,,,,1,1,1,,,1,1,1
Convolvulaceae,Convolvulus arvensis,,,,,1,1,,,1,,1
Convolvulaceae,Convolvulus simulans,,,,,,1,,,,1,1
Convolvulaceae,Cuscuta californica var. californica,,elim,,,,,,,,,
Convolvulaceae,Cuscuta campestris,,,,1,,,,,,,1
Convolvulaceae,Cuscuta occidentalis,,,,,,,,,,1,1
Convolvulaceae,Cuscuta salina,,,,,,1,,,,,
Convolvulaceae,Cuscuta subinclusa,,,,,,,,,1,,
Convolvulaceae,Dichondra micrantha ,,,,,,,,,1,,
Convolvulaceae,Dichondra occidentalis,,,,1,1,1,,,,,1
Convolvulaceae,Cressa truxillensis,,,,1,1,1,1,,1,1,1
Cornaceae,Cornus glabrata,,,,,,,,,,1,1
Crassulaceae,Crassula aquatica,,,,,,,,,,,1
Crassulaceae,Crassula connata,,,,1,1,1,1,1,1,1,1
Crassulaceae,Crassula solieri,,,,,,,,,,1,
Crassulaceae,Crassula tillaea,,,,,,,,,,1,
Crassulaceae,Dudleya blochmaniae,,elim,,,,,,,,,
Crassulaceae,Dudleya blochmaniae subsp. blochmaniae,,,,,,1,,,,,
Crassulaceae,Dudleya blochmaniae subsp. insularis,,,,,1,,,,,,
Crassulaceae,Dudleya caespitosa,,,,,,,1,,,,
Crassulaceae,Dudleya candelabrum,,,,1,1,1,,,,,
Crassulaceae,Dudleya gnoma,,,,,1,,,,,,
Crassulaceae,Dudleya greenei,,,,1,1,1,,,,,1
Crassulaceae,Dudleya nesiotica,,,,,,1,,,,,
Crassulaceae,Dudleya traskiae,,,,,,,,1,,,
Crassulaceae,Dudleya virens,,,assign by island,,,,,,,,
Crassulaceae,Dudleya virens subsp. hassei,,,assign by island,,,,,,,,1
Crassulaceae,Dudleya virens subsp. insularis,,,assign by island,,,,,,1,,1
Crassulaceae,Dudleya virens subsp. virens,,,assign by island,,,,,,,1,
Crossosomataceae,Crossosoma californicum,,,,,,,,,,1,1
Cucurbitaceae,Cucurbita foetidissima,,,,,,1,,,,,
Cucurbitaceae,Marah fabacea,,,,1,,1,,,1,1,1
Cucurbitaceae,Marah macrocarpa,,,,1,1,1,1,1,1,1,1
Cupressaceae,Hesperocyparis macrocarpa,,,,,1,1,1,,,,
Cyperaceae,Bolboschoenus maritimus,Bolboschoenus maritimus subsp. paludosus,,,1,,1,,,,,1
Cyperaceae,Bolboschoenus maritimus subsp. paludosus,,,,1,,1,,,,,1
Cyperaceae,Bolboschoenus robustus,,,,,,,,,,,1
Cyperaceae,Carex barbarae,,,,,,1,,,,,
Cyperaceae,Carex globosa,,,,,1,1,,,,,1
Cyperaceae,Carex gracilior,,,,,1,,,,,,
Cyperaceae,Carex harfordii,,,,,1,1,,,,,
Cyperaceae,Carex pansa,,,,1,1,,,,,,
Cyperaceae,Carex praegracilis,,,,1,1,,,,,,1
Cyperaceae,Carex senta,,,,,,1,,,,,
Cyperaceae,Carex subbracteata,,,,,1,1,,,,,
Cyperaceae,Carex triquetra,,,,,,1,,,,,1
Cyperaceae,Carex tumulicola,,,,,1,1,,,,1,1
Cyperaceae,Cyperus eragrostis,,,,,,,,,,1,1
Cyperaceae,Cyperus esculentus var. leptostachyus,,,,,,,,,,1,1
Cyperaceae,Cyperus involucratus,,,,,,1,,,,,
Cyperaceae,Cyperus odoratus,,,,,,1,,,,,1
Cyperaceae,Eleocharis macrostachya,,,,,1,,,,1,1,1
Cyperaceae,Isolepis cernua,,,,1,1,,,,,,
Cyperaceae,Schoenoplectus americanus,,,,,1,,,,1,,1
Cyperaceae,Schoenoplectus californicus,,,,,,1,,,,,
Cyperaceae,Schoenoplectus pungens var. longispicatus,,,,,1,1,,,,,1
Cyperaceae,Scirpus microcarpus,,,,,,,,,,,1
Dennstaedtiaceae,Pteridium aquilinum var. pubescens,,,,,1,1,,,,,1
Dryopteridaceae,Cyrtomium falcatum,,,,,,1,,,,,
Dryopteridaceae,Dryopteris arguta,,,,1,1,1,1,,,1,1
Dryopteridaceae,Polystichum munitum,,,,,1,1,,,,,
Elatinaceae,Elatine californica,,,,,,,,,,,1
Equisetaceae,Equisetum hyemale subsp. affine,,,,,1,1,,,,,
Equisetaceae,Equisetum laevigatum,,,,,1,1,,,,,1
Equisetaceae,Equisetum telmateia,Equisetum telmateia subsp. braunii,,,,,1,,,,,1
Equisetaceae,Equisetum telmateia subsp. braunii,,,,,,1,,,,,1
Ericaceae,Arbutus menziesii,,,,,,1,,,,,
Ericaceae,Arctostaphylos catalinae,,,,,,,,,,,1
Ericaceae,Arctostaphylos confertiflora,,,,,1,,,,,,
Ericaceae,Arctostaphylos crustacea,,elim,,,,,,,,,
Ericaceae,Arctostaphylos crustacea subsp. crinita,,elim,,,,,,,,,
Ericaceae,Arctostaphylos crustacea subsp. crustacea,,elim,,,,,,,,,
Ericaceae,Arctostaphylos crustacea subsp. insulicola,,,,,1,1,,,,,
Ericaceae,Arctostaphylos crustacea subsp. subcordata,,,,,1,1,,,,,
Ericaceae,Arctostaphylos glandulosa,,elim,,,,,,,,,
Ericaceae,Arctostaphylos insularis,,,,,,1,,,,,
Ericaceae,Arctostaphylos tomentosa,,elim,,,,,,,,,
Ericaceae,Arctostaphylos tomentosa subsp. tomentosa,,elim,,,,,,,,,
Ericaceae,Arctostaphylos viridissima,,,,,,1,,,,,
Ericaceae,Comarostaphylis diversifolia,Comarostaphylis diversifolia subsp. planifolia,,,,1,1,1,,,,1
Ericaceae,Comarostaphylis diversifolia subsp. planifolia,,,,,1,1,1,,,,1
Ericaceae,Vaccinium ovatum,,,,,1,1,,,,,
Ericaceae,Xylococcus bicolor,,,,,,,,,,,1
Euphorbiaceae,Croton californicus,,,,,,,,,,,1
Euphorbiaceae,Croton setiger,,,,,1,1,,,,1,1
Euphorbiaceae,Euphorbia crenulata,,,,,,,,,,,1
Euphorbiaceae,Euphorbia lamarckii var. lamarckii,,,,,,,,,,,1
Euphorbiaceae,Euphorbia maculata,,,,,,1,1,1,,1,1
Euphorbiaceae,Euphorbia misera,,,,,,1,,,,1,1
Euphorbiaceae,Euphorbia peplus,,,,,1,1,,,,1,1
Euphorbiaceae,Euphorbia serpens,,,,,,,,,,1,1
Euphorbiaceae,Euphorbia spathulata,,,,,,1,1,,,1,1
Euphorbiaceae,Ricinus communis,,,,,,,,,1,1,1
Euphorbiaceae,Stillingia linearifolia,,elim,,,,,,,,,
Euphorbiaceae,Euphorbia serpyllifolia subsp. serpyllifolia,,,,,,,,,,,1
Fabaceae,Acacia cyclops,,,,,,,,,,1,
Fabaceae,Acacia dealbata,,,,,,,,,,,
Fabaceae,Acacia decurrens,,,,,,,,,,,1
Fabaceae,Acacia melanoxylon,,,,,,1,,,,,1
Fabaceae,Acmispon americanus var. americanus,,,,,,1,,,,,1
Fabaceae,Acmispon argophyllus,,elim,,,,,,,,,
Fabaceae,Acmispon argophyllus var. adsurgens,,,,,,,,,,1,
Fabaceae,Acmispon argophyllus var. argenteus,,,,not on CCH2,1,,,1,1,1,1
Fabaceae,Acmispon argophyllus var. argophyllus,,elim,,,,,,,,,
Fabaceae,Acmispon argophyllus var. niveus,,,,,,1,,,,,
Fabaceae,Acmispon brachycarpus,,,,,,1,,,,,1
Fabaceae,Acmispon dendroideus,,,assign subsp by island,,,,,,,,
Fabaceae,Acmispon dendroideus var. dendroideus,,,assign subsp by island,,1,1,1,,,,1
Fabaceae,Acmispon dendroideus var. traskiae,,,assign subsp by island,,,,,,,1,
Fabaceae,Acmispon dendroideus var. veatchii,,,assign subsp by island,1,,,,,,,
Fabaceae,Acmispon grandiflorus var. grandiflorus,,,,,1,1,,,,,1
Fabaceae,Acmispon heermannii var. heermannii,,,,,,,,,,,1
Fabaceae,Acmispon maritimus var. maritimus,,,,1,1,1,1,,1,1,1
Fabaceae,Acmispon micranthus,,,,,1,1,,,,1,1
Fabaceae,Acmispon parviflorus,,,,,,1,,,,,
Fabaceae,Acmispon strigosus,,,,1,1,1,1,,1,1,1
Fabaceae,Acmispon wrangelianus,,,,1,1,1,1,,,,1
Fabaceae,Albizia lophantha,,,,,,1,,,,,
Fabaceae,Astragalus curtipes,,,,1,1,,,,,,
Fabaceae,Astragalus didymocarpus,Astragalus didymocarpus var. didymocarpus,,,1,1,1,1,,1,1,1
Fabaceae,Astragalus didymocarpus var. didymocarpus,Astragalus didymocarpus var. didymocarpus,,,1,1,1,1,,1,1,1
Fabaceae,Astragalus didymocarpus var. dispermus,Astragalus didymocarpus var. didymocarpus,,,1,1,1,1,,1,1,1
Fabaceae,Astragalus gambelianus,,,,,,1,,,,,1
Fabaceae,Astragalus lentiginosus,,elim,,,,,,,,,
Fabaceae,Astragalus lentiginosus var. borreganus,Astragalus lentiginosus,elim,,,,,,,,,
Fabaceae,Astragalus lentiginosus var. coachellae,Astragalus lentiginosus,elim,,,,,,,,,
Fabaceae,Astragalus lentiginosus var. nigricalycis,Astragalus lentiginosus,elim,,,,,,,,,
Fabaceae,Astragalus leucolobus,,elim,,,,,,,,,
Fabaceae,Astragalus magdalenae var. peirsonii,,elim,,,,,,,,,
Fabaceae,Astragalus miguelensis,,,,1,1,1,1,,,1,
Fabaceae,Astragalus molybdenus,,elim,,,,,,,,,
Fabaceae,Astragalus nevinii,,,,,,,,,,1,
Fabaceae,Astragalus nutans,,elim,,,,,,,,,
Fabaceae,Astragalus nuttallii,,elim,,,,,,,,,
Fabaceae,Astragalus palmeri,,elim,,,,,,,,,
Fabaceae,Astragalus pomonensis,,elim,,,,,,,,,
Fabaceae,Astragalus traskiae,,,,,,,,1,1,,
Fabaceae,Astragalus trichopodus,,elim,,,,,,,,,
Fabaceae,Astragalus trichopodus var. lonchus,,,,1,1,1,1,,,,1
Fabaceae,Astragalus trichopodus var. phoxus,,elim,,,,,,,,,
Fabaceae,Astragalus trichopodus var. trichopodus,,,,,,,,,,,1
Fabaceae,Genista linifolia,,,,,,,,,,,1
Fabaceae,Genista monspessulana,,,,,,,,,,,1
Fabaceae,Lathyrus odoratus,,,,,,,,,,1,1
Fabaceae,Lathyrus tingitanus,,,,,,,,,,,1
Fabaceae,Lathyrus vestitus,,,,,,,,,,,
Fabaceae,Lathyrus vestitus var. alefeldii,,,,,,,,,,,1
Fabaceae,Lathyrus vestitus var. vestitus,,,,,1,1,1,,,1,1
Fabaceae,Lotus corniculatus,,,,,,1,,,,,1
Fabaceae,Lupinus albifrons,Lupinus albifrons var. douglasii,,,1,1,1,1,,1,,1
Fabaceae,Lupinus albifrons var. albifrons,,,,1,1,1,1,,1,,1
Fabaceae,Lupinus albifrons var. douglasii,,,,1,1,1,1,,1,,1
Fabaceae,Lupinus arboreus,,,,1,1,1,,,,,
Fabaceae,Lupinus bicolor,Lupinus bicolor subsp. bicolor,,,1,1,1,1,,1,1,1
Fabaceae,Lupinus bicolor subsp. bicolor,,,,1,1,1,1,,1,1,1
Fabaceae,Lupinus chamissonis,,,,1,1,,,,,,
Fabaceae,Lupinus concinnus,,,,,1,1,,,,1,1
Fabaceae,Lupinus guadalupensis,,,,,,,,,,1,
Fabaceae,Lupinus hirsutissimus,,,,,1,1,1,,,1,1
Fabaceae,Lupinus microcarpus,,,,,1,1,,,,,
Fabaceae,Lupinus microcarpus var. microcarpus,Lupinus microcarpus,,,,1,1,,,,,
Fabaceae,Lupinus sparsiflorus subsp. sparsiflorus,Lupinus microcarpus,,,,1,1,,,,,
Fabaceae,Lupinus succulentus,,,,1,1,1,1,,1,1,1
Fabaceae,Lupinus truncatus,,,,,1,1,1,,,1,1
Fabaceae,Lupinus variicolor,,,,1,,,,,,,
Fabaceae,Medicago minima,,,,,,,,,,,1
Fabaceae,Medicago polymorpha,,,,1,1,1,1,1,1,1,1
Fabaceae,Medicago sativa,,,,1,1,1,1,,1,1,1
Fabaceae,Medicago sphaerocarpos,,,,,,,,,,,1
Fabaceae,Melilotus albus,,,,,,1,1,,1,1,1
Fabaceae,Melilotus indicus,,,,1,1,1,1,1,1,1,1
Fabaceae,Pickeringia montana var. montana,,,,,1,1,,,,,
Fabaceae,Pisum sativum,,,,,,1,,,,,
Fabaceae,Robinia pseudoacacia,,,,,,1,,,1,,1
Fabaceae,Spartium junceum,,,,,,1,,,1,,1
Fabaceae,Trifolium albopurpureum,,,,,1,1,,,1,,1
Fabaceae,Trifolium barbigerum,,,,1,1,,,,,,
Fabaceae,Trifolium ciliolatum,,,,,1,1,,,,,1
Fabaceae,Trifolium depauperatum,,,,1,1,1,1,,1,1,1
Fabaceae,Trifolium depauperatum var. amplectens,Trifolium depauperatum,,,1,1,1,1,,1,1,1
Fabaceae,Trifolium depauperatum var. truncatum,Trifolium depauperatum,,,1,1,1,1,,1,1,1
Fabaceae,Trifolium fucatum,,,,1,1,1,1,,,1,
Fabaceae,Trifolium gracilentum,,,,1,1,1,1,1,1,1,1
Fabaceae,Trifolium hirtum,,,,,,,,,,,1
Fabaceae,Trifolium macraei,,,,,1,1,,,,,1
Fabaceae,Trifolium microcephalum,,,,1,1,1,1,,1,1,1
Fabaceae,Trifolium microdon,,,,,,,,,1,,1
Fabaceae,Trifolium palmeri,,,,,,,1,1,1,1,1
Fabaceae,Trifolium repens,,,,,,,,,,,
Fabaceae,Trifolium willdenovii,,,,1,1,1,1,1,1,1,1
Fabaceae,Vicia americana,Vicia americana subsp. americana,,,1,1,1,,,,,
Fabaceae,Vicia americana subsp. americana,,,,1,1,1,,,,,
Fabaceae,Vicia benghalensis,,,,,,1,1,,1,,1
Fabaceae,Vicia hassei,,,,1,1,1,1,,1,1,1
Fabaceae,Vicia ludoviciana,Vicia ludoviciana subsp. ludoviciana,,,,1,1,1,,,1,1
Fabaceae,Vicia ludoviciana subsp. ludoviciana,,,,,1,1,1,,,1,1
Fabaceae,Vicia sativa,,,,,1,1,1,,1,,
Fabaceae,Vicia sativa subsp. nigra,Vicia sativa,,,,1,1,1,,1,,
Fabaceae,Vicia sativa subsp. sativa,Vicia sativa,,,,1,1,1,,1,,
Fabaceae,Vicia villosa,Vicia villosa subsp. varia,,,,,,,,1,,1
Fabaceae,Vicia villosa subsp. varia,,,,,,,,,1,,1
Fagaceae,Quercus agrifolia var. agrifolia,,,,,1,1,,,,,
Fagaceae,Quercus chrysolepis,,,,,,1,1,,,1,1
Fagaceae,Quercus douglasii,,,,,,1,,,,,1
Fagaceae,Quercus engelmannii,,,,,,,,,,,1
Fagaceae,Quercus kelloggii,,,,,,1,,,,,
Fagaceae,Quercus lobata,,,,,,1,,,,,1
Fagaceae,Quercus pacifica,,,,,1,1,,,,,1
Fagaceae,Quercus parvula,Quercus parvula var. parvula,,,,,1,,,,,
Fagaceae,Quercus parvula var. parvula,,,,,,1,,,,,
Fagaceae,Quercus tomentella,,,,,1,1,1,,,1,1
Fagaceae,Quercus x macdonaldii,,,,,1,1,,,,,1
Frankeniaceae,Frankenia salina,,,,1,1,1,1,,1,1,1
Garryaceae,Garrya veatchii,,,,,,1,,,,,
Gentianaceae,Zeltnera davyi,,,,,1,1,,,,1,
Gentianaceae,Zeltnera venusta,,,,,,,,,1,,1
Geraniaceae,California macrophylla,,,,,,1,,,,,1
Geraniaceae,Erodium botrys,,,,,1,1,,,1,1,1
Geraniaceae,Erodium brachycarpum,,,,,,1,,,,1,1
Geraniaceae,Erodium cicutarium,,,,1,1,1,1,1,1,1,1
Geraniaceae,Erodium moschatum,,,,1,1,1,1,1,1,1,1
Geraniaceae,Erodium texanum,,,,,,,,,,,1
Geraniaceae,Geranium carolinianum,,,,,1,1,,,,,1
Geraniaceae,Geranium dissectum,,,,,1,1,,,,,
Geraniaceae,Geranium molle,,,,,,1,,,,,1
Geraniaceae,Geranium pusillum,,,,,,,,,,,
Geraniaceae,Pelargonium peltatum,,,,,,,,,1,,1
Geraniaceae,Pelargonium x hortorum,,,,1,1,1,,,1,1,1
Grossulariaceae,Ribes indecorum,,elim,,,,,,,,,
Grossulariaceae,Ribes malvaceum,Ribes malvaceum var. malvaceum,,,,1,1,1,,,1,
Grossulariaceae,Ribes malvaceum var. malvaceum,,,,,1,1,1,,,1,
Grossulariaceae,Ribes thacherianum,,,,,,1,,,,,
Grossulariaceae,Ribes viburnifolium,,,,,,,,,,,1
Heliotropaceae,Heliotropium curassavicum var. oculatum,,,,1,1,1,1,,1,1,1
Hydrophyllaceae,Emmenanthe penduliflora var. penduliflora,,,,,,1,,,,1,1
Hydrophyllaceae,Eucrypta chrysanthemifolia,Eucrypta chrysanthemifolia var. chrysanthemifolia,,,1,1,1,1,1,,1,1
Hydrophyllaceae,Eucrypta chrysanthemifolia var. chrysanthemifolia,,,,1,1,1,1,1,,1,1
Hydrophyllaceae,Nemophila menziesii,Nemophila menziesii var. menziesii,,,,,,,,,,1
Hydrophyllaceae,Nemophila menziesii var. menziesii,,,,,,,,,,,1
Hydrophyllaceae,Nemophila pedunculata,,,,1,1,1,,,1,,
Hydrophyllaceae,Phacelia cicutaria,Phacelia cicutaria var. hispida,,,,1,1,1,,,1,1
Hydrophyllaceae,Phacelia cicutaria var. hispida,,,,,1,1,1,,,1,1
Hydrophyllaceae,Phacelia ciliata,,,,,,,,,,,1
Hydrophyllaceae,Phacelia distans,,,,1,1,1,1,1,1,1,1
Hydrophyllaceae,Phacelia douglasii,,,,,,,,,,,1
Hydrophyllaceae,Phacelia floribunda,,,,,,,,1,,1,
Hydrophyllaceae,Phacelia grandiflora,,,,,1,1,,,,,1
Hydrophyllaceae,Phacelia hubbyi,,,,,,1,,,,,
Hydrophyllaceae,Phacelia insularis,Phacelia insularis var. insularis,,,1,1,,,,,,
Hydrophyllaceae,Phacelia insularis var. insularis,,,,1,1,,,,,,
Hydrophyllaceae,Phacelia lyonii,,,,,,,,,,1,1
Hydrophyllaceae,Phacelia minor,,,,,,,,,,,1
Hydrophyllaceae,Phacelia ramosissima,,,,1,1,1,,,,,
Hydrophyllaceae,Phacelia viscida,,,,1?,1,1,1,,,,1
Hydrophyllaceae,Pholistoma auritum var. auritum,,,,,,1,,1,,1,1
Hydrophyllaceae,Pholistoma racemosum,,,,,,1,,1,,1,1
Iridaceae,Sisyrinchium bellum,,,,1,1,1,,,,,1
Isoetaceae,Isoetes orcuttii,,,,,,,,,,1,
Juglandaceae,Juglans californica,,,,,,,,,,,1
Juglandaceae,Juglans regia,,,,,,,,,,,
Juncaceae,Juncus acutus subsp. leopoldii,,,,,,,,,,,1
Juncaceae,Juncus balticus,Juncus balticus subsp. ater,,,1,1,,,,,,1
Juncaceae,Juncus balticus subsp. ater,,,,1,1,,,,,,1
Juncaceae,Juncus bufonius,Juncus bufonius var. bufonius,,,1,1,1,1,,1,1,1
Juncaceae,Juncus bufonius var. bufonius,,,,1,1,1,1,,1,1,1
Juncaceae,Juncus effusus,Juncus effusus subsp. pacificus,,,,1,,,,,,
Juncaceae,Juncus effusus subsp. pacificus,,,,,1,,,,,,
Juncaceae,Juncus mexicanus,,,,1,1,1,,,,,1
Juncaceae,Juncus patens,,,,,1,1,,,,1,
Juncaceae,Juncus phaeocephalus,,,,,,,,,,,
Juncaceae,Juncus phaeocephalus var. phaeocephalus,,,,,1,,,,,,
Juncaceae,Juncus textilis,,,,,,,,,,,1
Juncaceae,Juncus xiphioides,,,,,,1,,,,,1
Juncaceae,Luzula spicata,,elim,,,,,,,,,
Juncaceae,Luzula subcongesta,,elim,,,,,,,,,
Juncaceae,Luzula subsessilis,,,,,1,1,,,,,
Lamiaceae,Clinopodium douglasii,,,,1,1,1,,,,,1
Lamiaceae,Lamium amplexicaule,,,,,,1,,,1,,
Lamiaceae,Lepechinia fragrans,,,,,1,1,,,,,1
Lamiaceae,Marrubium vulgare,,,,1,1,1,,,1,1,1
Lamiaceae,Mentha spicata,,,,,,1,,,,,1
Lamiaceae,Nepeta cataria,,elim,,,,,,,,,
Lamiaceae,Salvia apiana,,,,,,,,,,,1
Lamiaceae,Salvia brandegeei,,,,,1,,,,,,
Lamiaceae,Salvia columbariae,,,,,1,1,,,,1,1
Lamiaceae,Salvia leucophylla,,,,,,1,,,,,
Lamiaceae,Salvia mellifera,,,,1,,1,1,,,1,1
Lamiaceae,Scutellaria tuberosa,,,,,1,1,,,,,
Lamiaceae,Stachys ajugoides,,,,1,,,,,,,
Lamiaceae,Stachys bullata,,,,,1,1,1,,,,
Lamiaceae,Trichostema lanceolatum,,,,,,,,,,,1
Liliaceae,Calochortus albus,,,,,1,1,,,,,1
Liliaceae,Calochortus catalinae,,,,,1,1,,,,,1
Liliaceae,Calochortus luteus,,,,,1,1,,,,,
Liliaceae,Calochortus splendens,,,,,,,,,,,1
Liliaceae,Calochortus venustus,,,,,,,,,,,1
Liliaceae,Lilium humboldtii,Lilium humboldtii subsp. ocellatum,,,,1,1,1,,,,
Liliaceae,Lilium humboldtii subsp. ocellatum,,,,,1,1,1,,,,
Linaceae,Hesperolinon micranthum,,,,,,,,,,,1
Loasaceae,Mentzelia affinis,,,,,,1,,,1,1,1
Loasaceae,Mentzelia micrantha,,,,,1,1,,,,1,1
Lythraceae,Ammannia robusta,,,,,,,,,,,1
Lythraceae,Lythrum californicum,,,,,,1,,,,,
Lythraceae,Lythrum hyssopifolia,,,,,1,1,,,1,,1
Malvaceae,Eremalche exilis,,,,,,1,,1,,1,1
Malvaceae,Malacothamnus clementinus,,,,,,,,,,1,
Malvaceae,Malacothamnus fasciculatus,,,assign by island,,,,,,,,
Malvaceae,Malacothamnus fasciculatus var. catalinensis,,,assign by island,,,,,,,,1
Malvaceae,Malacothamnus fasciculatus var. nesioticus,,,assign by island,,,1,,,,,
Malvaceae,Malva arborea,,,,,,,1,,,,
Malvaceae,Malva assurgentiflora,,,assign by island,,,,,,,,
Malvaceae,Malva assurgentiflora subsp. assurgentiflora,Malva assurgentiflora,,assign by island,1,1,1,1,,,,
Malvaceae,Malva assurgentiflora subsp. glabra,Malva assurgentiflora,,assign by island,,,,,,,1,1
Malvaceae,Malva nicaeensis,,,,,1,1,,,,,1
Malvaceae,Malva parviflora,,,,1,1,1,1,1,1,1,1
Malvaceae,Malva pseudolavatera,,,,1,1,,1,,1,1,1
Malvaceae,Malva sylvestris,,elim,,,,,,,,,
Malvaceae,Malvella leprosa,,,,,1,,,,,1,1
Malvaceae,Sidalcea malviflora,Sidalcea malviflora subsp. malviflora,,,1,1,1,,,,,
Malvaceae,Sidalcea malviflora subsp. malviflora,,,,1,1,1,,,,,
Melanthiaceae,Toxicoscordion fremontii,,,,1,1,1,1,,,,
Montiaceae,Calandrinia breweri,,,,,1,1,,,,,
Montiaceae,Calandrinia menziesii,,,,1,1,1,1,1,1,1,1
Montiaceae,Calyptridium monandrum,,,,,,1,,,,,
Montiaceae,Cistanthe maritima,,,,,1,1,1,1,1,1,1
Montiaceae,Claytonia parviflora subsp. parviflora,,,,1,,1,,1,1,,1
Montiaceae,Claytonia perfoliata,,,,,,,,,,,
Montiaceae,Claytonia perfoliata subsp. mexicana,,,,1,1,1,1,1,1,1,1
Montiaceae,Claytonia perfoliata subsp. perfoliata,,,,1,1,1,,,,1,1
Montiaceae,Montia fontana,,,,,,1,,,,,1
Moraceae,Ficus carica,,,,1,,1,,,,1,1
Myrsinaceae,Lysimachia arvensis,,,,1,1,1,1,1,1,1,1
Myrtaceae,Eucalyptus camaldulensis,,,,,1,1,,,,,1
Myrtaceae,Eucalyptus cladocalyx,,,,,,,,,,,1
Myrtaceae,Eucalyptus globulus,,,,,1,1,1,,1,1,1
Myrtaceae,Eucalyptus polyanthemos,,,,,,,,,,,1
Myrtaceae,Eucalyptus sideroxylon,,,,,,1,,,,,
Myrtaceae,Eucalyptus tereticornis,,,,,1,1,,,,,
Namaceae,Eriodictyon traskiae,Eriodictyon traskiae subsp. traskiae,,,,,,,,,,1
Namaceae,Eriodictyon traskiae subsp. traskiae,,,,,,,,,,,1
Namaceae,Nama stenocarpa,,,,,,,,,,1,
Nyctaginaceae,Abronia latifolia,,,,1,,,,,,,
Nyctaginaceae,Abronia maritima,,,,1,1,1,1,,1,1,1
Nyctaginaceae,Abronia umbellata,Abronia umbellata var. umbellata,,,1,1,1,,,1,1,1
Nyctaginaceae,Abronia umbellata var. umbellata,,,,1,1,1,,,1,1,1
Nyctaginaceae,Mirabilis laevis var. crassifolia,,,,,1,1,1,1,,1,1
Oleaceae,Fraxinus uhdei,,,,,,,,,,,1
Oleaceae,Olea europaea,,,,,,1,1,1,,,
Onagraceae,Camissonia strigulosa,,,,,1,,,,,,
Onagraceae,Camissoniopsis cheiranthifolia,,,assign by island,,,,,,,,
Onagraceae,Camissoniopsis cheiranthifolia subsp. cheiranthifolia,,,assign by island,1,1,1,,1,1,1,
Onagraceae,Camissoniopsis cheiranthifolia subsp. suffruticosa,,,assign by island,,,,,,1,,
Onagraceae,Camissoniopsis guadalupensis subsp. clementina,,,assign by island,,,,,,,1,
Onagraceae,Camissoniopsis hirtella,,,,,,1,,,,,
Onagraceae,Camissoniopsis ignota,,,,,1,1,,,,,
Onagraceae,Camissoniopsis intermedia,,,,1,,1,,,,,1
Onagraceae,Camissoniopsis micrantha,,,,1,1,1,1,,,1,1
Onagraceae,Camissoniopsis robusta,,,,1,,1,,,,1,1
Onagraceae,Clarkia davyi,,,,,1,1,,,,,
Onagraceae,Clarkia epilobioides,,,,,1,1,1,,,1,1
Onagraceae,Clarkia prostrata,,,,,1,,,,,,
Onagraceae,Clarkia purpurea subsp. quadrivulnera,,,,,1,1,,,,,1
Onagraceae,Clarkia unguiculata,,,,,,1,,,,,1
Onagraceae,Epilobium brachycarpum,,,,,,1,,,,1,1
Onagraceae,Epilobium canum,Epilobium canum subsp. canum,,,1,1,1,1,,,1,1
Onagraceae,Epilobium canum subsp. canum,,,,1,1,1,1,,,1,1
Onagraceae,Epilobium ciliatum subsp. ciliatum,,,,1,,1,,,,,1
Onagraceae,Eulobus californicus,,,,,1,1,,,,,1
Onagraceae,Ludwigia peploides,Ludwigia peploides subsp. peploides,,,,,1,,,,,1
Onagraceae,Ludwigia peploides subsp. peploides,,,,,,1,,,,,1
Onagraceae,Oenothera elata,Oenothera elata subsp. hirsutissima,,,,,1,,,,,
Onagraceae,Oenothera elata subsp. hirsutissima,,,,,,1,,,,,
Onagraceae,Oenothera sinuosa,,,,,,,,,,,1
Ophioglossaceae,Ophioglossum californicum,,,,,,1,,,,,1
Orchidaceae,Epipactis gigantea,,,,,,1,,,,,1
Orchidaceae,Piperia cooperi,,,,,,,,,,1,1
Orchidaceae,Piperia elegans,,,,,,,,,,,
Orchidaceae,Piperia elongata,,,,,1,1,,,,,1
Orchidaceae,Piperia michaelii,,,,,,1,,,,,
Orchidaceae,Piperia unalascensis,,,,,,,,,,,1
Orobanchaceae,Aphyllon fasciculatum,,,,,1,,,,,,
Orobanchaceae,Aphyllon parishii subsp. brachylobum,,,,,,,,,,,
Orobanchaceae,Aphyllon tuberosum,,,,,1,1,,,,,1
Orobanchaceae,Castilleja affinis subsp. affinis,,,,1,1,1,1,,,,1
Orobanchaceae,Castilleja densiflora,,,,1,1,1,,,1,,
Orobanchaceae,Castilleja densiflora subsp. densiflora,Castilleja densiflora,,,1,1,1,,,1,,
Orobanchaceae,Castilleja densiflora subsp. gracilis,Castilleja densiflora,,,1,1,1,,,1,,
Orobanchaceae,Castilleja exserta subsp. exserta,,,,1,1,1,,,,,1
Orobanchaceae,Castilleja foliolosa,,,,,,,,,,,1
Orobanchaceae,Castilleja grisea,,,,,,,,,,1,
Orobanchaceae,Castilleja hololeuca,,,,1,1,1,1,,,,
Orobanchaceae,Castilleja mollis,,,,1,1,,,,,,
Orobanchaceae,Kopsiopsis strobilacea,,,,,1,,,,,,
Oxalidaceae,Oxalis articulata subsp. rubra,,,,,1,,,,,,1
Oxalidaceae,Oxalis californica,,,,,,1,,,,,1
Oxalidaceae,Oxalis corniculata,,,,,,1,,,1,1,1
Oxalidaceae,Oxalis pes-caprae,,,,1,,1,,,1,1,1
Papaveraceae,Dendromecon harfordii,,,,,1,1,,,,1,1
Papaveraceae,Dendromecon rigida,,,,,,1,,,,,
Papaveraceae,Eschscholzia caespitosa,,,,,,,,,,,
Papaveraceae,Eschscholzia californica,,,,1,1,1,,,1,1,1
Papaveraceae,Eschscholzia ramosa,,,,,1,1,1,1,1,1,1
Papaveraceae,Meconella denticulata,,,,,,1,,,,,
Papaveraceae,Papaver californicum,,,,,1,1,,,,,1
Papaveraceae,Papaver heterophyllum,,,,1,1,1,1,1,,1,1
Papaveraceae,Papaver somniferum,,,,,,1,,,,,
Papaveraceae,Platystemon californicus,,,,1,1,1,1,1,1,,1
Papaveraceae,Romneya coulteri,,,,,,,,,,,1
Phrymaceae,Diplacus aurantiacus,,,,,,,,,,,
Phrymaceae,Diplacus longiflorus,,,,,1,1,,,,,
Phrymaceae,Diplacus parviflorus,,,,1,1,1,1,,,1,
Phrymaceae,Diplacus puniceus,,,,,,,,,,,1
Phrymaceae,Diplacus traskiae,,,,,,,,,,,1
Phrymaceae,Erythranthe cardinalis,,,,,,1,,,,,1
Phrymaceae,Erythranthe floribunda,,,,,1,,,,,1,1
Phrymaceae,Erythranthe guttata ,,,,,1,1,,,,1,1
Phrymaceae,Erythranthe nasuta,,,,,,1,,,,,
Pinaceae,Pinus canariensis,,,,,,,,,,,1
Pinaceae,Pinus halepensis,,,,,,,,,,,1
Pinaceae,Pinus muricata,Pinus muricata var. muricata,,,,1,1,,,,,1
Pinaceae,Pinus muricata var. muricata,,,,,1,1,,,,,1
Pinaceae,Pinus pinea,,,,,,1,,,,,
Pinaceae,Pinus radiata,,,,1,,,,,,,
Pinaceae,Pinus torreyana,Pinus torreyana subsp. insularis,,,,1,,,,,,
Pinaceae,Pinus torreyana subsp. insularis,,,,,1,,,,,,
Pittosporaceae,Pittosporum undulatum,,,,,,,,,,,1
Plantaginaceae,Antirrhinum kelloggii,,,,,,1,,,,,1
Plantaginaceae,Antirrhinum nuttallianum,Antirrhinum nuttallianum subsp. subsessile,,,1,1,1,1,,,1,1
Plantaginaceae,Antirrhinum nuttallianum subsp. nuttallianum,,elim,,,,,,,,,
Plantaginaceae,Antirrhinum nuttallianum subsp. subsessile,,,,1,1,1,1,,,1,1
Plantaginaceae,Antirrhinum thompsonii,,,,,1,1,,,,,
Plantaginaceae,Callitriche marginata,,,,,,,,,,1,1
Plantaginaceae,Callitriche stagnalis,,elim,,,,,,,,,
Plantaginaceae,Collinsia heterophylla var. heterophylla,,,,,1,,,,,1,1
Plantaginaceae,Gambelia speciosa,,,,,,,,1,,1,1
Plantaginaceae,Keckiella cordifolia,,,,,1,1,1,,,1,1
Plantaginaceae,Kickxia elatine,,,,,,,,,,,1
Plantaginaceae,Linaria bipartita,,,,,,,,,,,
Plantaginaceae,Nuttallanthus texanus,,,,1,1,1,1,,,1,1
Plantaginaceae,Plantago coronopus,,,,1,,,1,,1,1,1
Plantaginaceae,Plantago elongata,,,,1,1,1,,,1,,
Plantaginaceae,Plantago erecta,,,,,1,1,1,,1,1,1
Plantaginaceae,Plantago lanceolata,,,,1,1,1,,,,1,1
Plantaginaceae,Plantago major,,,,,,1,,,1,,1
Plantaginaceae,Plantago maritima,,,,,1,,,,,,
Plantaginaceae,Plantago ovata var. insularis,,,,,1,1,1,1,1,1,1
Plantaginaceae,Plantago subnuda,,,,,1,1,,,,,
Plantaginaceae,Veronica anagallis-aquatica,,,,,,1,,,,,
Plantaginaceae,Veronica arvensis,,,,,,,,,,,1
Plantaginaceae,Veronica peregrina,,elim,,,,,,,,,
Platanaceae,Platanus racemosa,,,,,,1,,,,,1
Plumbaginaceae,Armeria maritima subsp. californica,,,,,1,,,,,,
Plumbaginaceae,Limonium perezii,,,,,,,,,,1,
Plumbaginaceae,Limonium sinuatum,,,,,,,1,,,1,1
Poaceae,Aegilops cylindrica,,,,1,,,,,,,1
Poaceae,Agrostis exarata,,,,,,1,,,,,
Poaceae,Agrostis pallens,,,,,1,1,,,,,1
Poaceae,Agrostis stolonifera,,,,,1,,1,,,,1
Poaceae,Aira caryophyllea,,,,,,,,,,,1
Poaceae,Ammophila arenaria,,,,,,,,,1,,
Poaceae,Andropogon glomeratus var. scabriglumis,,,,,,1,,,,,1
Poaceae,Aristida adscensionis,,,,,1,1,,,,1,1
Poaceae,Aristida ternipes var. gentilis,,,,,,1,,,,,
Poaceae,Arundo donax,,,,,1,1,,,1,,1
Poaceae,Avena barbata,,,,1,1,1,1,1,1,1,1
Poaceae,Avena fatua,,,,1,1,1,1,1,1,1,1
Poaceae,Avena sativa,,,,,1,1,,,,1,1
Poaceae,Bothriochloa barbinodis,,,,,,,,,,,1
Poaceae,Brachypodium distachyon,,,,,,1,,,1,1,1
Poaceae,Briza minor,,,,,,,1,,,,1
Poaceae,Bromus arizonicus,,,,1,1,1,1,1,1,1,1
Poaceae,Bromus berteroanus,,,,1,1,1,1,1,1,1,1
Poaceae,Bromus catharticus,,,,,,1,,,1,1,1
Poaceae,Bromus diandrus,,,,1,1,1,1,1,1,1,1
Poaceae,Bromus hordeaceus,,,,1,1,1,1,1,1,1,1
Poaceae,Bromus maritimus,,,,1,1,1,1,,,,
Poaceae,Bromus pseudolaevipes,,,,,1,1,,,,,1
Poaceae,Bromus rubens,,,,1,1,1,1,1,1,1,1
Poaceae,Bromus sitchensis var. carinatus,,,,1,1,1,1,,1,1,1
Poaceae,Bromus sitchensis var. marginatus,,elim,,,,,,,,,
Poaceae,Bromus sterilis,,,,,,,,,,,1
Poaceae,Calamagrostis rubescens,,,,,,1,,,,,
Poaceae,Chloris virgata,,,,,,,,,,1,1
Poaceae,Cortaderia selloana,,,,1,1,1,,,1,,1
Poaceae,Crypsis aculeata,,elim,,,,,,,,,
Poaceae,Crypsis schoenoides,,,,,,,,,,1,1
Poaceae,Crypsis vaginiflora,,,,,,,,,,,1
Poaceae,Cynodon dactylon,,,,1,1,1,1,1,1,1,1
Poaceae,Dactylis glomerata,,,,,,1,,,,1,1
Poaceae,Dactyloctenium aegyptium,,,,,,,,,,,1
Poaceae,Danthonia californica,,,,,1,,,,,,
Poaceae,Deschampsia atropurpurea,,elim,,,,,,,,,
Poaceae,Deschampsia danthonioides,,,,,,,,,,1,
Poaceae,Desmazeria rigida,,,,,,,,,,,1
Poaceae,Distichlis littoralis,,,,,1,,,,,,1
Poaceae,Distichlis spicata,,,,1,1,1,1,,1,1,1
Poaceae,Echinochloa crus-galli,,,,,,,,,,1,1
Poaceae,Ehrharta calycina,,,,,,,,,,1,1
Poaceae,Ehrharta erecta,,,,,,1,,,,,1
Poaceae,Elymus condensatus,,,,1,1,1,1,,1,1,1
Poaceae,Elymus glaucus subsp. glaucus,,,,,1,1,,,,,1
Poaceae,Elymus multisetus,,,,,,,,,,,1
Poaceae,Elymus pacificus,,,,1,1,,,,1,,
Poaceae,Elymus repens,,,,1,,,,,,,
Poaceae,Elymus tritcoides,Elymus triticoides,,,1,1,1,1,,1,,1
Poaceae,Elymus triticoides,,,,1,1,1,1,,1,,1
Poaceae,Festuca arundinacea,,,,1,1,1,,,1,1,1
Poaceae,Festuca bromoides,,,,1,1,1,1,1,1,1,1
Poaceae,Festuca microstachys,,,,1,1,1,1,,,1,1
Poaceae,Festuca myuros,,,,1,1,1,1,1,1,1,1
Poaceae,Festuca octoflora,,,,1,1,1,1,1,1,1,1
Poaceae,Festuca perennis,,,,1,1,1,1,1,1,1,1
Poaceae,Festuca temulenta,,,,1,1,1,1,1,1,1,1
Poaceae,Gastridium phleoides,,,,,1,1,,,,1,1
Poaceae,Hainardia cylindrica,,,,1,1,1,,,,1,1
Poaceae,Hordeum brachyantherum,Hordeum brachyantherum subsp. californicum,,,1,1,1,1,,1,,1
Poaceae,Hordeum brachyantherum subsp. californicum,,,,1,1,1,1,,1,,1
Poaceae,Hordeum depressum,,,,,,1,,,,,
Poaceae,Hordeum intercedens,,,,1,1,1,1,1,1,1,1
Poaceae,Hordeum marinum,Hordeum marinum subsp. gussoneanum,,,,1,1,,,1,1,1
Poaceae,Hordeum marinum subsp. gussoneanum,,,,,1,1,,,1,1,1
Poaceae,Hordeum murinum,,,,,,,,,,,
Poaceae,Hordeum murinum subsp. glaucum,,,,1,1,1,1,1,1,1,1
Poaceae,Hordeum murinum subsp. leporinum,,,,1,1,1,1,1,1,1,1
Poaceae,Hordeum murinum subsp. murinum,,,,,,,,,,,
Poaceae,Hordeum vulgare,,,,,1,1,,,1,1,1
Poaceae,Koeleria gerardii,,,,,,1,,,,1,
Poaceae,Koeleria macrantha,,,,1,1,1,,,,,
Poaceae,Lamarckia aurea,,,,1,1,1,1,1,1,1,1
Poaceae,Leptochloa fusca subsp. uninervia,,,,,,,,,,,
Poaceae,Melica imperfecta,,,,1,1,1,1,1,1,1,1
Poaceae,Muhlenbergia appressa,,,,,,,,,,,
Poaceae,Muhlenbergia microsperma,,,,1,1,1,1,1,1,1,1
Poaceae,Panicum capillare,,,,,,,,,,,1
Poaceae,Parapholis incurva,,,,1,1,1,1,1,1,1,1
Poaceae,Paspalum dilatatum,,,,,,,,,,1,1
Poaceae,Paspalum distichum,,,,,,1,,,,,1
Poaceae,Pennisetum clandestinum,,,,1,1,1,1,,1,,1
Poaceae,Phalaris aquatica,,,,,,,,,,1,1
Poaceae,Phalaris canariensis,,,,,1,1,,,1,,1
Poaceae,Phalaris caroliniana,,,,,,1,,1,1,1,1
Poaceae,Phalaris lemmonii,,,,1,1,,,,,1,1
Poaceae,Phalaris minor,,,,1,1,1,1,1,1,1,1
Poaceae,Phalaris paradoxa,,,,,,1,1,,1,1,1
Poaceae,Poa annua,,,,1,1,1,1,1,1,1,1
Poaceae,Poa douglasii,,,,1,1,,,,,,
Poaceae,Poa howellii,,,,,,1,,,,,
Poaceae,Poa palustris,,,,,,,,,,,
Poaceae,Poa secunda subsp. secunda,,,,,1,1,1,,1,1,1
Poaceae,Poa thomasii,,,,,,,,,,1,1
Poaceae,Polypogon interruptus,,,,1,1,1,,,,1,1
Poaceae,Polypogon monspeliensis,,,,1,1,1,1,1,1,1,1
Poaceae,Polypogon viridis,,,,,1,1,1,1,,1,1
Poaceae,Schismus arabicus,,,,,,1,,1,1,1,1
Poaceae,Schismus barbatus,,,,,,1,,1,,1,1
Poaceae,Stenotaphrum secundatum,,,,,,,,,1,,
Poaceae,Stipa cernua,,,,1,1,1,1,,1,1,1
Poaceae,Stipa diegoensis,,,,1,1,1,1,,1,,
Poaceae,Stipa lepida,,,,1,1,1,1,1,1,1,1
Poaceae,Stipa miliacea var. miliacea,,,,1,1,1,1,,1,1,1
Poaceae,Stipa pulchra,,,,1,1,1,1,1,1,1,1
Poaceae,Stipa speciosa,,elim,,,,,,,,,
Poaceae,Stipa tenuissima,,,,,,,,,,,1
Poaceae,Triticum aestivum,,,,,,,,,1,,1
Polemoniaceae,Allophyllum glutinosum,,,,,,,,,,,1
Polemoniaceae,Eriastrum filifolium,,,,,,1,,,,1,1
Polemoniaceae,Gilia achilleifolia subsp. multicaulis,,,,,1,,,1,,,
Polemoniaceae,Gilia angelensis,,,,,,1,,,,,1
Polemoniaceae,Gilia capitata subsp. abrotanifolia ,,,,,,1,,,,,1
Polemoniaceae,Gilia clivorum,,,,1,1,1,1,,,,1
Polemoniaceae,Gilia nevinii,,,,,1,1,1,1,1,1,1
Polemoniaceae,Gilia tenuiflora subsp. hoffmannii,,,,,1,,,,,,
Polemoniaceae,Leptosiphon bicolor,,,,,1,1,,,,1,1
Polemoniaceae,Leptosiphon parviflorus,,,,1,1,1,,,,,1
Polemoniaceae,Leptosiphon pygmaeus subsp. pygmaeus,,,,,,,,,,1,
Polemoniaceae,Linanthus dianthiflorus,,,,,,1,,,,,1
Polemoniaceae,Navarretia atractyloides,,,,,1,1,,,,1,1
Polemoniaceae,Navarretia hamata,Navarretia hamata subsp. leptantha,,,,,1,,,,1,1
Polemoniaceae,Navarretia hamata subsp. leptantha,,,,,,1,,,,1,1
Polygalaceae,Polygala californica,,,,,,1,,,,,
Polygonaceae,Chorizanthe leptotheca,,elim,,,,,,,,,
Polygonaceae,Chorizanthe staticoides,,,,,,,,,,,1
Polygonaceae,Chorizanthe wheeleri,,,,,1,1,,,,,
Polygonaceae,Eriogonum arborescens,,,,,1,1,1,,,,
Polygonaceae,Eriogonum cinereum,,,,,1,,,,1,,
Polygonaceae,Eriogonum fasciculatum,,,,,,,,,1,,1
Polygonaceae,Eriogonum fasciculatum var. fasciculatum,Eriogonum fasciculatum,,,,,,,,,,1
Polygonaceae,Eriogonum fasciculatum var. polifolium,Eriogonum fasciculatum,,,,,,,,1,,
Polygonaceae,Eriogonum giganteum,,,assign by island,,,,,,,,
Polygonaceae,Eriogonum giganteum var. compactum,,,assign by island,,,,,1,,,
Polygonaceae,Eriogonum giganteum var. formosum,,,assign by island,,,,,,,1,
Polygonaceae,Eriogonum giganteum var. giganteum,,,assign by island,,,1,,,,,1
Polygonaceae,Eriogonum grande,,,assign by island,,,,,,,,
Polygonaceae,Eriogonum grande var. grande,,,assign by island,,,1,1,,,1,1
Polygonaceae,Eriogonum grande var. rubescens,,,assign by island,1,1,1,1,,,,
Polygonaceae,Eriogonum grande var. timorum,,,assign by island,,,,,,1,,
Polygonaceae,Lastarriaea coriacea,,,,,1,1,,,,,1
Polygonaceae,Persicaria lapathifolia,,,,,,1,,,,,
Polygonaceae,Polygonum argyrocoleon,,,,,,1,,,1,1,1
Polygonaceae,Polygonum aviculare,,,,,1,1,1,,1,1,1
Polygonaceae,Pterostegia drymarioides,,,,1,1,1,1,1,1,1,1
Polygonaceae,Rumex acetosella,,,,,1,1,,,,,
Polygonaceae,Rumex conglomeratus,,,,,1,1,,,,1,1
Polygonaceae,Rumex crispus,,,,1,1,1,1,,1,1,1
Polygonaceae,Rumex obtusifolius,,,,,,,,,1,,
Polygonaceae,Rumex pulcher,,,,,,1,,,,,
Polygonaceae,Rumex salicifolius,,,,1,1,1,,,1,1,1
Polypodiaceae,Polypodium californicum,,,,,1,1,1,1,1,1,1
Polypodiaceae,Polypodium scouleri,,,,,,1,,,,,
Portulacaceae,Portulaca oleracea,,,,,,1,,,,,1
Potamogetonaceae,Potamogeton crispus,,,,,,,,,,,1
Potamogetonaceae,Potamogeton foliosus subsp. foliosus,,,,,,,,,,1,1
Potamogetonaceae,Stuckenia pectinata,,,,,1,1,,,,1,1
Primulaceae,Primula clevelandii var. insularis,,,,,,,,,,,
Pteridaceae,Adiantum aleuticum,,,,,,1,,,,,
Pteridaceae,Adiantum capillus-veneris ,,,,,1,1,1,,,,1
Pteridaceae,Adiantum jordanii ,,,,1,1,1,1,,1,1,1
Pteridaceae,Aspidotis californica,,,,,,1,,,,,1
Pteridaceae,Myriopteris clevelandii ,,,,,1,1,,,,,
Pteridaceae,Myriopteris cooperae ,,,,,,1,,,,,
Pteridaceae,Myriopteris newberryi,,,,,,,,,,1,
Pteridaceae,Notholaena californica,,,,,,,,,,,1
Pteridaceae,Pellaea andromedifolia ,,,,1,1,1,1,,1,1,1
Pteridaceae,Pellaea mucronata var. mucronata,,,,,1,1,,,,1,1
Pteridaceae,Pentagramma triangularis ,,,,1,1,1,1,,1,1,1
Pteridaceae,Pentagramma viscosa,,,,,1,1,,,,1,1
Ranunculaceae,Clematis lasiantha,,,,,,1,,,,,
Ranunculaceae,Clematis ligusticifolia,,,,,1,1,,,,,1
Ranunculaceae,Clematis pauciflora,,,,,,1,,,,,
Ranunculaceae,Delphinium parryi,,,assign by island,,,,,,,,
Ranunculaceae,Delphinium parryi subsp. maritimum,,,assign by island,1,1,1,1,,,,1
Ranunculaceae,Delphinium parryi subsp. parryi,,,assign by island,,,1,,,,,1
Ranunculaceae,Delphinium variegatum,,,,,,,,,,,
Ranunculaceae,Delphinium variegatum subsp. kinkiense,,,,,,,,,,1,
Ranunculaceae,Delphinium variegatum subsp. thornei,,,,,,,,,,1,
Ranunculaceae,Ranunculus californicus,Ranunculus californicus var. cuneatus,,,1,1,1,,,,,
Ranunculaceae,Ranunculus californicus var. cuneatus,,,,1,1,1,,,,,
Ranunculaceae,Ranunculus hebecarpus,,,,,,1,,,,,1
Resedaceae,Oligomeris linifolia,,,,1,1,1,1,1,1,1,1
Resedaceae,Reseda odorata,,,,,,,,,,,
Rhamnaceae,Ceanothus arboreus,,,,,1,1,,,,,1
Rhamnaceae,Ceanothus crassifolius,,elim,,,,,,,,,
Rhamnaceae,Ceanothus megacarpus,,elim,,,,,,,,,
Rhamnaceae,Ceanothus megacarpus var. insularis,,,,,1,1,1,,,1,1
Rhamnaceae,Ceanothus megacarpus var. megacarpus,,,,,,1,1,,,1,1
Rhamnaceae,Frangula californica,Frangula californica subsp. californica,,,,,1,,,,,
Rhamnaceae,Frangula californica subsp. californica,,,,,,1,,,,,
Rhamnaceae,Rhamnus pirifolia,,,,,1,1,,,,1,1
Rosaceae,Adenostoma fasciculatum,,,,,,,,,,,
Rosaceae,Adenostoma fasciculatum var. fasciculatum,,,,,1,1,,,,1,1
Rosaceae,Adenostoma fasciculatum var. prostratum,,,,,1,1,,,,,1
Rosaceae,Aphanes arvensis,,elim,,,,,,,,,
Rosaceae,Aphanes occidentalis,,,,,1,1,,,,1,1
Rosaceae,Cercocarpus betulioides var blancheae,Cercocarpus betuloides var. blancheae,,,,1,1,,,,,1
Rosaceae,Cercocarpus betuloides,,,,,,,,,,,
Rosaceae,Cercocarpus betuloides var. blancheae,,,,,1,1,,,,,1
Rosaceae,Cercocarpus traskiae,,,,,,,,,,,1
Rosaceae,Cotoneaster pannosus,,,,,,,,,,,1
Rosaceae,Drymocallis glandulosa var. wrangelliana,,,,,,,,,,,1
Rosaceae,Heteromeles arbutifolia,,,,1,1,1,1,,1,1,1
Rosaceae,Holodiscus discolor var. discolor,,,,,,1,,,,,1
Rosaceae,Lyonothamnus floribundus,,,assign by island,,,,,,,,
Rosaceae,Lyonothamnus floribundus subsp. aspleniifolius,,,assign by island,,,1,,,,1,
Rosaceae,Lyonothamnus floribundus subsp. floribundus,,,assign by island,,,,,,,,1
Rosaceae,Potentilla anserina subsp. pacifica,,,,1,,1,,,,,
Rosaceae,Poterium sanguisorba,,,,,,,,,,,1
Rosaceae,Prunus ilicifolia,Prunus ilicifolia subsp. lyonii,,,,1,1,1,,,1,1
Rosaceae,Prunus ilicifolia subsp. lyonii,,,,,1,1,1,,,1,1
Rosaceae,Rosa californica,,,,,1,1,,,,,1
Rosaceae,Rubus armeniacus,,,,,,,,,,,1
Rosaceae,Rubus ursinus,,,,1,1,1,,,,,1
Rubiaceae,Galium angustifolium,,,assign by island,,,,,,,,
Rubiaceae,Galium angustifolium subsp. angustifolium,,,assign by island,,,,,,,,1
Rubiaceae,Galium angustifolium subsp. foliosum,,,assign by island,,1,1,1,,,,
Rubiaceae,Galium aparine,,,,1,1,1,1,1,1,1,1
Rubiaceae,Galium buxifolium,,,,1,1,1,,,,,
Rubiaceae,Galium californicum,,,,1,1,1,,,,,
Rubiaceae,Galium californicum subsp. flaccidum,,,,,,1,,,,,
Rubiaceae,Galium californicum subsp. miguelense,,,,1,1,,,,,,
Rubiaceae,Galium catalinense,,,assign by island,,,,,,,,
Rubiaceae,Galium catalinense subsp. acrispum,,,assign by island,,,,,,,1,
Rubiaceae,Galium catalinense subsp. catalinense,,,assign by island,,,,,,,,1
Rubiaceae,Galium murale,,,,,,,,,,,1
Rubiaceae,Galium nuttallii,,,,,,,,,,,
Rubiaceae,Galium nuttallii subsp. insulare,,,,,1,1,,,,,1
Rubiaceae,Galium parisiense,,,,,1,,,,,,1
Rubiaceae,Galium porrigens var. porrigens,,,,,1,1,,,,,1
Ruppiaceae,Ruppia maritima,,,,,1,1,,,1,1,1
Salicaceae,Populus fremontii subsp. fremontii,,,,,,1,,,,,1
Salicaceae,Populus trichocarpa,,,,,1,1,,,,,1
Salicaceae,Salix exigua,,,,,1,1,,,1,,1
Salicaceae,Salix gooddingii,,,,,,,,,,1,1
Salicaceae,Salix laevigata,,,,,,1,,,,,1
Salicaceae,Salix lasiandra var. lasiandra,,,,,,1,,,,,
Salicaceae,Salix lasiolepis,,,,1,1,1,1,,1,1,1
Sapindaceae,Acer macrophyllum,,,,,,1,,,,,
Saururaceae,Anemopsis californica,,,,,,1,,,1,1,1
Saxifragaceae,Heuchera maxima,,,,,1,1,1,,,,
Saxifragaceae,Jepsonia malvifolia,,,,,1,1,,,1,1,1
Saxifragaceae,Lithophragma affine,,,,,,,,,,,1
Saxifragaceae,Lithophragma cymbalaria,,,,,1,1,,,,,
Saxifragaceae,Lithophragma maximum,,,,,,,,,,1,
Saxifragaceae,Micranthes californica,,,,,1,1,,,,1,
Scrophulariaceae,Myoporum laetum,,,,,,1,,,1,1,
Scrophulariaceae,Scrophularia californica,,,,,1,,,,,,
Scrophulariaceae,Scrophularia villosa,,,,,,,,,,1,1
Scrophulariaceae,Verbascum thapsus,,,,,,1,,,,,
Selaginellaceae,Selaginella bigelovii,,,,,1,1,1,,,1,1
Solanaceae,Datura wrightii,,,,,1,1,,,,1,1
Solanaceae,Lycium brevipes var. hassei,,,,,,,,,1,1,1
Solanaceae,Lycium californicum,,,,1,1,1,1,1,1,1,1
Solanaceae,Lycium fremontii,,,,,1,,,,,,
Solanaceae,Lycium verrucosum,,,,,,,,,,,
Solanaceae,Lycopersicon esculentum,,,,1,1,1,1,1,1,1,1
Solanaceae,Nicotiana glauca,,,,,,1,,,1,1,1
Solanaceae,Nicotiana quadrivalvis,,,,,,,,,,,1
Solanaceae,Petunia parviflora,,,,,1,,,,,,
Solanaceae,Solanum americanum,,,,,1,,1,,1,1,
Solanaceae,Solanum douglasii,,,,1,1,1,1,1,1,1,1
Solanaceae,Solanum elaeagnifolium,,,,,1,1,,,,,1
Solanaceae,Solanum rostratum,,,,,,,,,,,1
Solanaceae,Solanum wallacei,,,,,1,1,,,,,1
Tamaricaceae,Tamarix aphylla,,,,,1,,,,,,
Tamaricaceae,Tamarix chinensis,,,,,,,,,,1,
Tamaricaceae,Tamarix parviflora,,,,,,,1,,,,1
Tamaricaceae,Tamarix ramosissima,,,,,1,1,,,1,1,1
Themidaceae,Beaucarnea recurvata,,elim,,,,,,,,,
Themidaceae,Bloomeria crocea var. crocea,,,,,1,1,,,,,1
Themidaceae,Brodiaea coronaria,,elim,,,,,,,,1,
Themidaceae,Brodiaea jolonensis,,,,1,1,1,,,,,1
Themidaceae,Brodiaea kinkiensis,,,,,,,,,,1,
Themidaceae,Dipterostemon capitatus,Dipterostemon capitatus subsp. capitatus,,,1,1,1,1,1,1,1,1
Themidaceae,Dipterostemon capitatus subsp. capitatus,,,,1,1,1,1,1,1,1,1
Themidaceae,Triteleia clementina,,,,,,,,,,1,
Themidaceae,Triteleia hyacinthina,,,,,,1,,,,,
Theophrastaceae,Samolus parviflorus,,,,,,1,,,,,
Tropaeolaceae,Tropaeolum majus,,,,,,,,1,,1,1
Typhaceae,Typha angustifolia,,,,,,,,,,1,
Typhaceae,Typha domingensis,,,,1,1,1,,,1,1,1
Typhaceae,Typha latifolia,,,,,,1,,,1,1,1
Ulmaceae,Ulmus xhollandica,,,,,,1,,,,,
Urticaceae,Hesperocnide tenella,,,,,1,1,,1,,1,1
Urticaceae,Parietaria hespera,Parietaria hespera var. californica,,,1,1,1,,,,1,1
Urticaceae,Parietaria hespera var. californica,,,,1,1,1,,,,1,1
Urticaceae,Parietaria hespera var. hespera,,,,,,,,1,,,1
Urticaceae,Soleirolia soleirolii,,,,,,,,,1,1,1
Urticaceae,Urtica dioica,,elim,,,,,,,,,1
Urticaceae,Urtica dioica subsp. gracilis,,,,,1,1,1,,,,
Urticaceae,Urtica dioica subsp. holosericea,,,,,,1,1,,,,1
Urticaceae,Urtica urens,,,,1,1,1,,,,,1
Valerianaceae,Centranthus ruber,,,,,,1,,,,,1
Valerianaceae,Plectritis ciliosa,,,,,,1,,,,,
Verbenaceae,Phyla nodiflora,,,,,,1,,,,1,1
Verbenaceae,Verbena bracteata,,,,,1,,,,,1,1
Verbenaceae,Verbena lasiostachys,,elim,,,,,,,,,
Verbenaceae,Verbena lasiostachys var. lasiostachys,,,,1,,,,,1,1,1
Verbenaceae,Verbena lasiostachys var. scabrida,,,,,1,1,,,,,1
Violaceae,Viola pedunculata,,,,,1,1,,,,1,1
Vitaceae,Vitis girdiana,,,,,,,,,,,1
Woodsiaceae,Cystopteris fragilis,,,,,,1,,,,,
Zannichelliaceae,Zannichellia palustris,,,,,,1,,,,,1
Zosteraceae,Phyllospadix scouleri,,,,1,,1,1,1,1,1,1
Zosteraceae,Phyllospadix torreyi,,,,1,1,1,1,1,1,1,1
Zosteraceae,Zostera marina,,,,,,,,,,1,1
Zosteraceae,Zostera pacifica,,,,,1,1,1,,1,,1
Zygophyllaceae,Tribulus terrestris,,,,,,,,,,,1
